taskType,dependencyCount,retryCount,workflowSize,previousDuration,actualDuration
EMAIL,0,2,8,6.74,12.68
DATABASE,5,1,3,23.05,36.91
REST,1,1,18,14.75,25.57
REST,0,3,9,5.33,17.11
COMPUTE,2,1,20,8.97,26.44
DATABASE,2,3,17,11.05,31.61
REST,4,2,14,5.8,20.22
EMAIL,3,1,13,17.13,27.3
DATABASE,3,2,18,13.1,31.1
EMAIL,0,1,9,14.91,21.46
DATABASE,2,1,10,2.05,15.76
EMAIL,4,1,14,27.01,37.25
COMPUTE,5,2,15,13.7,36.1
EMAIL,2,2,8,13.09,20.75
FILE,4,1,4,4.37,12.42
COMPUTE,4,3,3,23.38,45.07
EMAIL,0,1,11,21.85,27.44
DATABASE,1,3,11,16.22,33.51
COMPUTE,1,1,7,29.9,42.61
DATABASE,2,2,14,1.39,19.29
DATABASE,0,3,7,3.69,14.89
EMAIL,4,2,5,8.88,21.84
REST,4,3,11,26.61,42.5
FILE,0,2,19,5.92,16.82
EMAIL,4,2,16,3.31,17.28
COMPUTE,0,2,18,29.69,46.53
DATABASE,0,2,10,23.0,36.43
FILE,1,3,3,23.14,32.4
EMAIL,0,1,8,27.38,31.47
REST,2,2,14,19.39,33.5
COMPUTE,4,1,19,11.82,32.44
DATABASE,2,2,4,28.31,42.82
DATABASE,2,0,6,26.1,36.61
DATABASE,4,0,10,13.23,25.33
COMPUTE,0,0,11,13.96,24.01
DATABASE,5,1,12,8.02,27.91
DATABASE,5,3,12,13.19,35.52
COMPUTE,2,3,12,21.68,43.02
COMPUTE,1,1,5,2.4,17.23
COMPUTE,3,0,5,22.64,36.31
REST,1,0,19,9.35,18.93
EMAIL,3,3,9,23.55,38.39
EMAIL,4,2,6,18.12,30.03
COMPUTE,5,3,14,26.14,51.93
EMAIL,0,3,17,1.68,11.83
EMAIL,4,1,6,14.43,23.35
EMAIL,2,3,16,17.71,30.96
DATABASE,5,0,3,5.05,19.31
FILE,2,3,20,25.07,40.01
COMPUTE,3,1,11,22.72,42.25
FILE,3,3,17,26.91,42.77
EMAIL,0,3,7,18.25,26.79
EMAIL,0,3,12,6.13,15.97
REST,2,0,4,29.7,33.99
FILE,5,2,17,23.28,40.19
EMAIL,5,1,18,18.34,31.32
FILE,0,1,15,10.04,17.46
DATABASE,4,3,4,12.35,31.38
FILE,4,1,17,9.41,24.5
COMPUTE,3,2,11,21.91,41.4
REST,5,1,4,15.58,27.45
DATABASE,0,2,8,24.89,36.12
FILE,5,3,17,20.19,37.14
FILE,0,2,10,22.33,29.33
EMAIL,4,0,3,10.93,19.71
REST,5,1,5,22.68,36.95
FILE,1,2,16,13.68,23.26
DATABASE,0,0,13,18.92,27.64
REST,2,0,5,18.8,25.38
FILE,2,1,5,14.26,18.95
DATABASE,0,2,15,22.91,34.98
EMAIL,1,2,18,26.33,35.3
COMPUTE,2,1,18,7.96,27.8
REST,5,1,13,15.41,31.58
EMAIL,1,0,5,25.76,29.15
REST,4,2,13,8.16,24.68
REST,3,0,12,9.77,18.26
FILE,0,2,15,19.41,27.81
DATABASE,3,1,14,7.09,21.75
EMAIL,2,2,6,26.3,34.16
DATABASE,1,3,4,6.12,17.97
DATABASE,1,2,11,20.49,33.69
FILE,1,1,17,12.01,22.47
FILE,5,0,8,17.56,26.33
DATABASE,0,2,17,12.43,26.73
COMPUTE,2,0,11,25.8,39.52
REST,5,3,19,5.45,26.55
REST,3,3,10,29.61,46.38
REST,5,0,4,7.4,18.56
COMPUTE,5,2,20,16.32,40.72
REST,0,0,13,28.73,33.74
FILE,3,0,12,20.49,29.46
EMAIL,3,3,17,29.27,43.16
REST,0,3,14,12.65,23.41
DATABASE,3,0,12,20.36,32.22
DATABASE,5,2,11,5.72,27.25
REST,5,3,3,6.05,23.9
FILE,2,1,12,12.09,22.46
REST,4,0,11,18.93,28.59
EMAIL,0,0,18,11.2,17.77
DATABASE,0,3,20,23.49,40.78
EMAIL,5,2,13,24.93,40.63
EMAIL,5,1,18,1.07,15.08
REST,5,0,16,12.84,26.41
COMPUTE,0,2,7,28.32,41.83
DATABASE,5,2,6,27.72,45.07
EMAIL,4,1,15,2.76,16.34
COMPUTE,0,1,18,4.79,18.91
DATABASE,3,3,3,12.14,26.88
FILE,0,0,3,25.22,26.54
DATABASE,4,2,20,29.21,48.39
COMPUTE,0,1,8,23.63,36.14
DATABASE,4,2,15,24.7,45.72
DATABASE,4,3,14,15.16,35.42
COMPUTE,3,3,6,13.58,35.76
EMAIL,4,3,8,19.16,32.07
REST,3,1,5,11.46,23.04
FILE,4,2,17,23.77,37.21
EMAIL,5,2,15,3.91,20.46
FILE,0,1,12,3.91,11.07
FILE,1,3,17,16.71,28.95
COMPUTE,2,1,18,18.07,35.49
DATABASE,4,0,15,8.92,25.9
FILE,2,1,6,12.76,20.57
EMAIL,2,3,9,9.22,21.84
FILE,3,2,8,26.61,35.78
DATABASE,3,0,15,12.85,28.09
EMAIL,5,1,8,4.25,16.54
FILE,2,0,7,1.59,6.26
COMPUTE,1,0,12,20.23,33.99
DATABASE,3,0,3,23.91,35.73
EMAIL,1,1,11,20.11,25.72
DATABASE,0,0,10,25.42,33.2
DATABASE,3,1,11,5.51,21.6
EMAIL,3,0,8,8.56,13.68
REST,4,3,8,20.93,37.01
FILE,2,1,9,9.91,18.74
COMPUTE,3,2,12,17.78,36.29
REST,0,0,5,8.76,10.47
REST,3,0,11,13.14,24.02
FILE,0,1,16,28.07,33.27
COMPUTE,5,2,7,2.76,23.42
REST,0,0,9,17.11,21.23
COMPUTE,4,0,12,7.61,27.0
COMPUTE,1,0,9,3.37,14.52
COMPUTE,2,2,5,27.75,44.91
FILE,1,3,16,29.44,40.94
REST,0,2,9,23.21,29.96
REST,3,2,6,5.64,17.68
REST,3,1,3,27.39,36.27
FILE,4,1,13,5.84,19.21
FILE,5,2,13,6.54,20.29
COMPUTE,0,3,10,16.63,32.58
COMPUTE,2,2,15,21.49,41.92
DATABASE,3,2,17,14.76,34.31
FILE,0,2,14,22.95,30.88
COMPUTE,3,0,14,8.27,23.21
FILE,5,2,19,14.51,31.01
REST,5,0,6,27.82,39.04
FILE,4,2,16,25.88,40.87
REST,4,3,20,9.05,28.22
EMAIL,3,2,6,27.28,35.99
COMPUTE,3,3,18,26.21,49.92
DATABASE,0,3,10,3.57,19.08
EMAIL,1,0,6,16.98,20.03
REST,2,0,11,14.44,23.47
FILE,4,0,13,24.55,35.51
COMPUTE,5,3,14,21.63,48.56
COMPUTE,5,2,17,7.75,31.92
DATABASE,0,3,14,22.81,37.38
REST,1,2,10,23.34,33.14
EMAIL,1,1,11,1.58,9.58
FILE,3,2,10,17.02,26.66
REST,1,3,19,7.77,23.74
EMAIL,1,3,11,23.15,33.12
FILE,2,2,15,22.01,31.76
FILE,2,1,9,23.95,30.48
COMPUTE,2,1,11,23.07,40.55
DATABASE,5,0,13,6.68,21.66
FILE,5,1,3,19.66,28.27
COMPUTE,4,1,11,25.12,42.44
DATABASE,2,2,20,3.67,20.3
REST,3,0,18,5.35,15.43
COMPUTE,2,3,4,7.69,27.16
EMAIL,4,0,12,24.63,34.13
FILE,0,1,11,5.48,11.25
COMPUTE,5,2,18,17.12,40.66
FILE,4,3,4,26.68,40.24
COMPUTE,2,2,18,3.74,24.81
REST,4,3,14,26.21,42.45
FILE,0,1,13,8.16,12.63
FILE,5,1,3,23.15,33.07
FILE,0,0,5,9.2,11.42
REST,0,0,15,17.86,24.62
EMAIL,0,3,12,28.62,38.7
COMPUTE,4,1,13,25.2,44.39
FILE,4,0,14,16.45,24.88
EMAIL,0,3,13,20.35,30.43
FILE,1,1,9,3.31,9.33
EMAIL,3,1,5,29.79,39.6
EMAIL,3,1,3,5.16,11.08
COMPUTE,0,3,6,9.91,26.37
FILE,3,0,17,1.54,10.34
REST,3,2,5,7.13,17.56
REST,4,1,3,12.25,21.63
FILE,3,3,16,4.27,18.8
EMAIL,1,2,5,7.64,14.15
COMPUTE,4,2,7,22.53,43.92
COMPUTE,0,1,16,9.84,26.02
FILE,2,3,16,27.34,43.06
COMPUTE,2,0,10,6.67,19.03
COMPUTE,4,2,9,28.1,50.0
EMAIL,4,1,15,22.81,37.1
DATABASE,4,2,16,6.66,26.25
COMPUTE,3,2,16,1.17,23.0
EMAIL,2,0,10,8.46,15.39
FILE,5,3,16,11.22,30.01
EMAIL,4,2,8,11.28,22.95
FILE,5,3,8,2.96,18.98
COMPUTE,1,0,15,4.34,17.15
COMPUTE,4,1,16,2.5,22.04
FILE,3,2,4,23.5,34.2
FILE,3,2,8,5.93,18.42
REST,2,3,5,5.42,17.59
DATABASE,2,2,10,4.17,20.99
COMPUTE,5,2,3,1.51,21.01
COMPUTE,2,0,13,5.29,19.33
COMPUTE,5,0,11,8.43,27.13
FILE,0,0,17,13.68,19.05
EMAIL,1,2,19,6.37,15.72
FILE,5,0,14,9.69,20.73
REST,0,3,6,29.53,37.98
COMPUTE,2,2,8,22.97,38.57
REST,0,1,19,13.8,24.83
FILE,4,0,14,14.19,23.73
EMAIL,5,0,8,28.2,37.51
EMAIL,4,1,8,23.25,32.52
DATABASE,5,2,17,19.78,42.59
EMAIL,0,3,8,5.03,12.83
FILE,5,2,18,27.84,42.86
EMAIL,0,0,14,16.19,18.96
EMAIL,1,1,16,21.78,29.53
REST,4,1,14,27.7,40.14
COMPUTE,1,1,4,4.53,16.46
EMAIL,4,1,9,24.51,35.91
DATABASE,2,3,7,11.65,26.8
EMAIL,0,3,18,6.38,17.57
FILE,0,2,19,16.09,24.2
REST,5,2,15,27.39,45.35
FILE,1,2,8,26.85,35.05
FILE,0,0,20,10.03,17.63
REST,5,2,12,11.23,30.33
REST,3,1,20,9.08,24.73
EMAIL,3,1,8,2.04,9.95
DATABASE,1,0,13,17.97,29.21
FILE,0,3,3,8.42,16.56
REST,5,3,7,17.04,36.31
REST,3,3,12,20.89,36.86
EMAIL,4,2,6,18.29,30.67
EMAIL,4,3,17,16.41,33.19
REST,1,0,12,5.44,10.85
DATABASE,5,2,15,24.07,45.24
DATABASE,4,2,4,7.84,22.79
REST,3,1,13,7.2,17.76
FILE,2,3,12,7.39,21.61
COMPUTE,4,2,16,14.05,35.61
COMPUTE,5,2,3,3.81,23.02
FILE,1,2,6,17.03,24.59
COMPUTE,1,1,6,12.26,24.18
DATABASE,1,2,9,27.84,41.34
FILE,5,0,19,20.68,35.29
DATABASE,0,1,7,13.83,24.77
EMAIL,2,2,4,22.09,29.87
COMPUTE,5,3,5,5.82,29.56
REST,2,3,5,7.4,20.69
EMAIL,2,0,12,7.42,14.3
COMPUTE,0,1,5,1.17,11.48
EMAIL,1,3,6,3.87,12.47
FILE,1,1,6,16.71,21.94
EMAIL,2,3,11,29.89,41.02
EMAIL,1,3,16,10.17,21.98
REST,3,1,9,14.25,26.52
DATABASE,4,0,15,13.74,31.17
DATABASE,1,2,6,8.48,19.71
COMPUTE,1,0,3,22.37,31.96
FILE,5,0,12,24.38,33.61
DATABASE,3,1,9,6.4,21.63
COMPUTE,1,2,16,20.32,39.83
DATABASE,0,2,17,1.4,16.68
DATABASE,1,0,20,5.7,19.19
DATABASE,1,3,8,9.16,25.75
REST,0,0,18,28.23,34.73
FILE,0,1,16,23.24,32.01
FILE,2,3,18,12.51,27.72
REST,1,0,11,3.88,9.45
REST,4,3,6,19.8,37.59
REST,3,2,19,18.43,36.39
REST,0,2,13,9.0,18.08
COMPUTE,5,0,6,3.1,21.29
DATABASE,1,1,13,9.3,23.07
REST,1,0,7,20.28,25.06
FILE,1,0,4,5.63,8.1
DATABASE,0,0,16,17.29,25.4
REST,1,1,17,1.34,11.58
EMAIL,0,1,10,25.24,31.08
DATABASE,1,3,3,24.95,37.23
COMPUTE,3,3,9,17.52,39.14
COMPUTE,2,3,14,20.71,42.77
FILE,1,2,5,3.69,10.84
REST,4,0,4,6.2,16.8
EMAIL,5,3,8,6.12,20.17
COMPUTE,1,1,13,3.08,17.96
EMAIL,2,0,14,15.41,23.53
EMAIL,2,3,14,14.82,27.78
FILE,5,0,18,28.16,41.86
EMAIL,3,3,7,4.17,16.39
REST,1,0,17,7.52,14.93
FILE,2,1,17,22.81,34.15
EMAIL,2,1,4,18.47,25.94
REST,5,3,5,11.77,30.61
DATABASE,4,1,20,7.52,27.83
COMPUTE,0,2,10,8.31,23.91
EMAIL,3,1,20,18.6,31.14
COMPUTE,4,0,6,18.43,34.43
EMAIL,2,1,9,21.74,29.81
EMAIL,5,3,14,14.38,33.84
COMPUTE,2,1,6,12.38,26.42
COMPUTE,1,0,6,3.5,12.96
EMAIL,5,1,17,25.31,38.05
DATABASE,4,3,17,9.59,33.28
REST,5,0,18,25.05,38.0
COMPUTE,4,2,12,13.48,36.64
EMAIL,4,3,7,4.75,18.67
EMAIL,1,1,15,4.52,12.78
COMPUTE,1,0,16,18.22,32.85
REST,0,1,7,3.3,9.35
EMAIL,1,3,6,3.93,13.88
REST,4,1,7,6.31,18.07
REST,4,3,6,10.89,27.99
REST,0,0,19,6.97,15.9
EMAIL,4,2,17,7.37,20.92
REST,2,1,5,25.13,31.87
EMAIL,2,2,10,5.83,16.44
EMAIL,5,1,8,23.11,35.28
EMAIL,5,3,9,5.27,22.22
FILE,0,3,5,3.19,8.8
REST,5,3,18,19.98,41.06
FILE,0,1,16,16.12,22.76
EMAIL,3,2,9,24.06,36.55
EMAIL,5,3,7,10.46,24.09
EMAIL,4,1,9,3.0,13.31
FILE,2,2,8,26.61,34.45
EMAIL,3,3,19,23.15,41.31
FILE,1,0,11,15.28,19.06
REST,0,3,5,13.48,22.37
FILE,3,0,12,28.45,35.2
EMAIL,0,1,4,23.43,24.69
REST,1,3,13,6.48,19.32
DATABASE,2,1,18,1.24,15.86
EMAIL,3,1,18,13.08,23.59
REST,2,3,7,19.67,33.45
EMAIL,4,0,3,20.46,25.87
EMAIL,3,1,5,21.22,30.26
COMPUTE,1,1,11,23.32,39.56
REST,2,3,9,4.44,19.77
FILE,3,0,18,3.84,12.29
COMPUTE,0,3,8,8.44,25.92
REST,3,3,14,22.18,37.89
REST,3,2,13,1.16,14.6
EMAIL,4,2,19,24.22,38.53
COMPUTE,5,1,12,6.42,26.51
COMPUTE,0,1,5,1.28,11.47
REST,3,0,3,21.73,28.01
DATABASE,4,3,6,19.09,38.12
COMPUTE,3,2,6,6.66,26.43
FILE,4,0,8,26.71,35.51
DATABASE,0,3,11,26.17,41.7
DATABASE,0,2,16,21.88,34.82
DATABASE,2,3,9,18.31,36.92
DATABASE,4,1,7,8.63,23.18
DATABASE,2,2,11,12.69,29.66
REST,3,3,20,7.59,28.08
REST,4,3,8,28.18,46.57
COMPUTE,0,3,9,11.15,27.24
DATABASE,2,3,3,16.94,30.68
DATABASE,5,0,18,2.83,19.57
EMAIL,1,3,5,26.25,36.54
FILE,3,3,5,23.76,35.49
DATABASE,5,1,15,24.8,42.75
EMAIL,3,1,6,17.82,24.59
COMPUTE,5,3,8,2.57,25.07
REST,2,2,14,21.46,34.67
DATABASE,0,0,8,18.86,26.1
COMPUTE,1,1,7,6.36,21.87
EMAIL,4,0,16,25.45,35.35
EMAIL,3,0,11,13.67,23.36
EMAIL,5,1,6,5.5,15.06
DATABASE,3,1,6,18.51,30.64
FILE,3,1,20,11.06,22.01
FILE,1,3,10,5.75,17.9
FILE,1,1,15,4.66,13.29
REST,2,2,7,7.43,17.25
EMAIL,0,2,13,8.89,17.74
REST,5,3,12,11.24,28.99
FILE,5,3,20,17.05,37.39
REST,5,2,16,10.64,29.41
DATABASE,2,1,3,22.14,33.2
DATABASE,0,1,17,25.25,37.37
DATABASE,4,2,4,12.6,27.43
DATABASE,4,2,8,14.94,31.99
EMAIL,4,2,8,17.45,28.64
EMAIL,3,1,19,10.28,22.49
COMPUTE,4,3,14,13.17,35.5
EMAIL,0,3,10,27.36,38.3
FILE,4,3,10,8.05,24.22
DATABASE,1,0,18,2.48,15.45
DATABASE,1,2,5,20.95,34.93
EMAIL,0,3,20,7.87,18.39
FILE,1,0,4,24.45,25.85
DATABASE,5,2,5,2.97,21.96
EMAIL,4,2,15,18.51,34.78
DATABASE,1,1,6,23.93,34.22
REST,2,0,10,2.01,9.9
REST,3,0,7,9.19,17.02
COMPUTE,2,1,9,19.51,36.13
COMPUTE,2,0,11,14.12,28.92
COMPUTE,4,0,6,10.59,25.91
COMPUTE,4,0,10,16.19,31.64
REST,3,1,6,5.49,16.65
EMAIL,1,3,11,6.89,17.56
COMPUTE,3,2,7,6.42,23.09
EMAIL,2,0,8,12.59,16.2
DATABASE,5,2,20,4.06,26.5
COMPUTE,0,0,9,29.77,39.93
COMPUTE,0,3,5,26.81,41.86
DATABASE,5,3,6,16.84,37.28
COMPUTE,5,1,18,22.65,45.1
FILE,4,3,4,11.84,24.25
FILE,1,1,12,29.6,36.06
DATABASE,0,1,3,14.25,22.45
REST,2,2,18,8.42,23.88
EMAIL,1,3,17,12.5,24.0
REST,1,1,8,29.35,35.93
DATABASE,3,1,12,18.18,31.95
DATABASE,0,1,12,19.93,32.38
DATABASE,1,1,11,19.93,30.0
EMAIL,1,2,12,16.68,23.81
EMAIL,3,2,6,22.97,33.7
FILE,5,1,19,3.4,17.84
FILE,1,2,6,26.51,35.02
DATABASE,0,2,15,7.72,20.45
COMPUTE,0,1,5,13.41,26.66
FILE,5,1,16,22.09,35.07
FILE,4,2,11,5.32,19.22
EMAIL,4,3,19,29.5,46.12
DATABASE,5,2,13,18.19,40.04
EMAIL,0,1,12,11.28,18.47
FILE,0,1,15,28.06,34.99
DATABASE,0,3,13,11.8,27.66
DATABASE,3,1,13,3.28,17.69
REST,1,0,12,26.02,32.84
REST,0,1,6,18.5,23.64
FILE,2,1,11,29.82,36.63
EMAIL,3,2,17,26.43,40.47
REST,5,3,15,17.3,38.64
DATABASE,0,2,9,2.25,13.01
FILE,2,1,7,7.93,15.0
DATABASE,1,0,3,13.98,20.65
FILE,2,3,10,19.35,31.65
COMPUTE,0,0,15,6.46,19.21
EMAIL,5,2,10,27.47,42.19
REST,4,1,9,15.8,28.94
DATABASE,3,0,4,2.1,13.76
FILE,0,1,13,19.77,25.89
COMPUTE,1,3,13,10.5,29.45
DATABASE,3,3,15,14.96,34.28
DATABASE,4,3,18,15.24,37.64
EMAIL,4,2,16,19.05,33.31
EMAIL,0,1,20,29.82,38.59
DATABASE,1,2,3,16.81,27.83
REST,4,2,14,16.59,34.19
COMPUTE,4,1,8,29.92,47.98
EMAIL,4,0,8,12.82,19.29
REST,2,3,10,2.13,15.02
DATABASE,0,1,9,25.58,33.91
COMPUTE,0,0,12,25.5,36.97
DATABASE,5,3,6,17.47,36.93
EMAIL,2,0,9,21.46,28.05
COMPUTE,4,3,4,7.61,29.99
FILE,1,1,4,15.91,20.17
DATABASE,0,3,14,8.99,24.32
EMAIL,2,3,11,5.31,18.78
DATABASE,1,1,10,27.96,39.45
DATABASE,2,1,5,18.99,30.39
FILE,3,0,11,15.04,24.43
EMAIL,1,0,4,28.47,31.63
COMPUTE,0,1,5,8.8,21.72
REST,4,1,16,15.45,28.81
EMAIL,4,2,11,27.44,40.4
FILE,1,1,10,21.43,29.42
REST,5,2,11,10.48,25.92
COMPUTE,4,1,10,2.4,22.31
DATABASE,3,1,19,7.06,23.57
REST,2,2,17,16.92,29.76
REST,2,0,20,27.25,36.68
EMAIL,1,3,11,19.84,29.66
COMPUTE,4,3,8,13.34,36.22
DATABASE,0,1,10,21.72,33.39
EMAIL,2,1,17,16.91,27.21
FILE,5,2,6,23.38,35.68
EMAIL,3,3,15,1.82,15.5
REST,3,3,6,18.54,32.87
DATABASE,0,2,13,20.63,34.0
FILE,2,2,6,2.44,10.56
COMPUTE,1,2,17,13.08,31.69
EMAIL,4,0,8,1.62,10.4
COMPUTE,5,3,4,2.26,26.55
COMPUTE,1,0,4,19.18,28.65
COMPUTE,5,3,8,27.43,50.6
REST,1,3,8,16.01,26.6
DATABASE,2,0,9,19.99,32.3
COMPUTE,1,2,16,27.29,46.84
REST,1,0,16,1.05,8.68
DATABASE,5,0,3,19.16,31.77
FILE,3,3,17,9.22,26.52
FILE,0,0,18,1.4,7.06
REST,5,0,10,4.58,17.91
COMPUTE,0,1,6,24.38,37.28
COMPUTE,4,0,9,2.14,19.28
REST,5,1,4,15.21,25.93
DATABASE,2,2,10,13.91,29.18
COMPUTE,3,2,7,16.63,33.31
REST,2,1,20,10.18,21.84
DATABASE,5,1,11,23.84,41.99
DATABASE,5,1,19,11.3,30.97
DATABASE,3,3,17,9.03,28.07
FILE,2,1,9,27.45,34.44
EMAIL,3,0,20,12.21,23.85
DATABASE,4,0,11,22.74,36.06
COMPUTE,5,0,20,7.17,30.11
EMAIL,4,3,3,19.4,31.67
DATABASE,5,2,8,23.7,43.7
REST,4,3,5,27.82,44.28
COMPUTE,0,3,19,28.58,46.42
FILE,3,3,15,20.55,36.73
DATABASE,2,0,4,11.35,21.45
COMPUTE,4,1,16,13.08,32.88
COMPUTE,0,0,13,11.48,22.79
EMAIL,0,0,9,20.67,21.62
COMPUTE,0,2,4,14.43,26.85
EMAIL,1,1,15,10.54,20.44
DATABASE,0,2,17,6.73,20.18
DATABASE,2,1,5,1.54,14.7
EMAIL,1,3,19,23.64,36.52
DATABASE,3,2,20,28.3,47.22
COMPUTE,1,0,13,8.77,20.97
COMPUTE,2,0,14,29.82,45.42
DATABASE,1,0,15,15.42,26.53
REST,5,3,20,2.37,24.48
REST,1,2,10,10.4,20.9
COMPUTE,3,2,9,13.72,31.68
EMAIL,4,2,4,1.45,11.52
FILE,5,1,19,1.2,14.8
COMPUTE,0,1,3,12.45,23.25
REST,5,1,19,5.13,20.75
DATABASE,3,3,17,14.19,33.71
COMPUTE,5,0,18,23.79,43.94
DATABASE,3,2,8,25.46,40.66
DATABASE,0,1,6,12.04,20.44
REST,4,1,3,25.87,37.67
DATABASE,5,2,10,3.22,22.73
REST,1,3,17,22.34,37.65
FILE,2,3,6,18.01,27.13
FILE,2,1,15,18.92,28.93
EMAIL,3,0,16,21.77,30.17
EMAIL,0,0,15,20.96,25.9
REST,3,1,18,10.12,22.73
EMAIL,1,0,4,18.02,20.4
FILE,2,2,15,11.99,21.77
DATABASE,3,3,10,22.62,39.62
COMPUTE,3,3,20,23.46,46.57
FILE,2,3,6,27.49,40.15
EMAIL,1,3,11,28.71,37.7
FILE,4,1,15,24.52,36.31
REST,4,3,11,8.65,24.78
FILE,5,1,9,4.69,18.21
REST,0,1,15,29.96,40.14
COMPUTE,0,0,16,14.27,25.85
FILE,3,0,15,21.69,30.95
DATABASE,4,0,8,16.95,29.37
FILE,3,2,11,19.25,30.34
COMPUTE,0,2,6,19.2,33.83
EMAIL,4,1,16,4.1,15.96
EMAIL,4,3,6,9.86,23.96
EMAIL,5,1,11,14.22,25.61
COMPUTE,1,1,12,15.52,30.43
FILE,2,2,6,15.62,22.9
EMAIL,4,2,10,9.99,23.37
EMAIL,0,3,4,21.66,30.51
DATABASE,5,3,5,10.66,31.3
REST,0,3,20,15.57,31.43
DATABASE,0,1,8,22.82,31.55
REST,1,1,9,19.17,26.09
COMPUTE,5,1,9,1.1,22.09
REST,5,0,10,25.2,37.72
COMPUTE,2,3,12,20.51,39.34
FILE,4,2,14,17.44,32.48
REST,5,3,8,2.95,20.6
EMAIL,2,0,12,2.1,9.89
REST,2,0,13,2.27,9.81
COMPUTE,5,2,4,11.82,32.25
COMPUTE,3,1,4,4.26,19.46
EMAIL,0,1,16,4.6,13.28
FILE,2,2,7,23.86,34.78
DATABASE,3,3,12,13.79,32.31
FILE,0,0,10,28.67,30.45
COMPUTE,0,3,6,27.79,41.72
REST,5,2,3,26.48,41.91
REST,2,1,9,3.42,11.13
FILE,2,2,18,13.16,23.68
REST,0,0,13,5.7,12.87
EMAIL,0,0,9,4.98,7.78
COMPUTE,0,0,15,6.93,19.89
EMAIL,3,3,12,22.98,38.54
EMAIL,4,2,12,7.42,21.23
COMPUTE,3,3,14,13.6,34.99
DATABASE,2,0,9,8.68,20.72
REST,5,3,13,2.74,23.86
COMPUTE,0,2,14,7.47,24.71
COMPUTE,5,0,11,9.63,30.25
COMPUTE,0,1,10,26.44,39.93
REST,3,2,4,10.38,22.79
REST,1,1,16,20.7,30.11
REST,5,0,11,18.35,29.73
EMAIL,2,1,15,29.15,38.13
FILE,2,3,19,15.59,29.33
REST,1,2,15,28.85,40.36
COMPUTE,5,2,13,21.43,44.94
DATABASE,3,0,9,28.01,40.74
COMPUTE,3,1,15,7.03,26.83
REST,2,2,5,7.94,17.01
EMAIL,0,0,13,4.93,7.32
FILE,4,2,14,24.3,38.96
COMPUTE,4,3,10,1.92,24.36
REST,0,3,13,7.66,19.42
COMPUTE,3,2,8,19.82,37.6
EMAIL,0,3,3,8.92,17.58
COMPUTE,5,0,6,15.42,32.05
COMPUTE,5,2,19,26.7,52.74
EMAIL,1,1,20,19.98,28.3
COMPUTE,2,0,17,19.43,33.81
DATABASE,1,0,19,15.51,26.85
DATABASE,1,0,7,4.37,13.18
EMAIL,0,0,4,26.05,25.8
EMAIL,3,3,4,5.52,15.42
REST,3,1,6,27.7,36.76
REST,4,1,18,3.02,17.91
FILE,0,1,7,12.12,15.22
DATABASE,1,1,8,29.18,40.24
EMAIL,5,0,11,24.11,32.98
COMPUTE,1,1,20,3.57,22.2
REST,3,3,4,23.83,37.36
REST,3,1,8,7.52,18.28
DATABASE,1,3,17,15.26,34.79
EMAIL,1,1,17,24.2,32.86
EMAIL,0,1,6,6.98,10.44
FILE,2,3,4,29.87,39.96
FILE,0,0,12,10.2,13.68
REST,1,1,3,6.71,14.74
COMPUTE,2,2,19,3.52,24.03
DATABASE,3,3,12,5.26,25.75
COMPUTE,2,0,13,9.09,25.75
REST,4,3,13,27.03,45.6
DATABASE,3,0,15,21.59,34.09
EMAIL,1,1,19,26.04,36.25
REST,2,0,8,6.98,12.71
COMPUTE,2,0,7,11.93,25.56
COMPUTE,0,1,9,17.71,29.91
REST,4,0,5,12.16,22.6
REST,0,2,16,26.2,36.93
EMAIL,5,0,18,29.05,42.64
DATABASE,4,3,9,27.67,49.2
FILE,1,1,3,17.05,21.69
FILE,0,3,3,15.99,24.07
REST,0,0,10,4.19,7.72
FILE,5,1,18,3.54,20.36
FILE,2,2,8,15.04,23.61
FILE,4,3,10,17.08,32.76
FILE,1,1,12,9.47,17.89
DATABASE,4,2,3,22.08,39.49
COMPUTE,5,1,20,18.67,40.41
REST,3,3,20,17.69,35.88
FILE,5,0,4,22.18,31.29
FILE,4,1,6,19.65,30.05
FILE,0,3,19,23.65,35.01
EMAIL,0,2,4,15.04,18.41
REST,4,1,11,21.05,35.03
COMPUTE,1,2,11,7.44,22.83
DATABASE,0,0,5,12.74,19.78
COMPUTE,3,2,11,5.35,24.57
DATABASE,3,0,11,20.72,34.1
REST,0,2,10,25.61,35.78
EMAIL,4,3,11,18.92,33.47
COMPUTE,2,1,18,27.19,45.49
COMPUTE,2,1,5,24.6,40.55
EMAIL,3,0,4,21.09,25.54
COMPUTE,3,0,10,4.61,18.48
DATABASE,1,3,3,22.85,34.88
COMPUTE,3,0,18,28.26,47.1
DATABASE,3,2,13,16.12,32.12
DATABASE,1,1,20,14.47,27.0
REST,4,0,3,22.45,32.73
EMAIL,0,3,17,11.77,21.31
DATABASE,5,0,12,25.95,43.26
COMPUTE,2,3,13,23.03,45.38
DATABASE,3,3,5,8.76,26.65
FILE,0,0,16,3.01,6.37
COMPUTE,5,3,16,17.95,44.22
REST,0,2,5,23.64,31.5
COMPUTE,2,2,13,11.4,31.76
REST,5,3,6,20.68,36.01
REST,4,0,18,9.78,23.38
COMPUTE,3,0,13,25.37,39.99
FILE,1,1,8,4.86,11.2
EMAIL,4,2,4,29.23,41.93
REST,2,0,9,7.89,13.72
DATABASE,3,1,4,8.52,21.73
FILE,3,2,8,21.51,33.87
DATABASE,2,0,19,6.7,20.35
DATABASE,1,1,4,4.44,14.0
EMAIL,1,2,16,24.41,35.13
FILE,2,0,6,8.53,13.4
REST,3,0,10,11.43,19.85
FILE,2,3,10,25.55,38.36
EMAIL,0,2,4,27.6,34.05
COMPUTE,5,0,6,25.92,44.63
DATABASE,3,0,20,25.42,39.45
DATABASE,1,1,18,24.3,39.21
DATABASE,0,1,11,9.26,18.21
REST,4,1,16,20.16,32.98
EMAIL,3,0,18,14.98,23.01
EMAIL,4,1,9,27.61,37.68
REST,3,1,16,2.74,16.65
REST,3,3,19,19.61,36.66
DATABASE,3,2,20,26.94,46.25
FILE,0,1,12,9.02,16.2
EMAIL,5,3,20,27.37,47.83
EMAIL,3,0,16,21.65,29.53
DATABASE,1,0,11,14.35,26.11
COMPUTE,4,3,3,6.7,28.95
EMAIL,5,2,5,29.07,42.64
REST,4,3,19,15.08,32.87
FILE,1,1,14,25.81,33.69
REST,4,0,20,29.01,42.43
COMPUTE,0,3,8,17.05,35.31
DATABASE,3,2,17,25.36,45.82
DATABASE,3,2,5,9.33,23.61
FILE,4,3,16,20.12,38.25
FILE,2,2,20,20.08,32.16
COMPUTE,3,3,8,13.57,33.36
DATABASE,0,1,6,14.23,21.88
COMPUTE,1,0,13,14.07,27.01
EMAIL,0,1,16,2.41,9.42
EMAIL,4,3,9,1.03,15.35
EMAIL,4,2,19,21.12,35.06
DATABASE,3,1,20,3.0,20.1
EMAIL,3,3,4,26.89,37.46
REST,1,2,14,15.48,27.48
DATABASE,5,1,8,8.74,27.15
DATABASE,3,2,13,5.63,23.24
FILE,4,0,13,16.99,26.69
DATABASE,2,1,12,29.5,43.87
DATABASE,3,2,8,13.11,29.26
FILE,1,3,5,29.17,39.42
DATABASE,2,2,8,6.42,20.34
FILE,2,3,3,26.1,35.66
COMPUTE,1,3,17,5.41,27.07
COMPUTE,0,2,19,20.34,38.93
COMPUTE,1,0,14,13.52,28.99
FILE,0,0,18,19.81,24.61
EMAIL,1,3,13,29.77,39.5
EMAIL,2,1,8,28.1,34.24
REST,2,1,16,3.62,13.62
FILE,0,3,15,2.17,12.15
FILE,3,1,11,4.89,16.46
DATABASE,1,3,12,11.98,26.39
DATABASE,3,3,11,15.25,32.8
DATABASE,1,3,20,22.11,42.55
REST,2,2,13,8.21,23.06
REST,4,3,17,17.72,35.76
COMPUTE,1,2,17,19.65,39.11
DATABASE,4,0,14,1.57,16.8
REST,5,3,10,21.22,37.74
DATABASE,1,1,18,21.59,35.07
COMPUTE,3,2,20,27.28,48.61
EMAIL,2,1,13,6.67,16.71
FILE,3,3,16,4.97,18.88
REST,4,1,7,3.8,17.35
DATABASE,3,3,16,9.74,31.72
EMAIL,5,1,17,10.81,23.95
FILE,1,3,17,3.55,17.59
FILE,0,2,6,11.74,16.6
FILE,5,2,9,26.64,42.46
FILE,2,0,16,17.87,26.18
REST,4,1,16,10.43,25.34
FILE,2,3,9,20.27,32.72
EMAIL,0,1,8,12.23,18.22
FILE,2,3,19,9.34,23.18
REST,2,1,10,27.22,36.86
DATABASE,3,0,8,12.32,24.61
COMPUTE,0,2,20,20.79,36.88
REST,2,0,19,23.96,33.13
FILE,4,3,19,8.3,24.41
DATABASE,2,3,9,1.53,19.48
FILE,3,2,16,27.23,41.74
DATABASE,1,3,13,6.97,22.14
DATABASE,4,0,3,26.05,38.12
DATABASE,0,0,19,23.82,33.42
EMAIL,4,3,19,15.81,32.84
EMAIL,0,1,16,6.64,15.31
COMPUTE,4,1,8,15.57,35.48
EMAIL,1,1,6,3.46,10.56
COMPUTE,2,2,17,1.64,22.09
REST,3,1,10,7.5,20.28
FILE,4,1,7,4.14,14.19
FILE,2,0,17,13.75,23.74
DATABASE,2,3,11,24.59,40.34
EMAIL,3,1,4,7.71,16.2
FILE,1,2,5,27.96,36.48
DATABASE,5,1,11,13.76,32.15
DATABASE,2,3,8,7.38,23.96
DATABASE,1,2,10,7.06,18.69
REST,4,1,11,18.83,30.14
DATABASE,5,3,16,17.96,40.51
FILE,2,3,12,13.97,26.09
REST,1,3,11,24.47,38.99
DATABASE,3,3,16,21.41,40.04
DATABASE,4,0,15,2.67,18.07
EMAIL,5,1,10,20.93,32.28
FILE,2,0,18,11.76,19.69
REST,5,2,7,1.41,17.42
COMPUTE,0,1,13,13.6,29.0
DATABASE,4,3,8,18.81,37.26
COMPUTE,0,0,5,28.73,37.39
REST,2,2,4,19.11,28.64
COMPUTE,1,0,16,13.16,29.22
COMPUTE,2,1,7,13.02,28.51
DATABASE,1,0,4,23.39,32.17
FILE,5,0,10,24.96,34.91
EMAIL,5,3,3,1.36,14.0
DATABASE,2,0,7,8.91,20.42
DATABASE,3,3,20,15.48,36.71
DATABASE,4,3,11,26.3,45.35
COMPUTE,1,1,8,25.52,41.38
REST,5,1,4,16.45,30.71
COMPUTE,3,3,14,19.28,41.63
REST,4,0,15,23.6,35.26
FILE,0,2,15,26.08,33.16
REST,1,1,8,13.41,20.82
REST,1,1,7,28.28,37.44
EMAIL,1,0,16,7.43,15.16
FILE,1,2,8,29.89,37.78
COMPUTE,0,2,5,10.66,22.98
REST,1,2,19,7.99,20.27
DATABASE,5,3,3,3.22,23.64
REST,3,1,18,10.42,23.88
COMPUTE,0,3,7,5.81,22.9
FILE,2,3,14,25.91,39.53
DATABASE,0,2,4,6.89,18.07
DATABASE,1,3,17,18.35,36.18
DATABASE,4,3,11,26.16,45.78
EMAIL,0,1,18,7.43,16.69
COMPUTE,1,1,16,25.92,40.32
COMPUTE,0,3,6,4.32,19.61
EMAIL,3,0,8,24.91,33.24
REST,4,3,14,17.77,37.49
DATABASE,2,1,4,7.54,18.86
COMPUTE,4,2,13,19.63,40.66
REST,4,1,17,13.36,28.47
COMPUTE,1,3,13,25.18,44.25
DATABASE,2,3,8,12.23,26.98
DATABASE,3,2,12,2.73,19.61
FILE,4,1,8,18.14,29.47
COMPUTE,4,3,3,23.05,43.15
EMAIL,2,0,5,20.6,24.21
FILE,5,3,19,15.65,36.16
DATABASE,4,3,18,6.25,29.56
REST,4,0,15,16.69,28.1
EMAIL,0,1,4,18.62,20.19
EMAIL,4,3,8,3.94,18.12
REST,0,2,10,28.72,37.07
DATABASE,5,1,19,23.91,45.41
REST,2,1,15,12.15,21.76
DATABASE,0,3,17,17.86,33.8
REST,5,1,7,20.63,35.76
DATABASE,4,3,19,4.1,24.81
COMPUTE,1,2,8,5.42,21.6
DATABASE,1,3,19,17.0,35.09
COMPUTE,4,2,3,15.72,36.3
EMAIL,2,2,6,9.08,18.55
REST,0,2,15,13.45,23.51
EMAIL,3,1,15,12.59,23.98
REST,5,1,18,21.61,39.44
COMPUTE,2,1,13,14.76,32.96
REST,5,1,20,28.67,44.87
DATABASE,2,1,7,15.62,26.16
EMAIL,4,1,20,16.49,31.16
DATABASE,0,2,19,27.45,40.76
REST,4,2,7,24.12,39.47
COMPUTE,5,2,19,17.46,42.15
EMAIL,2,3,10,14.34,26.73
EMAIL,5,3,6,11.94,25.86
DATABASE,0,0,16,6.67,17.93
EMAIL,3,1,10,3.5,14.17
COMPUTE,1,1,12,14.14,29.66
COMPUTE,2,1,16,4.33,21.75
DATABASE,4,3,10,17.13,35.84
FILE,3,0,17,20.93,31.75
REST,5,0,16,16.09,32.19
EMAIL,2,2,9,24.98,34.85
COMPUTE,1,0,6,10.3,23.24
EMAIL,0,1,4,24.87,29.63
FILE,2,0,6,26.27,29.91
COMPUTE,0,0,3,9.17,18.45
REST,4,0,8,22.77,34.56
FILE,0,1,13,13.55,20.88
COMPUTE,2,3,5,10.68,28.51
FILE,4,1,5,18.81,27.67
COMPUTE,1,2,9,27.42,43.47
DATABASE,5,0,19,9.31,27.57
FILE,4,3,19,22.07,41.69
REST,0,3,11,13.49,26.49
COMPUTE,0,1,19,14.96,29.67
REST,1,2,5,9.46,17.88
EMAIL,2,2,3,13.7,19.76
REST,5,0,18,2.38,18.12
EMAIL,3,0,5,20.36,27.38
COMPUTE,2,0,6,2.02,14.15
REST,1,3,6,24.69,37.76
COMPUTE,0,3,20,23.45,44.59
DATABASE,2,2,17,5.38,20.53
COMPUTE,2,2,15,18.79,37.2
COMPUTE,3,1,12,20.2,37.44
COMPUTE,0,1,12,17.37,30.87
REST,1,1,11,22.15,30.74
COMPUTE,3,3,16,27.33,50.79
DATABASE,2,2,9,18.65,34.19
REST,1,1,6,21.13,28.28
COMPUTE,2,0,11,5.23,19.7
DATABASE,0,1,13,19.97,32.29
COMPUTE,2,0,6,17.09,31.36
REST,4,2,18,5.69,21.28
FILE,4,3,4,19.89,31.96
COMPUTE,4,1,7,28.65,44.81
COMPUTE,2,2,5,8.61,23.91
EMAIL,3,1,4,27.42,37.04
DATABASE,2,3,11,8.85,27.28
FILE,0,0,16,22.11,25.52
REST,3,0,17,8.48,21.76
REST,4,3,5,5.53,20.21
COMPUTE,4,1,8,6.99,23.6
DATABASE,5,2,15,21.71,41.7
REST,0,0,4,9.53,10.96
EMAIL,3,3,20,18.28,35.62
DATABASE,4,1,6,12.97,29.23
EMAIL,2,1,12,28.83,36.73
FILE,3,1,4,28.34,34.32
FILE,1,2,17,21.51,30.77
EMAIL,3,0,13,6.74,16.48
FILE,1,3,7,29.11,38.55
COMPUTE,0,0,6,11.26,20.84
FILE,5,1,13,25.45,37.29
DATABASE,3,2,8,18.72,35.66
REST,0,0,17,5.48,12.51
COMPUTE,0,2,11,10.84,24.17
REST,2,3,8,12.78,25.01
FILE,1,2,5,29.67,37.69
FILE,5,1,10,9.74,24.07
EMAIL,3,0,3,23.82,28.87
DATABASE,0,3,11,10.88,25.28
COMPUTE,3,1,5,27.8,45.29
DATABASE,1,3,16,21.14,38.43
FILE,5,1,13,3.5,15.09
REST,1,0,12,22.86,31.77
FILE,4,2,8,2.05,15.29
FILE,2,3,12,15.51,26.52
REST,4,1,16,17.43,31.08
COMPUTE,3,2,16,23.58,46.86
REST,0,3,18,19.2,34.4
REST,2,2,3,5.65,14.47
EMAIL,1,0,15,9.98,15.73
COMPUTE,1,1,11,12.96,26.59
EMAIL,5,1,10,19.34,32.74
DATABASE,4,0,18,26.94,43.23
COMPUTE,3,2,11,4.24,22.14
EMAIL,3,1,10,24.3,32.9
COMPUTE,5,1,10,9.82,31.29
COMPUTE,3,2,9,17.24,36.88
EMAIL,3,3,9,4.51,16.21
COMPUTE,5,3,17,26.04,53.0
EMAIL,3,0,7,18.46,26.21
COMPUTE,2,0,5,18.99,29.58
EMAIL,3,1,12,8.84,20.45
REST,0,0,16,15.5,22.19
EMAIL,0,1,17,2.63,11.03
DATABASE,3,2,15,22.4,41.52
COMPUTE,1,1,9,9.15,22.47
COMPUTE,0,3,14,20.37,39.08
FILE,4,1,15,23.0,35.99
COMPUTE,3,0,14,24.85,43.06
EMAIL,0,2,15,14.86,24.2
EMAIL,3,0,10,14.21,19.86
REST,4,1,12,1.81,15.97
EMAIL,2,2,7,3.36,13.68
DATABASE,5,0,16,11.75,29.95
COMPUTE,5,3,16,11.07,38.18
EMAIL,5,3,8,7.17,22.8
EMAIL,4,3,3,17.32,30.97
REST,2,2,3,8.33,19.61
FILE,3,0,5,15.32,21.11
DATABASE,4,3,17,17.3,40.52
FILE,2,1,17,19.71,30.44
DATABASE,3,1,4,25.16,38.97
COMPUTE,5,1,7,26.0,46.55
EMAIL,2,1,12,7.27,13.96
EMAIL,1,0,14,12.24,19.44
EMAIL,3,2,15,25.93,40.77
FILE,4,2,15,19.14,32.73
COMPUTE,2,2,4,13.23,28.59
FILE,3,1,5,19.37,28.74
EMAIL,2,3,10,2.34,12.68
EMAIL,5,2,14,27.21,41.53
EMAIL,3,2,15,2.61,14.6
FILE,3,2,16,29.18,43.35
COMPUTE,4,3,5,27.27,47.32
EMAIL,4,0,7,17.44,26.11
FILE,3,3,3,16.35,26.89
DATABASE,1,1,16,8.76,22.1
FILE,0,0,10,4.9,8.15
DATABASE,5,1,16,7.25,24.92
DATABASE,2,0,9,8.61,19.05
EMAIL,1,3,9,13.78,23.79
COMPUTE,2,1,4,24.38,40.27
REST,2,3,9,21.9,35.56
DATABASE,1,0,15,19.17,28.24
EMAIL,2,1,10,10.35,19.06
DATABASE,4,2,12,12.38,29.31
DATABASE,2,2,4,3.6,16.1
FILE,2,3,12,8.78,20.82
EMAIL,5,2,18,22.6,38.32
REST,3,0,18,17.54,27.57
REST,3,2,12,28.91,41.99
DATABASE,0,3,5,5.79,17.61
COMPUTE,5,2,7,13.08,35.57
DATABASE,0,3,4,16.57,27.79
EMAIL,1,2,6,28.97,37.18
DATABASE,3,0,13,4.83,18.09
DATABASE,3,3,10,18.54,36.32
EMAIL,0,1,20,5.46,12.99
EMAIL,0,0,3,2.84,3.61
REST,5,1,19,20.0,38.58
EMAIL,5,2,19,12.16,31.24
FILE,5,0,20,16.07,30.33
COMPUTE,3,3,11,20.93,44.45
COMPUTE,0,0,3,11.09,21.55
FILE,4,3,10,3.17,19.35
DATABASE,1,1,3,22.8,30.5
FILE,3,3,7,13.06,27.09
DATABASE,5,3,14,12.83,34.4
EMAIL,2,3,12,21.17,34.58
DATABASE,4,2,5,10.43,27.3
EMAIL,0,1,17,22.64,28.33
DATABASE,1,1,6,5.01,15.87
EMAIL,4,1,4,21.07,28.34
FILE,5,3,8,11.78,26.39
DATABASE,0,0,13,20.48,27.64
DATABASE,0,0,17,15.22,23.58
REST,4,3,20,18.37,38.66
COMPUTE,2,3,13,13.27,35.6
EMAIL,5,3,6,17.92,32.87
COMPUTE,0,1,12,15.79,30.99
REST,0,3,14,4.35,16.23
REST,1,3,17,8.03,24.44
FILE,4,3,9,19.83,35.98
FILE,5,2,5,17.8,32.19
REST,4,2,4,2.77,16.43
COMPUTE,1,2,5,14.93,31.3
COMPUTE,2,3,8,20.13,37.58
DATABASE,5,2,19,17.37,38.19
EMAIL,5,2,3,29.16,42.76
EMAIL,5,0,8,26.96,38.13
EMAIL,1,3,19,24.13,36.64
EMAIL,1,2,6,4.25,9.7
COMPUTE,2,3,18,21.1,45.34
DATABASE,5,3,20,27.55,50.19
COMPUTE,4,1,4,28.01,47.09
EMAIL,5,3,18,19.17,37.41
COMPUTE,2,2,8,7.69,26.69
FILE,0,0,15,14.77,18.04
DATABASE,0,1,10,14.59,25.71
FILE,0,2,9,20.34,25.87
COMPUTE,1,1,14,8.25,23.12
REST,5,0,16,4.66,17.81
REST,3,1,15,16.23,28.26
REST,4,1,8,13.09,26.98
COMPUTE,2,2,17,14.68,34.39
DATABASE,0,2,8,26.91,39.15
REST,3,2,16,6.45,21.09
EMAIL,4,1,16,21.24,35.62
REST,3,0,7,7.42,14.45
COMPUTE,5,1,5,29.33,47.02
COMPUTE,4,0,3,3.95,20.79
REST,4,2,13,14.15,29.42
EMAIL,5,1,4,3.5,14.22
REST,0,1,3,15.13,20.93
REST,0,3,12,7.04,16.78
REST,1,3,9,15.55,29.34
EMAIL,4,3,7,11.52,24.15
FILE,0,2,20,18.6,28.06
EMAIL,5,0,10,18.52,27.48
COMPUTE,4,3,18,7.92,31.32
FILE,2,1,7,26.96,35.12
COMPUTE,0,0,10,4.29,15.79
REST,4,2,11,5.21,22.26
FILE,0,2,17,17.9,27.06
EMAIL,4,3,9,26.39,42.56
COMPUTE,2,0,7,26.24,39.43
FILE,3,0,11,12.54,19.56
FILE,4,2,12,13.02,25.19
COMPUTE,3,0,13,19.81,36.66
EMAIL,1,1,4,28.17,34.81
EMAIL,2,0,6,16.55,21.68
FILE,2,1,16,18.41,28.57
REST,1,0,9,16.19,21.79
FILE,1,3,17,12.96,27.41
DATABASE,1,2,7,24.84,37.87
EMAIL,0,1,8,10.96,15.13
FILE,4,0,20,9.94,23.12
COMPUTE,5,1,15,5.22,26.81
COMPUTE,2,0,7,2.66,14.73
REST,1,2,15,3.41,16.17
FILE,4,0,15,12.81,24.15
FILE,4,0,17,6.09,17.06
EMAIL,2,3,7,29.03,38.93
REST,4,3,18,19.42,40.16
EMAIL,5,2,12,24.83,38.82
DATABASE,5,2,11,9.09,29.41
REST,1,1,5,6.37,13.8
EMAIL,0,2,7,10.32,16.67
COMPUTE,3,2,6,26.32,44.35
COMPUTE,5,3,4,11.53,35.06
DATABASE,2,1,12,4.31,17.82
FILE,5,0,9,6.24,17.55
DATABASE,4,1,16,14.29,30.8
EMAIL,3,3,8,15.04,29.7
COMPUTE,2,0,9,8.98,22.32
DATABASE,0,1,7,28.55,39.37
DATABASE,4,0,20,17.05,32.64
REST,0,2,18,22.82,35.94
FILE,0,0,12,13.56,18.82
EMAIL,1,2,17,9.88,19.24
COMPUTE,2,3,10,5.55,24.04
DATABASE,0,3,12,4.65,17.59
EMAIL,2,1,16,4.52,13.02
DATABASE,0,0,15,2.28,12.8
EMAIL,0,0,13,4.11,8.89
FILE,5,3,9,20.0,36.28
REST,2,1,7,2.45,13.41
COMPUTE,5,2,17,3.5,26.32
COMPUTE,3,0,14,28.41,45.1
EMAIL,4,0,16,20.3,31.09
REST,1,2,16,11.11,22.78
REST,0,1,19,5.22,14.63
FILE,2,1,16,1.11,11.93
REST,5,2,4,27.13,43.65
COMPUTE,1,2,20,8.84,28.42
FILE,0,3,11,29.07,38.74
DATABASE,4,1,5,28.36,42.89
REST,1,3,10,1.43,13.74
REST,2,1,16,11.54,24.52
COMPUTE,3,3,8,28.6,48.25
COMPUTE,1,3,13,1.81,21.04
DATABASE,1,1,16,24.48,36.88
EMAIL,5,2,13,28.13,44.41
COMPUTE,1,2,9,12.33,30.05
EMAIL,2,0,12,21.26,26.97
EMAIL,1,1,17,4.58,11.62
DATABASE,2,1,9,18.76,33.0
REST,0,3,11,17.98,28.0
COMPUTE,1,2,12,19.96,37.72
REST,0,0,9,3.74,8.91
DATABASE,4,3,6,28.34,45.21
FILE,1,2,4,26.13,31.0
EMAIL,5,0,5,29.16,38.69
EMAIL,5,3,3,3.93,18.13
DATABASE,3,3,13,27.31,44.74
COMPUTE,5,1,15,9.13,32.07
FILE,3,0,4,23.23,29.74
EMAIL,3,2,14,27.65,41.9
DATABASE,1,1,20,20.48,35.8
EMAIL,2,2,7,3.46,12.58
FILE,3,1,16,24.29,33.82
FILE,5,0,14,20.33,30.72
COMPUTE,1,0,17,15.24,31.57
REST,5,0,14,28.61,41.95
FILE,1,3,17,2.43,15.18
EMAIL,0,1,19,8.93,17.34
DATABASE,1,2,5,13.66,23.68
EMAIL,3,1,7,4.0,11.91
EMAIL,4,3,4,6.31,20.47
EMAIL,5,2,20,17.18,34.07
FILE,1,3,17,5.52,19.2
EMAIL,3,2,18,5.42,19.68
REST,5,0,8,5.65,17.74
DATABASE,0,1,14,12.3,21.83
EMAIL,2,2,8,9.62,18.11
COMPUTE,4,2,17,15.98,37.96
REST,4,0,15,23.39,34.97
EMAIL,1,0,10,9.18,14.91
FILE,0,0,10,25.21,27.52
FILE,5,1,18,25.86,40.37
FILE,0,2,17,11.09,21.61
REST,5,1,7,20.21,33.39
REST,3,0,3,1.11,9.37
REST,0,2,7,4.02,12.97
FILE,0,1,4,18.86,21.33
REST,0,0,8,24.02,29.13
EMAIL,5,0,9,15.56,26.96
DATABASE,4,3,7,9.57,29.59
FILE,4,3,20,13.19,32.84
FILE,5,3,20,3.56,21.89
FILE,0,3,4,2.93,8.76
DATABASE,1,2,10,14.99,27.02
COMPUTE,3,3,14,14.29,36.21
EMAIL,3,2,3,21.2,32.4
FILE,1,1,9,17.81,25.41
FILE,5,0,3,26.38,34.38
REST,1,1,13,24.75,33.53
REST,1,2,4,12.88,21.04
REST,1,3,4,25.09,35.14
EMAIL,4,1,4,28.91,40.09
COMPUTE,4,1,5,26.98,44.4
DATABASE,3,1,7,8.63,21.42
COMPUTE,5,3,10,16.02,39.66
DATABASE,2,0,19,12.3,24.12
REST,1,1,7,11.67,20.11
EMAIL,0,0,11,8.62,10.45
COMPUTE,3,3,4,4.91,25.36
REST,1,0,9,4.51,12.56
COMPUTE,1,3,14,13.58,32.85
REST,0,2,12,2.69,14.25
EMAIL,2,2,13,26.29,35.82
EMAIL,3,3,10,19.24,33.03
DATABASE,0,3,12,24.5,38.86
EMAIL,2,3,4,4.08,12.88
FILE,4,1,18,23.13,36.66
DATABASE,5,0,3,18.9,30.9
FILE,5,3,10,18.23,35.2
FILE,0,0,12,29.27,33.1
DATABASE,2,3,20,17.96,37.65
FILE,3,0,4,5.78,12.26
EMAIL,0,3,20,8.78,20.88
EMAIL,5,3,12,21.39,37.44
FILE,2,3,12,10.98,21.88
EMAIL,5,2,9,11.27,27.09
REST,0,3,13,15.77,28.86
FILE,4,2,16,10.71,26.05
COMPUTE,5,2,16,14.0,39.63
FILE,0,1,18,28.03,36.88
FILE,3,0,15,18.54,26.19
FILE,4,1,20,9.33,22.6
EMAIL,5,0,13,9.88,21.51
FILE,0,2,13,29.45,37.63
REST,1,1,19,6.2,19.31
REST,2,1,16,5.18,16.21
FILE,1,1,11,28.87,36.66
COMPUTE,0,1,3,28.38,38.76
REST,5,2,4,11.66,24.98
REST,5,2,13,5.9,24.57
COMPUTE,1,1,17,6.5,22.79
EMAIL,5,1,16,4.64,20.83
DATABASE,2,1,9,3.06,17.05
REST,5,1,16,6.98,23.63
FILE,0,2,11,13.34,19.05
FILE,3,1,14,10.85,22.97
FILE,3,1,7,16.14,23.8
REST,0,2,10,20.49,31.13
DATABASE,5,0,7,13.29,27.81
FILE,4,0,13,2.43,11.46
DATABASE,2,2,16,24.18,40.77
EMAIL,3,0,16,9.65,19.43
REST,0,0,15,4.62,10.99
DATABASE,3,0,8,27.48,39.46
DATABASE,4,3,17,11.07,32.38
REST,3,2,11,3.56,16.41
FILE,4,1,16,17.72,30.56
EMAIL,4,2,7,23.1,34.18
DATABASE,5,3,7,16.01,36.85
DATABASE,1,2,8,4.42,15.5
EMAIL,5,3,4,17.23,30.03
REST,5,0,10,7.86,18.52
COMPUTE,5,2,7,5.53,27.66
EMAIL,3,1,9,10.42,20.27
FILE,0,3,8,7.79,16.46
COMPUTE,1,1,6,25.78,38.49
FILE,1,3,10,15.83,28.32
EMAIL,2,0,6,10.35,15.39
DATABASE,3,3,11,28.81,48.02
FILE,2,0,17,17.91,24.55
EMAIL,2,3,4,7.68,18.18
FILE,3,1,15,22.55,33.09
FILE,4,2,14,4.26,17.72
DATABASE,3,0,11,2.2,14.23
COMPUTE,1,0,12,24.47,38.58
REST,5,3,5,6.05,21.07
COMPUTE,2,3,4,8.08,27.93
COMPUTE,3,0,4,12.27,27.81
COMPUTE,4,1,17,17.81,38.1
DATABASE,2,1,17,26.22,40.01
DATABASE,4,0,18,26.44,44.16
DATABASE,3,1,5,23.43,37.31
DATABASE,4,1,9,12.88,30.34
REST,5,0,16,8.07,22.83
REST,3,3,11,20.75,37.49
DATABASE,0,2,8,25.45,38.45
EMAIL,3,2,6,7.99,16.47
COMPUTE,1,0,9,3.72,17.88
REST,0,3,10,4.36,15.88
FILE,1,2,4,14.9,22.76
DATABASE,1,0,9,26.07,35.84
DATABASE,3,0,11,10.76,24.11
FILE,3,0,4,22.22,28.36
EMAIL,5,1,19,5.68,20.96
REST,0,3,16,23.79,37.72
COMPUTE,2,3,11,20.68,39.55
COMPUTE,0,1,6,23.62,34.41
REST,4,2,15,24.28,42.22
REST,3,1,17,15.23,29.74
FILE,1,3,16,19.7,30.51
COMPUTE,0,1,19,17.25,31.01
FILE,4,1,9,20.12,29.02
DATABASE,2,1,12,4.54,19.54
DATABASE,0,0,16,20.79,30.96
COMPUTE,5,0,5,6.59,22.18
DATABASE,5,1,17,26.44,46.98
FILE,1,2,7,25.5,33.48
DATABASE,0,2,8,16.23,26.7
COMPUTE,4,3,5,1.08,23.54
DATABASE,2,1,17,17.45,33.54
EMAIL,2,3,16,11.02,24.71
EMAIL,4,2,6,1.11,14.35
REST,5,3,18,21.96,44.39
REST,0,3,19,14.34,29.34
COMPUTE,2,2,17,17.31,35.93
REST,1,2,20,1.56,16.18
REST,1,2,10,29.43,40.38
FILE,2,0,7,22.63,26.91
DATABASE,3,0,20,8.52,23.5
EMAIL,1,1,6,16.12,21.6
REST,5,0,14,14.32,26.12
FILE,2,3,19,29.35,44.45
DATABASE,2,0,15,3.44,17.88
REST,3,0,10,1.76,10.97
COMPUTE,5,3,20,15.63,42.4
EMAIL,4,2,10,23.2,35.95
FILE,4,1,3,20.52,30.16
FILE,4,2,19,20.41,37.08
COMPUTE,1,3,8,18.51,34.44
COMPUTE,3,3,17,27.32,49.17
REST,5,0,18,15.9,28.85
COMPUTE,5,3,10,9.91,33.13
COMPUTE,1,3,5,19.31,34.52
EMAIL,3,0,10,24.17,33.65
COMPUTE,5,2,18,14.27,40.56
DATABASE,2,1,3,9.26,22.12
REST,3,3,7,1.44,14.49
COMPUTE,4,2,14,23.16,46.42
REST,5,0,3,6.12,17.64
EMAIL,1,0,13,24.97,29.21
COMPUTE,1,0,3,3.21,14.73
EMAIL,5,0,7,17.14,28.61
FILE,1,2,16,12.94,23.81
EMAIL,4,2,8,11.59,23.13
FILE,2,3,16,25.79,39.8
COMPUTE,1,1,17,26.85,45.32
DATABASE,3,3,13,15.9,33.89
DATABASE,3,1,18,2.51,20.53
COMPUTE,5,0,16,8.89,29.5
REST,1,2,4,24.38,34.97
REST,3,3,8,25.24,39.03
REST,1,3,20,16.77,34.16
DATABASE,5,0,17,12.14,30.88
FILE,1,1,20,3.85,14.73
REST,3,3,13,23.36,40.52
DATABASE,5,1,3,2.89,19.7
DATABASE,0,3,14,19.15,33.15
REST,5,2,20,26.1,46.28
FILE,3,2,9,10.8,22.22
EMAIL,0,0,5,29.07,29.09
FILE,5,3,20,15.65,34.55
EMAIL,4,1,3,18.58,27.86
COMPUTE,5,3,11,13.48,37.78
FILE,1,1,12,12.7,21.1
REST,1,0,12,5.45,13.45
EMAIL,3,3,20,25.03,41.32
COMPUTE,1,2,19,13.61,31.18
COMPUTE,0,2,15,14.42,31.86
REST,3,3,3,29.77,44.14
EMAIL,0,3,14,7.53,18.29
COMPUTE,4,3,15,25.66,48.91
FILE,5,2,13,16.74,31.34
COMPUTE,0,1,16,23.71,37.08
REST,5,1,7,26.59,38.24
DATABASE,2,2,18,20.72,38.39
EMAIL,2,2,3,12.43,19.21
COMPUTE,4,0,18,11.04,29.09
FILE,2,0,11,9.19,13.81
REST,4,0,15,25.71,40.09
DATABASE,5,2,19,10.24,32.0
DATABASE,1,1,10,28.93,41.17
FILE,3,0,19,22.12,31.0
EMAIL,1,2,10,19.66,27.84
FILE,1,1,17,22.4,29.26
COMPUTE,4,2,5,5.03,24.61
COMPUTE,5,2,20,5.78,29.98
COMPUTE,4,1,18,2.96,26.12
DATABASE,1,1,16,29.3,43.88
COMPUTE,0,0,17,13.95,28.77
COMPUTE,0,0,5,23.58,33.73
REST,1,2,20,20.39,31.94
REST,3,1,5,21.52,33.06
DATABASE,4,3,3,28.96,48.67
COMPUTE,5,0,8,8.75,24.8
COMPUTE,2,3,9,20.89,40.19
REST,5,0,14,25.4,39.89
FILE,5,3,7,20.76,38.23
DATABASE,3,1,5,20.32,32.44
FILE,2,1,12,14.6,23.37
DATABASE,0,3,11,29.74,44.13
COMPUTE,4,3,9,28.17,51.7
EMAIL,4,2,16,16.33,33.03
REST,2,3,13,2.81,18.14
COMPUTE,5,2,14,5.39,27.7
FILE,5,2,9,4.94,20.37
DATABASE,0,2,14,3.42,14.63
REST,1,3,17,1.83,15.76
REST,3,2,18,8.25,24.65
FILE,2,2,7,6.64,17.3
DATABASE,0,3,3,12.8,22.99
FILE,0,0,16,2.82,8.69
EMAIL,4,0,11,6.25,16.49
DATABASE,4,0,16,20.94,34.96
EMAIL,4,2,18,7.5,21.59
REST,4,1,4,16.39,25.69
EMAIL,4,1,20,29.96,43.1
REST,4,0,4,22.07,31.44
FILE,1,0,11,12.55,18.44
DATABASE,4,1,3,22.98,36.45
REST,4,3,8,13.1,29.49
EMAIL,1,2,7,21.58,27.54
DATABASE,5,1,9,24.11,41.36
REST,5,0,6,17.0,28.72
FILE,0,0,11,28.35,32.47
REST,3,1,13,12.3,25.05
REST,0,3,12,23.74,35.4
COMPUTE,4,3,18,17.15,41.35
REST,3,0,8,9.45,19.21
FILE,4,0,7,19.54,29.14
FILE,1,3,10,28.42,39.54
REST,3,3,14,7.69,23.89
COMPUTE,0,0,14,6.36,16.68
EMAIL,2,2,10,14.61,23.0
FILE,0,2,9,28.76,36.27
COMPUTE,3,2,7,16.85,34.95
EMAIL,1,1,15,11.34,18.5
FILE,1,0,5,9.19,13.43
EMAIL,0,0,3,14.76,14.18
COMPUTE,0,1,13,3.65,18.41
COMPUTE,2,3,18,14.83,35.53
FILE,0,2,10,2.18,10.8
REST,4,0,4,18.11,28.68
REST,1,0,14,14.96,23.32
FILE,5,1,14,25.51,38.69
FILE,4,2,10,16.06,27.79
FILE,0,3,18,21.37,34.5
COMPUTE,4,3,17,29.01,55.71
REST,1,1,17,26.39,37.98
EMAIL,3,1,16,24.87,37.91
COMPUTE,3,2,13,27.23,48.73
FILE,0,2,3,20.07,23.31
EMAIL,2,1,14,23.74,34.16
DATABASE,3,0,15,5.75,18.93
EMAIL,3,2,9,4.66,15.26
DATABASE,4,2,5,4.64,20.32
COMPUTE,4,3,14,24.52,47.93
FILE,4,2,6,27.48,38.31
REST,5,1,10,25.4,41.14
EMAIL,2,3,15,23.38,36.34
REST,1,0,11,17.79,24.11
FILE,1,2,20,23.63,35.18
FILE,0,1,20,28.99,38.69
REST,1,2,7,20.77,30.32
FILE,5,1,16,2.6,14.91
FILE,2,1,11,17.67,27.26
REST,4,0,18,25.78,40.03
FILE,2,0,10,19.08,26.57
EMAIL,1,3,4,15.2,22.49
FILE,0,0,13,7.9,13.44
FILE,0,2,12,16.37,24.32
EMAIL,1,0,9,25.89,28.14
REST,0,3,4,15.7,24.06
DATABASE,5,2,11,20.17,40.35
REST,1,2,15,29.58,40.69
FILE,2,0,4,20.0,23.97
EMAIL,5,1,10,21.3,31.81
EMAIL,0,3,20,21.6,34.39
EMAIL,5,2,19,5.48,24.27
COMPUTE,5,1,16,10.33,30.95
EMAIL,0,3,4,29.35,37.85
EMAIL,3,0,14,27.42,35.9
REST,3,2,12,26.08,38.64
REST,1,0,6,10.41,16.01
FILE,5,0,15,29.91,42.16
REST,2,0,14,2.79,12.85
COMPUTE,0,1,12,16.99,30.61
FILE,4,1,11,21.64,31.74
EMAIL,2,3,5,21.15,33.64
DATABASE,4,3,8,14.75,34.28
REST,4,2,10,23.63,37.53
COMPUTE,0,3,3,3.11,17.43
EMAIL,1,1,19,19.02,28.82
EMAIL,2,1,6,2.94,8.84
REST,0,2,18,13.13,23.46
FILE,0,2,10,18.84,24.66
EMAIL,0,2,16,21.81,30.07
FILE,1,1,4,12.54,17.89
COMPUTE,5,0,20,27.92,48.31
FILE,1,0,17,21.32,28.08
DATABASE,0,3,16,28.62,42.69
DATABASE,1,0,6,6.39,14.43
EMAIL,2,2,6,10.65,20.08
REST,0,1,19,7.48,18.88
REST,1,3,7,29.18,40.21
EMAIL,3,0,9,28.92,37.97
DATABASE,1,0,15,14.94,26.07
EMAIL,5,1,13,10.4,23.03
COMPUTE,1,1,7,10.7,25.5
REST,2,2,20,8.76,23.92
DATABASE,5,1,3,15.91,29.4
REST,3,2,9,15.73,29.19
COMPUTE,4,3,7,23.22,45.03
COMPUTE,4,1,5,19.33,35.83
COMPUTE,3,1,4,17.21,34.63
REST,3,3,14,11.81,27.72
EMAIL,3,3,6,27.6,39.64
REST,0,1,13,13.02,19.53
FILE,3,1,9,5.55,14.07
DATABASE,4,0,20,14.73,30.78
COMPUTE,1,1,10,7.6,22.39
FILE,5,2,19,1.56,18.88
COMPUTE,3,2,10,18.81,39.81
COMPUTE,1,0,4,24.54,34.59
EMAIL,4,2,10,16.17,29.1
FILE,4,1,5,13.5,22.23
EMAIL,2,2,3,29.63,36.56
FILE,3,1,13,8.01,19.55
REST,3,3,20,14.87,32.24
DATABASE,3,2,9,10.12,25.65
REST,1,0,9,26.17,31.4
REST,3,2,3,21.88,33.16
REST,2,1,18,18.7,31.86
DATABASE,5,3,19,13.09,37.02
EMAIL,0,0,10,22.03,24.04
REST,1,3,20,13.36,30.11
FILE,2,1,4,9.0,15.08
COMPUTE,5,1,5,29.96,48.87
COMPUTE,0,1,8,28.78,41.71
DATABASE,0,0,5,11.23,18.95
FILE,3,1,14,25.08,33.87
FILE,5,1,19,19.2,34.87
FILE,0,3,15,29.46,38.54
EMAIL,2,3,16,5.6,17.69
REST,4,2,19,15.73,31.63
COMPUTE,2,3,10,12.11,31.15
DATABASE,2,1,9,21.1,34.43
COMPUTE,4,0,7,25.78,39.93
FILE,0,3,19,1.42,11.31
EMAIL,3,1,11,8.22,17.03
EMAIL,4,3,20,25.74,44.56
REST,4,3,14,6.05,23.76
COMPUTE,1,0,17,7.7,23.23
REST,0,0,11,12.39,17.59
FILE,3,2,7,18.77,27.81
EMAIL,3,0,7,26.04,30.74
COMPUTE,5,3,19,12.38,39.05
REST,2,0,4,7.94,15.98
REST,4,1,4,14.35,24.69
DATABASE,2,2,13,11.54,29.12
FILE,0,1,12,27.83,35.3
COMPUTE,4,3,12,14.79,37.19
DATABASE,5,0,4,7.7,23.34
FILE,3,0,11,28.29,37.69
DATABASE,3,3,15,3.84,23.94
COMPUTE,5,1,15,13.42,35.1
EMAIL,0,3,17,13.16,25.39
COMPUTE,1,1,18,19.07,37.38
DATABASE,3,1,12,26.08,42.05
REST,4,2,11,12.74,28.86
DATABASE,0,2,8,18.91,31.96
DATABASE,4,1,18,8.03,25.75
FILE,3,0,11,15.21,24.98
FILE,2,1,16,23.4,32.17
REST,1,3,10,15.22,26.52
DATABASE,5,3,15,2.64,24.47
DATABASE,3,2,15,28.62,48.12
EMAIL,5,1,6,13.73,25.34
COMPUTE,3,0,6,7.36,19.85
FILE,4,2,16,22.04,35.78
FILE,0,3,15,5.9,17.27
REST,4,3,10,17.78,33.34
DATABASE,1,0,4,21.8,28.22
EMAIL,2,1,19,7.44,19.99
COMPUTE,1,3,4,16.24,31.41
REST,1,1,14,16.6,27.81
COMPUTE,4,1,14,27.12,46.19
DATABASE,2,0,17,8.63,21.1
REST,3,1,10,3.84,15.95
FILE,4,2,11,13.21,26.23
EMAIL,2,3,7,7.17,19.63
COMPUTE,0,3,20,22.99,41.27
FILE,0,0,16,14.37,20.84
COMPUTE,1,2,6,10.9,24.84
DATABASE,1,3,4,21.26,34.85
COMPUTE,1,2,15,26.48,45.23
FILE,1,3,8,13.73,25.56
COMPUTE,0,3,18,1.73,20.77
DATABASE,2,0,8,18.62,27.03
EMAIL,4,0,12,22.41,33.96
FILE,3,2,7,25.32,37.86
DATABASE,3,0,17,19.77,33.51
REST,5,0,14,24.17,38.53
FILE,3,3,7,2.03,15.01
COMPUTE,5,0,16,1.85,20.44
EMAIL,3,1,15,5.02,15.61
EMAIL,2,0,7,8.26,14.03
FILE,4,3,11,15.98,29.38
FILE,3,0,15,25.06,34.71
DATABASE,2,3,3,29.16,43.64
COMPUTE,2,3,7,6.81,24.01
DATABASE,5,0,5,3.81,16.8
EMAIL,2,1,12,21.43,30.82
EMAIL,0,0,11,11.9,13.55
REST,1,0,5,1.28,5.43
EMAIL,3,3,14,18.09,31.25
EMAIL,2,3,8,16.44,27.49
FILE,0,3,20,26.87,39.67
EMAIL,5,3,15,8.82,26.89
FILE,5,3,18,1.92,18.91
EMAIL,4,2,12,11.33,23.6
FILE,3,0,6,28.31,35.46
FILE,3,3,15,28.42,42.54
DATABASE,5,3,14,12.72,33.79
COMPUTE,4,0,18,10.76,29.19
REST,3,1,20,14.27,29.44
EMAIL,4,3,6,13.34,26.67
EMAIL,4,1,7,19.29,28.22
FILE,3,3,19,12.41,28.47
COMPUTE,5,2,15,22.25,44.74
FILE,1,1,17,5.3,14.7
FILE,0,1,3,21.9,22.96
EMAIL,3,0,19,18.43,29.5
EMAIL,0,0,3,18.25,20.51
COMPUTE,1,3,20,7.34,27.19
FILE,3,2,7,1.42,11.6
EMAIL,1,0,9,29.85,35.27
FILE,1,2,15,8.58,17.22
DATABASE,2,0,20,15.26,28.59
FILE,2,2,14,9.31,22.46
DATABASE,3,0,9,16.81,28.03
EMAIL,5,1,12,29.19,43.36
EMAIL,3,0,12,17.37,24.25
FILE,2,2,11,2.93,12.51
REST,1,1,6,19.65,26.51
FILE,5,1,12,16.95,30.37
DATABASE,3,0,10,25.64,38.19
DATABASE,5,2,12,11.15,30.14
COMPUTE,0,2,19,21.48,39.53
REST,3,3,20,28.01,46.6
FILE,0,1,19,18.26,26.95
EMAIL,2,1,9,21.4,29.25
COMPUTE,1,2,17,9.52,26.96
DATABASE,3,1,14,21.22,36.43
COMPUTE,1,1,20,3.65,20.09
EMAIL,3,3,15,10.84,26.37
DATABASE,1,2,4,17.15,29.45
REST,0,1,13,5.05,13.48
REST,0,2,10,16.69,24.34
FILE,2,0,6,23.48,29.27
FILE,1,3,17,16.67,29.37
FILE,5,2,20,14.57,33.33
EMAIL,5,3,15,10.67,27.59
FILE,0,0,15,25.98,31.84
FILE,1,0,3,22.46,25.95
FILE,4,0,3,9.05,14.91
FILE,1,1,4,24.2,29.39
DATABASE,4,0,16,14.02,28.21
REST,5,1,12,27.34,41.3
EMAIL,2,0,9,15.23,21.5
EMAIL,2,3,9,26.27,36.86
DATABASE,4,0,19,7.25,23.3
COMPUTE,4,3,13,10.33,33.82
COMPUTE,3,3,4,11.75,32.88
FILE,0,2,8,21.1,26.93
REST,4,1,4,8.77,21.47
FILE,3,0,7,12.65,19.2
COMPUTE,1,2,11,21.49,36.68
EMAIL,0,1,3,2.54,7.39
DATABASE,2,2,20,26.3,42.56
COMPUTE,4,2,13,26.89,49.81
EMAIL,1,0,15,7.36,15.07
REST,0,0,5,17.59,19.98
DATABASE,2,3,20,20.45,38.7
COMPUTE,2,1,15,7.97,25.53
FILE,1,0,4,6.52,8.36
COMPUTE,1,1,7,16.56,28.2
EMAIL,1,2,10,12.9,20.1
COMPUTE,0,3,19,2.21,23.46
FILE,3,0,12,1.96,11.86
FILE,3,1,17,26.65,39.52
COMPUTE,5,1,6,24.6,44.78
COMPUTE,5,2,6,5.5,26.52
EMAIL,2,3,5,14.15,26.4
FILE,2,0,7,29.83,35.16
EMAIL,3,1,18,16.52,29.11
FILE,4,3,11,19.01,33.4
FILE,0,0,20,4.5,10.87
FILE,4,2,19,2.1,17.83
EMAIL,1,3,14,16.51,29.11
COMPUTE,4,2,7,23.3,44.04
FILE,1,0,3,7.85,9.21
EMAIL,1,0,18,6.75,13.87
FILE,2,2,17,25.92,38.98
EMAIL,2,0,13,27.74,34.54
DATABASE,4,0,18,20.92,35.58
EMAIL,5,1,10,3.52,16.84
EMAIL,0,2,17,24.88,34.27
COMPUTE,3,0,13,20.9,35.44
DATABASE,5,2,13,26.96,49.15
DATABASE,0,1,8,29.33,37.9
COMPUTE,3,3,9,29.22,50.28
DATABASE,3,2,15,25.83,44.47
DATABASE,2,2,14,6.38,22.51
DATABASE,3,2,6,14.68,28.35
EMAIL,5,0,5,4.6,11.95
EMAIL,2,0,14,26.3,31.76
COMPUTE,3,1,14,19.41,38.81
FILE,5,2,18,19.97,35.08
FILE,3,0,3,3.11,8.05
DATABASE,0,2,14,9.18,21.82
COMPUTE,2,1,6,25.26,38.27
DATABASE,0,2,3,10.34,18.84
COMPUTE,4,2,20,29.37,53.19
FILE,1,2,5,12.04,20.95
FILE,0,1,10,11.81,15.06
DATABASE,1,0,7,17.92,28.47
FILE,5,1,10,1.14,12.26
REST,3,0,10,20.31,31.66
EMAIL,4,3,12,1.67,18.57
FILE,4,1,15,1.59,14.48
COMPUTE,0,2,15,18.06,34.72
EMAIL,1,2,9,8.6,17.79
EMAIL,1,2,18,20.05,31.32
EMAIL,5,1,6,14.01,25.01
REST,5,3,8,19.66,36.88
DATABASE,5,1,9,9.11,24.5
EMAIL,3,0,13,12.48,22.17
REST,2,1,16,19.36,30.91
REST,0,3,10,24.02,36.79
EMAIL,1,2,5,27.05,32.14
EMAIL,2,0,6,3.81,9.9
FILE,2,3,6,22.2,34.11
EMAIL,1,2,17,10.95,22.73
COMPUTE,0,0,8,6.45,17.62
DATABASE,3,0,18,23.17,37.62
COMPUTE,4,3,13,13.32,36.83
DATABASE,4,1,14,17.11,36.15
REST,3,2,10,18.4,33.2
DATABASE,4,3,19,27.16,51.14
DATABASE,1,0,8,21.47,31.7
REST,2,1,6,16.7,23.63
DATABASE,0,2,15,17.59,30.35
EMAIL,2,3,16,24.43,37.75
FILE,4,2,6,14.15,26.92
DATABASE,2,2,9,13.89,28.91
REST,5,0,18,2.7,18.65
EMAIL,3,2,5,21.23,32.5
DATABASE,3,0,15,7.07,19.52
DATABASE,2,3,5,10.24,26.61
DATABASE,4,3,11,25.12,45.62
REST,0,3,6,13.94,23.81
COMPUTE,5,0,19,17.87,38.67
COMPUTE,4,2,4,24.76,44.2
EMAIL,2,3,9,24.74,35.35
REST,5,1,7,27.43,40.62
EMAIL,3,1,5,11.19,20.48
REST,2,0,11,8.27,18.37
DATABASE,2,1,7,5.23,18.26
COMPUTE,1,0,19,17.49,33.02
COMPUTE,1,0,9,13.1,25.16
EMAIL,0,3,10,15.65,24.5
DATABASE,2,3,15,10.06,27.03
REST,4,1,19,12.19,27.89
REST,3,3,15,5.69,23.11
EMAIL,2,2,3,26.53,35.72
DATABASE,5,2,19,28.72,51.52
EMAIL,1,3,10,11.23,22.21
DATABASE,1,1,14,25.34,38.72
EMAIL,1,0,8,16.84,19.83
DATABASE,0,1,7,24.89,33.89
DATABASE,1,0,14,28.06,37.62
DATABASE,0,1,18,9.41,20.92
REST,5,0,8,18.96,32.31
DATABASE,3,2,3,26.32,39.31
REST,4,0,11,11.14,24.09
FILE,5,2,18,21.39,36.74
COMPUTE,0,2,10,11.21,24.89
REST,5,3,7,3.35,19.23
DATABASE,1,0,16,22.49,34.33
EMAIL,2,3,6,2.85,15.36
COMPUTE,1,1,18,22.75,38.92
FILE,1,3,17,14.14,25.92
REST,3,1,14,7.47,20.35
DATABASE,4,0,5,5.15,17.61
EMAIL,2,2,11,10.71,19.71
DATABASE,2,0,14,5.2,18.8
EMAIL,1,3,19,10.6,23.48
DATABASE,5,2,7,1.14,17.75
DATABASE,3,3,3,22.6,37.57
DATABASE,5,3,9,14.53,36.33
COMPUTE,3,2,6,4.49,22.73
FILE,1,1,17,3.79,14.18
FILE,5,3,11,17.29,34.39
FILE,3,0,4,13.44,17.5
COMPUTE,4,2,5,6.69,25.67
COMPUTE,2,0,19,12.46,27.84
FILE,3,1,20,8.45,21.64
FILE,1,3,17,6.57,17.41
FILE,5,3,7,25.97,41.29
COMPUTE,3,3,15,18.93,40.51
DATABASE,3,2,13,11.23,30.12
EMAIL,4,2,3,22.32,32.78
FILE,1,2,11,7.98,18.34
DATABASE,3,1,12,10.48,24.28
EMAIL,5,0,10,8.23,20.28
DATABASE,4,1,14,20.61,36.49
FILE,0,0,19,2.08,6.31
FILE,1,1,20,24.27,34.91
REST,0,1,11,21.0,27.62
REST,1,2,7,17.64,28.87
REST,4,1,5,24.42,35.91
COMPUTE,3,3,10,10.73,31.61
DATABASE,0,3,8,17.3,29.89
EMAIL,3,0,15,22.14,31.76
COMPUTE,5,0,12,20.82,39.06
EMAIL,2,3,3,18.08,26.46
FILE,1,3,19,26.32,41.28
FILE,1,0,10,3.72,8.73
REST,1,1,13,15.39,26.2
COMPUTE,3,3,17,13.68,37.47
REST,4,3,16,28.08,45.98
EMAIL,5,2,13,18.63,32.41
FILE,3,3,13,24.93,40.62
EMAIL,2,3,15,27.97,42.25
FILE,3,2,6,9.28,18.67
EMAIL,5,1,13,27.0,39.76
COMPUTE,2,2,4,23.6,39.14
REST,2,1,12,19.63,28.37
DATABASE,4,2,10,23.63,41.87
DATABASE,0,2,16,3.95,16.59
EMAIL,2,1,6,26.36,32.38
COMPUTE,1,3,12,12.35,33.37
REST,1,3,3,26.96,37.44
FILE,3,2,15,5.61,19.07
FILE,2,0,15,9.22,15.1
COMPUTE,5,2,12,24.4,46.49
REST,0,3,9,24.22,36.65
EMAIL,3,3,20,4.36,20.92
COMPUTE,5,2,13,5.11,27.6
REST,3,2,7,1.72,14.98
REST,2,3,13,13.66,27.19
DATABASE,4,3,12,28.76,50.79
FILE,5,2,11,26.89,40.15
EMAIL,0,2,3,16.23,19.22
DATABASE,5,2,8,8.36,25.86
DATABASE,3,0,20,24.54,41.06
DATABASE,2,3,16,22.15,40.3
EMAIL,1,3,13,7.4,20.02
REST,0,0,13,13.14,17.27
FILE,1,1,15,21.34,29.7
FILE,3,0,16,29.84,40.12
COMPUTE,0,2,11,13.68,30.3
COMPUTE,1,1,15,7.35,22.98
EMAIL,0,2,6,19.42,25.91
COMPUTE,2,3,5,25.46,45.72
FILE,5,0,11,24.63,33.95
REST,1,2,9,2.22,12.32
REST,2,0,12,17.13,24.79
FILE,4,1,14,21.99,34.79
REST,5,3,4,23.63,40.73
EMAIL,5,1,3,23.47,34.64
COMPUTE,5,0,4,3.96,19.49
FILE,4,2,4,7.89,20.11
FILE,2,3,16,13.68,27.87
EMAIL,3,3,5,10.47,23.68
FILE,5,0,8,11.1,21.91
DATABASE,3,2,16,15.85,32.27
COMPUTE,1,0,7,8.45,21.1
REST,4,3,8,5.23,21.68
REST,5,1,15,18.44,35.95
REST,1,2,12,16.57,28.65
COMPUTE,5,3,18,17.16,43.83
FILE,2,3,15,8.92,24.04
DATABASE,2,3,8,12.7,27.17
FILE,2,3,12,13.19,26.97
EMAIL,4,1,13,23.71,35.88
FILE,1,3,5,25.98,35.19
COMPUTE,3,1,17,17.56,35.55
DATABASE,4,2,16,28.54,47.26
EMAIL,1,1,11,11.29,16.39
REST,1,2,4,16.48,26.95
DATABASE,4,1,5,21.11,34.76
DATABASE,1,2,15,17.46,31.86
COMPUTE,0,3,6,2.57,18.13
REST,2,1,12,15.7,24.99
FILE,3,0,13,12.95,22.44
COMPUTE,0,1,9,21.97,33.83
DATABASE,5,3,5,2.51,21.99
FILE,0,2,17,16.3,26.58
FILE,4,3,12,26.54,42.87
REST,0,3,10,3.9,14.78
FILE,4,0,17,17.66,27.62
DATABASE,4,3,11,18.24,37.74
FILE,4,0,9,25.49,35.68
DATABASE,3,3,19,28.22,48.85
REST,1,1,8,15.65,23.69
REST,4,0,10,10.13,19.83
COMPUTE,1,0,12,21.87,36.03
EMAIL,1,0,20,1.67,8.74
REST,0,0,11,13.61,18.9
FILE,3,0,5,14.57,21.05
COMPUTE,1,0,11,6.53,19.48
REST,3,3,8,25.49,40.19
COMPUTE,0,1,11,2.18,16.74
FILE,5,1,15,24.83,38.72
DATABASE,3,0,17,28.67,44.28
FILE,5,3,17,15.28,32.03
FILE,1,2,18,20.65,31.91
EMAIL,3,2,4,10.01,20.26
COMPUTE,4,0,16,6.61,25.5
COMPUTE,1,3,14,12.79,32.57
DATABASE,5,1,4,19.18,34.99
DATABASE,3,1,16,4.31,22.42
DATABASE,4,3,4,10.93,27.74
REST,0,1,17,11.56,19.18
DATABASE,0,3,15,15.83,30.85
DATABASE,4,1,7,15.82,32.16
FILE,1,0,18,18.24,23.68
FILE,4,2,6,15.5,27.21
REST,2,1,18,27.43,40.08
DATABASE,3,1,4,17.81,29.02
EMAIL,0,2,3,9.35,15.19
FILE,3,1,9,20.88,31.73
EMAIL,5,2,14,3.04,19.94
DATABASE,4,1,11,9.25,24.0
DATABASE,1,1,12,24.85,36.98
REST,2,3,18,5.6,21.63
COMPUTE,2,2,7,1.78,18.73
EMAIL,5,1,9,8.37,19.63
COMPUTE,0,0,17,6.22,17.85
DATABASE,3,1,9,28.59,42.05
COMPUTE,4,3,8,15.88,40.15
DATABASE,3,1,9,12.03,25.58
DATABASE,0,2,12,20.91,32.19
FILE,5,2,6,24.81,38.81
COMPUTE,1,1,10,23.69,36.51
FILE,0,3,9,13.18,23.64
REST,3,0,4,19.38,26.21
FILE,4,0,3,26.97,35.02
EMAIL,2,1,14,22.98,32.5
FILE,4,0,18,23.95,35.91
FILE,1,2,20,5.08,18.02
COMPUTE,4,0,10,29.47,47.88
EMAIL,1,1,18,20.07,29.28
COMPUTE,1,2,18,4.46,21.95
EMAIL,0,0,18,2.31,8.93
REST,1,2,6,1.05,12.01
REST,3,2,6,15.18,26.85
DATABASE,3,1,8,13.14,25.68
COMPUTE,4,0,12,7.84,24.24
EMAIL,2,3,11,28.04,40.64
EMAIL,2,0,20,22.17,29.65
REST,2,1,14,21.21,32.65
FILE,0,3,17,22.96,32.47
REST,3,0,13,7.08,19.34
FILE,3,3,7,11.69,23.13
REST,4,1,11,18.27,30.75
EMAIL,4,2,16,12.6,28.33
FILE,0,3,13,17.97,25.96
FILE,2,3,9,3.58,15.97
COMPUTE,3,0,16,11.72,30.98
FILE,4,3,20,1.06,18.06
DATABASE,4,1,16,5.61,23.93
REST,3,2,15,4.75,17.82
COMPUTE,4,0,4,21.73,37.01
EMAIL,4,3,20,28.01,44.93
DATABASE,1,1,8,28.93,40.69
DATABASE,3,1,18,28.09,45.45
EMAIL,1,1,9,26.97,34.0
DATABASE,4,2,10,23.45,42.78
FILE,5,1,20,4.46,19.36
EMAIL,5,0,11,28.89,40.25
FILE,2,1,3,3.07,10.32
DATABASE,5,3,8,14.21,35.43
COMPUTE,2,2,8,26.6,45.97
EMAIL,2,1,3,5.68,11.34
COMPUTE,4,0,3,29.79,46.03
FILE,4,1,13,13.77,24.63
EMAIL,0,1,9,21.04,25.5
DATABASE,4,3,13,20.56,39.79
FILE,4,0,4,2.67,9.71
REST,5,1,6,2.2,16.51
EMAIL,4,0,14,7.91,16.75
DATABASE,4,2,8,13.12,30.42
FILE,1,3,16,10.31,24.19
EMAIL,4,3,4,15.25,26.79
EMAIL,0,3,9,2.21,11.74
REST,1,0,14,24.59,33.63
COMPUTE,1,2,6,14.39,29.98
DATABASE,1,3,7,4.42,17.54
FILE,5,3,7,8.19,24.73
EMAIL,0,2,14,17.47,25.53
DATABASE,4,3,7,10.58,31.06
FILE,2,0,20,22.14,32.9
REST,3,0,16,10.95,23.25
EMAIL,4,3,15,8.81,23.89
FILE,2,3,17,11.02,26.46
DATABASE,0,1,15,6.34,16.5
EMAIL,5,0,4,4.13,12.32
EMAIL,1,3,3,13.48,23.37
EMAIL,3,3,7,13.83,26.38
COMPUTE,3,1,14,25.54,42.59
FILE,5,2,15,23.1,40.9
FILE,0,2,4,3.18,6.52
COMPUTE,5,2,15,23.67,49.27
DATABASE,0,1,16,25.03,37.87
COMPUTE,0,3,6,8.51,25.42
FILE,5,0,5,6.98,16.46
FILE,1,3,18,12.53,25.78
COMPUTE,2,3,4,23.14,41.72
FILE,4,3,5,22.32,36.74
EMAIL,4,1,6,17.77,25.7
COMPUTE,0,2,10,1.52,16.44
DATABASE,0,2,8,17.26,29.17
DATABASE,2,3,16,14.02,32.9
COMPUTE,1,1,7,21.54,36.78
REST,2,1,14,14.57,24.35
REST,3,0,12,14.45,22.73
FILE,0,3,14,21.59,31.2
DATABASE,2,0,20,24.36,37.68
FILE,4,3,14,12.38,27.02
EMAIL,5,1,6,8.79,18.37
COMPUTE,5,2,5,15.0,36.17
FILE,0,0,15,22.35,28.34
FILE,0,2,14,13.1,20.58
FILE,4,1,19,20.15,35.51
COMPUTE,0,1,19,15.9,30.58
EMAIL,1,1,12,13.17,20.19
REST,4,0,7,13.5,23.79
DATABASE,2,2,7,5.21,17.32
EMAIL,1,1,8,25.69,29.66
FILE,4,0,7,29.18,37.53
EMAIL,0,3,3,26.72,35.15
FILE,0,0,7,17.16,20.82
DATABASE,3,1,10,25.7,39.98
FILE,0,1,8,27.54,30.63
REST,1,1,6,11.51,17.94
EMAIL,5,1,16,13.67,27.82
REST,1,2,19,17.87,29.65
COMPUTE,1,2,6,24.35,40.05
DATABASE,1,3,15,16.87,35.57
EMAIL,1,0,3,27.08,27.71
EMAIL,1,2,20,10.4,20.12
EMAIL,3,3,20,12.69,28.76
DATABASE,3,2,11,14.09,31.84
REST,4,3,15,5.2,23.19
DATABASE,0,3,17,2.71,18.74
REST,4,0,11,2.66,14.82
REST,0,2,17,25.94,37.22
FILE,0,2,11,10.57,17.98
COMPUTE,4,1,13,11.38,30.77
EMAIL,0,0,16,26.23,32.93
COMPUTE,3,3,11,12.77,34.02
DATABASE,1,3,8,2.48,16.03
EMAIL,5,0,4,27.09,34.89
COMPUTE,1,2,17,19.11,39.0
DATABASE,4,1,12,3.45,18.16
REST,1,2,5,1.36,12.3
FILE,1,0,18,6.43,15.02
EMAIL,5,2,17,5.52,23.22
FILE,1,1,3,19.34,23.74
REST,5,1,4,20.36,31.75
EMAIL,2,3,13,5.8,18.19
COMPUTE,4,1,14,8.54,30.7
DATABASE,3,3,7,8.83,26.47
EMAIL,5,0,8,23.5,35.0
DATABASE,1,0,15,16.64,26.13
FILE,4,1,3,8.78,16.46
COMPUTE,3,0,6,17.49,30.07
EMAIL,1,3,5,16.88,24.77
FILE,4,2,19,21.13,35.02
EMAIL,2,1,11,14.37,21.39
COMPUTE,0,1,15,24.33,38.95
DATABASE,2,3,17,20.76,38.41
REST,1,3,5,14.78,24.79
REST,5,1,3,12.27,23.46
REST,4,0,20,18.7,34.64
FILE,2,3,19,22.3,35.89
FILE,4,3,4,11.76,24.04
DATABASE,5,3,19,18.11,40.42
REST,5,2,6,7.78,23.39
EMAIL,2,3,6,26.58,36.04
COMPUTE,0,0,7,1.07,11.08
FILE,4,0,3,12.73,20.04
DATABASE,2,1,13,21.1,33.21
DATABASE,4,3,12,6.86,26.66
DATABASE,2,2,6,5.7,18.01
FILE,0,1,16,20.9,27.75
DATABASE,5,0,17,12.68,28.64
COMPUTE,0,1,3,7.5,17.58
DATABASE,0,2,3,29.36,41.14
FILE,3,0,12,12.88,22.49
FILE,0,3,19,25.89,37.61
EMAIL,1,2,10,27.7,34.92
FILE,5,0,11,6.12,17.43
COMPUTE,3,0,3,11.29,22.86
EMAIL,3,1,8,22.79,32.32
FILE,0,1,3,4.26,6.33
EMAIL,0,0,10,11.32,14.45
REST,0,1,9,11.36,18.58
FILE,5,3,18,12.86,32.74
FILE,5,3,15,9.36,27.5
FILE,3,1,19,15.79,29.72
REST,4,1,3,8.05,17.75
REST,0,2,10,16.21,24.67
EMAIL,4,2,8,3.88,17.51
COMPUTE,3,0,16,29.75,45.33
FILE,3,3,7,1.4,15.88
EMAIL,1,2,16,22.03,30.55
FILE,4,2,4,5.79,16.65
DATABASE,5,2,6,21.09,39.69
DATABASE,0,2,5,25.04,34.29
DATABASE,1,3,4,17.63,31.93
COMPUTE,2,2,15,16.19,36.51
FILE,0,2,16,2.22,10.44
COMPUTE,3,1,19,25.07,44.18
COMPUTE,0,1,18,2.67,16.47
DATABASE,1,1,14,4.93,15.87
EMAIL,0,2,7,24.68,31.13
COMPUTE,0,0,14,4.72,15.4
EMAIL,3,3,18,27.68,45.11
EMAIL,3,3,18,20.26,36.36
FILE,4,2,9,9.57,22.81
FILE,2,1,3,13.5,19.87
DATABASE,4,2,18,6.27,27.0
EMAIL,3,2,6,26.14,34.78
EMAIL,1,1,19,10.04,18.23
REST,5,1,14,29.16,46.21
EMAIL,0,3,19,7.57,17.74
REST,2,1,7,17.2,26.41
FILE,4,3,18,10.13,26.73
COMPUTE,5,0,12,6.37,27.41
DATABASE,4,3,20,28.33,53.19
EMAIL,4,2,3,17.0,28.64
COMPUTE,3,3,7,20.33,41.03
EMAIL,0,1,13,3.76,9.23
EMAIL,1,2,7,21.13,30.01
FILE,4,3,19,10.42,26.6
EMAIL,3,0,13,11.47,21.09
REST,5,2,9,11.17,27.58
EMAIL,4,2,12,9.41,21.68
COMPUTE,0,1,4,14.19,24.49
REST,2,0,14,9.98,18.26
COMPUTE,4,2,7,14.04,35.45
COMPUTE,1,1,4,17.77,30.6
EMAIL,5,0,6,3.71,14.28
COMPUTE,0,0,13,22.74,33.36
DATABASE,2,3,9,11.01,28.27
FILE,1,2,14,12.55,22.91
FILE,5,0,4,18.28,28.66
REST,0,0,10,21.51,27.84
EMAIL,0,3,9,25.44,35.01
EMAIL,5,1,16,25.67,41.55
COMPUTE,0,0,12,4.05,15.71
EMAIL,4,2,7,14.1,25.12
FILE,3,0,10,10.46,19.1
COMPUTE,3,3,12,19.43,42.66
EMAIL,3,2,16,15.64,28.19
COMPUTE,1,1,10,8.5,23.6
FILE,5,0,15,3.61,15.14
DATABASE,3,0,4,1.48,12.24
REST,5,1,15,14.1,28.25
FILE,3,0,13,17.44,26.9
COMPUTE,4,3,16,7.27,31.59
COMPUTE,5,3,13,3.57,28.34
DATABASE,0,3,10,26.77,39.79
EMAIL,2,1,6,16.79,25.17
DATABASE,0,3,13,3.27,16.18
EMAIL,0,1,19,20.13,27.6
COMPUTE,2,1,16,5.44,23.17
DATABASE,4,1,17,7.49,24.72
REST,5,0,3,22.99,35.32
DATABASE,5,1,3,23.75,37.59
EMAIL,5,3,8,24.24,39.45
DATABASE,0,0,7,29.22,34.84
FILE,2,0,11,28.06,32.87
DATABASE,0,1,17,21.71,32.23
DATABASE,3,3,7,29.44,48.95
FILE,3,0,11,18.5,24.31
COMPUTE,1,2,11,17.17,34.94
COMPUTE,5,0,11,5.15,25.58
DATABASE,1,3,17,3.41,22.07
REST,0,3,20,8.59,23.31
EMAIL,0,1,5,28.21,32.63
DATABASE,2,2,19,9.3,28.94
DATABASE,1,0,14,20.01,31.32
DATABASE,3,2,19,3.89,24.15
EMAIL,2,2,3,8.25,16.1
FILE,2,1,20,28.1,37.66
COMPUTE,2,1,20,27.69,48.38
DATABASE,3,3,10,7.4,26.0
REST,5,2,6,13.85,27.32
EMAIL,1,1,15,9.04,17.78
COMPUTE,4,2,3,1.5,22.02
DATABASE,5,3,12,10.91,34.09
FILE,4,2,20,17.33,32.18
EMAIL,4,1,9,16.03,26.0
REST,2,2,14,25.13,37.5
DATABASE,2,1,3,5.13,14.17
EMAIL,3,2,11,16.95,29.97
EMAIL,0,2,18,12.05,20.28
FILE,0,0,15,14.77,18.95
FILE,2,0,17,2.2,11.4
EMAIL,2,1,19,1.07,10.99
EMAIL,3,3,19,21.67,37.29
DATABASE,5,0,20,26.72,45.65
EMAIL,4,1,3,18.2,26.79
EMAIL,3,1,14,26.38,36.09
REST,4,2,3,25.25,38.63
DATABASE,5,3,20,15.28,38.54
REST,4,0,3,8.72,17.47
COMPUTE,1,2,7,27.97,42.45
REST,1,0,8,20.07,26.22
FILE,5,3,3,28.82,42.29
FILE,3,1,3,28.3,36.26
COMPUTE,0,3,3,24.28,37.88
REST,5,3,6,17.16,34.02
COMPUTE,0,0,9,9.65,22.32
REST,2,0,4,14.19,21.43
DATABASE,0,3,7,11.4,26.48
DATABASE,4,3,10,18.92,40.35
DATABASE,5,1,5,6.82,23.23
EMAIL,5,1,10,19.56,32.74
EMAIL,4,1,13,10.15,23.27
REST,2,0,12,22.07,29.86
FILE,1,1,6,21.3,24.69
COMPUTE,5,0,18,26.4,47.85
FILE,4,1,3,24.23,34.35
FILE,1,1,9,20.67,28.34
FILE,1,1,4,1.16,5.76
EMAIL,0,0,10,28.98,33.15
FILE,0,1,10,29.72,32.92
DATABASE,0,0,3,3.4,9.26
COMPUTE,3,3,6,11.08,31.45
COMPUTE,5,0,19,27.89,47.75
FILE,3,1,15,3.86,14.58
DATABASE,4,2,18,27.22,49.32
DATABASE,3,2,4,12.2,27.14
FILE,5,0,9,2.86,12.27
EMAIL,5,3,6,6.88,20.21
COMPUTE,1,2,13,9.52,27.41
DATABASE,4,0,10,19.58,33.25
DATABASE,5,1,4,29.44,45.53
DATABASE,1,3,9,8.73,23.38
FILE,4,2,14,29.93,43.43
REST,3,3,17,14.67,31.53
DATABASE,0,0,8,25.15,31.48
REST,1,0,13,26.33,33.86
DATABASE,5,0,9,20.52,35.96
EMAIL,2,3,10,5.08,18.09
EMAIL,4,0,20,12.75,26.05
DATABASE,4,3,4,13.51,32.53
DATABASE,0,3,9,5.97,20.45
DATABASE,1,1,8,2.91,14.25
DATABASE,0,2,17,17.75,31.06
DATABASE,3,1,13,16.79,32.94
REST,0,1,6,6.74,10.7
DATABASE,3,1,9,20.25,34.32
COMPUTE,2,3,6,10.98,28.01
FILE,4,2,5,4.76,16.19
EMAIL,5,2,14,22.5,37.33
COMPUTE,1,1,5,14.33,26.11
EMAIL,4,0,19,27.4,40.25
DATABASE,4,0,20,15.39,33.49
FILE,1,1,20,1.65,10.5
EMAIL,2,2,4,28.95,37.19
EMAIL,4,2,13,3.33,18.52
REST,5,1,11,20.55,35.84
REST,1,1,3,21.7,27.22
EMAIL,3,0,8,27.64,33.76
EMAIL,0,1,4,26.31,30.25
EMAIL,3,0,16,10.86,18.35
FILE,0,2,5,25.89,32.09
COMPUTE,3,0,6,8.61,23.97
COMPUTE,3,1,15,13.8,31.54
EMAIL,0,0,7,17.25,21.18
COMPUTE,4,2,11,16.0,38.38
DATABASE,2,1,10,12.69,25.87
EMAIL,4,1,6,27.81,35.84
EMAIL,5,3,16,13.85,31.55
EMAIL,3,0,6,9.47,14.74
EMAIL,3,2,11,22.19,35.33
FILE,0,1,19,19.15,27.92
COMPUTE,3,0,17,24.36,40.58
COMPUTE,5,0,10,16.14,33.69
EMAIL,1,0,18,1.51,6.85
DATABASE,2,2,10,22.08,38.27
FILE,1,0,10,16.67,21.59
DATABASE,5,2,16,20.52,39.89
DATABASE,2,0,11,3.2,12.81
DATABASE,5,1,20,19.65,38.86
COMPUTE,1,3,15,4.85,23.27
EMAIL,3,3,10,28.42,41.72
COMPUTE,1,0,20,24.96,39.15
FILE,1,2,12,2.15,11.41
COMPUTE,3,1,15,9.43,29.6
DATABASE,4,3,11,20.51,39.69
COMPUTE,3,0,12,20.52,37.21
EMAIL,0,2,17,24.5,33.48
REST,4,2,5,19.05,32.31
COMPUTE,2,1,14,2.4,19.17
FILE,4,1,14,13.96,27.61
REST,3,1,8,12.44,22.78
DATABASE,5,1,8,2.05,17.38
DATABASE,0,1,14,14.61,24.05
REST,4,0,14,24.1,36.74
EMAIL,2,0,18,2.86,12.4
DATABASE,1,2,8,10.08,24.33
EMAIL,2,0,9,29.91,37.33
COMPUTE,5,1,13,1.25,23.84
DATABASE,4,1,15,3.77,21.96
COMPUTE,3,1,7,20.94,39.47
EMAIL,1,1,7,23.08,26.71
COMPUTE,0,3,15,3.66,24.02
REST,1,0,8,11.07,17.07
COMPUTE,4,2,15,10.26,31.07
COMPUTE,1,3,5,5.08,22.49
FILE,5,0,14,24.31,34.36
DATABASE,5,3,14,23.42,47.13
DATABASE,0,2,3,29.48,38.84
EMAIL,3,0,18,6.31,16.65
COMPUTE,3,1,3,3.78,18.96
DATABASE,2,3,4,21.59,35.47
COMPUTE,5,0,17,13.26,34.38
DATABASE,3,1,8,8.3,24.11
COMPUTE,1,2,19,10.66,30.87
REST,2,3,6,9.19,23.89
COMPUTE,2,0,5,1.44,13.42
EMAIL,0,2,8,23.05,27.84
EMAIL,4,0,20,10.5,21.91
DATABASE,0,2,10,26.37,37.8
COMPUTE,0,2,20,22.1,39.43
REST,1,1,14,9.73,18.09
REST,3,2,12,26.19,40.46
COMPUTE,0,1,13,11.08,23.09
EMAIL,4,0,8,17.6,26.3
EMAIL,3,0,20,3.67,15.65
EMAIL,1,2,14,21.82,31.44
REST,5,3,9,13.17,32.72
FILE,5,3,16,13.04,32.6
EMAIL,2,1,16,19.33,28.86
REST,0,3,4,26.14,36.13
COMPUTE,4,2,8,1.76,23.11
EMAIL,4,3,8,19.47,32.53
EMAIL,4,1,17,24.86,36.53
COMPUTE,4,0,7,24.78,41.71
COMPUTE,5,2,7,4.44,27.13
FILE,3,0,11,3.4,11.86
DATABASE,3,0,19,8.45,23.1
DATABASE,4,0,18,15.36,33.71
COMPUTE,1,1,6,17.93,30.21
COMPUTE,0,2,13,27.7,42.34
DATABASE,1,3,4,10.25,23.47
EMAIL,5,2,19,26.4,43.95
REST,1,0,17,5.95,13.78
DATABASE,2,0,4,14.37,23.14
REST,4,2,4,2.47,17.3
EMAIL,1,1,5,18.28,22.5
COMPUTE,4,1,6,29.81,47.69
COMPUTE,2,3,13,23.1,42.85
EMAIL,1,2,11,1.61,10.54
DATABASE,1,3,13,25.25,40.17
FILE,1,2,9,28.93,36.34
COMPUTE,5,2,14,28.28,51.12
DATABASE,2,0,3,7.78,17.92
REST,2,3,10,5.17,17.19
FILE,0,0,17,15.14,19.79
DATABASE,2,1,11,3.88,16.08
EMAIL,5,1,11,24.31,39.09
REST,3,0,6,15.1,23.1
DATABASE,1,3,10,19.21,36.31
DATABASE,3,2,8,18.72,34.54
EMAIL,3,1,15,24.15,36.95
DATABASE,2,3,14,21.16,39.5
REST,1,0,3,6.04,11.96
EMAIL,0,0,8,9.41,9.95
DATABASE,0,1,7,29.55,36.94
EMAIL,0,3,12,29.45,37.93
REST,1,1,15,25.2,33.97
DATABASE,5,3,20,8.73,32.46
EMAIL,2,3,16,15.65,28.48
DATABASE,5,1,9,29.44,47.94
COMPUTE,1,1,5,21.54,36.52
DATABASE,5,3,11,2.91,26.18
REST,4,1,10,15.54,26.96
COMPUTE,3,1,18,17.05,38.01
REST,0,0,20,23.38,32.57
FILE,3,0,3,21.42,25.54
EMAIL,5,1,15,18.3,33.34
EMAIL,3,1,10,29.78,40.38
FILE,4,3,20,22.67,41.82
EMAIL,2,2,12,19.94,32.36
REST,5,0,12,22.41,37.36
EMAIL,1,1,13,28.89,35.97
REST,4,0,20,26.04,40.44
COMPUTE,2,2,4,23.64,39.43
EMAIL,1,0,9,17.86,22.49
COMPUTE,4,3,20,6.48,30.95
FILE,5,1,10,16.82,30.47
REST,1,0,9,15.92,23.16
COMPUTE,4,2,16,24.39,46.26
REST,4,1,15,27.08,41.24
DATABASE,2,3,14,21.24,38.13
EMAIL,5,0,11,28.36,40.71
DATABASE,1,1,17,24.62,37.58
DATABASE,0,2,14,23.83,38.06
EMAIL,5,1,4,14.43,25.52
REST,0,3,4,5.08,14.24
DATABASE,5,1,16,22.41,40.96
REST,2,3,17,9.28,25.04
REST,3,0,13,28.26,38.9
EMAIL,3,0,17,12.87,23.56
FILE,5,2,19,10.27,27.3
COMPUTE,5,1,18,4.55,26.47
REST,2,0,8,11.55,18.24
REST,4,3,12,26.98,43.74
DATABASE,3,0,10,6.48,18.0
EMAIL,2,0,20,3.35,10.57
REST,5,2,18,21.7,42.02
COMPUTE,2,3,19,3.37,25.36
FILE,5,3,9,4.53,22.65
REST,3,1,8,18.22,30.97
EMAIL,3,0,5,2.75,10.64
REST,4,2,6,6.17,19.19
FILE,0,0,9,28.05,32.2
FILE,1,1,12,18.68,26.96
REST,4,3,19,22.23,42.97
EMAIL,5,3,14,11.44,28.73
EMAIL,4,0,20,27.44,37.94
DATABASE,2,1,19,19.22,36.56
COMPUTE,0,0,4,10.9,19.51
DATABASE,2,3,15,10.54,29.34
EMAIL,0,3,3,19.4,25.83
FILE,0,0,13,17.97,20.32
REST,5,3,3,21.28,38.66
REST,1,1,4,4.89,11.17
COMPUTE,2,2,10,27.81,46.01
EMAIL,0,1,14,28.14,36.26
DATABASE,2,0,15,28.65,42.17
FILE,2,2,20,11.58,24.24
FILE,3,1,9,22.66,33.86
EMAIL,2,0,13,11.05,19.7
COMPUTE,0,1,6,7.96,19.27
FILE,4,0,19,5.82,18.86
FILE,4,3,4,23.69,37.22
FILE,2,3,13,25.61,36.94
FILE,5,3,4,23.34,38.92
FILE,3,3,6,17.26,30.21
EMAIL,2,1,10,12.9,19.98
DATABASE,4,0,16,29.87,44.28
REST,0,1,12,4.44,12.8
REST,2,1,19,12.94,23.87
DATABASE,1,3,9,29.15,43.35
REST,0,1,7,29.96,34.76
COMPUTE,0,1,17,6.68,23.52
DATABASE,2,2,8,3.26,18.18
EMAIL,5,2,9,14.67,30.23
DATABASE,0,3,14,22.61,39.1
COMPUTE,4,1,10,29.37,48.97
DATABASE,3,0,13,16.99,32.16
FILE,2,2,4,15.23,22.46
FILE,1,0,5,9.34,13.36
COMPUTE,4,2,16,29.51,50.71
DATABASE,5,3,6,28.03,50.32
COMPUTE,4,0,11,16.27,31.86
FILE,4,2,5,26.3,38.19
REST,1,1,10,4.74,11.74
EMAIL,0,2,9,25.93,30.66
DATABASE,2,0,5,7.08,18.07
DATABASE,3,2,15,9.69,26.86
REST,1,3,9,4.49,18.4
COMPUTE,0,2,18,12.77,29.97
COMPUTE,5,3,5,2.75,25.19
FILE,4,2,9,8.29,19.55
COMPUTE,2,3,13,13.0,32.56
REST,3,3,3,8.31,23.43
REST,3,2,13,9.55,23.65
FILE,0,0,8,24.71,28.33
EMAIL,4,3,17,14.29,32.84
REST,2,3,6,28.54,39.57
REST,3,3,7,13.05,29.64
COMPUTE,3,2,6,14.8,32.04
REST,5,3,20,24.43,46.38
COMPUTE,0,0,20,29.04,42.28
DATABASE,2,0,20,4.26,16.32
REST,2,2,18,11.37,24.21
DATABASE,5,0,8,14.63,29.58
DATABASE,2,1,4,25.94,35.87
REST,5,1,17,23.16,40.27
COMPUTE,0,0,15,22.79,37.15
REST,2,0,12,1.68,8.8
COMPUTE,4,1,12,28.75,47.37
DATABASE,5,3,18,27.94,52.36
EMAIL,0,3,8,23.1,33.08
FILE,4,3,12,5.69,20.93
COMPUTE,3,1,4,11.51,28.27
FILE,3,2,7,8.23,17.27
COMPUTE,5,3,13,28.43,55.42
REST,2,2,5,8.87,17.71
COMPUTE,0,3,5,8.11,22.15
DATABASE,5,1,5,13.8,29.84
FILE,1,1,18,26.13,34.32
EMAIL,3,0,18,3.94,14.66
EMAIL,1,1,14,6.33,13.09
COMPUTE,3,2,18,19.36,39.38
COMPUTE,2,0,18,21.74,36.47
FILE,4,3,16,5.15,20.53
REST,4,1,3,28.58,38.23
REST,4,1,20,25.44,39.88
EMAIL,3,1,9,20.52,27.94
EMAIL,3,2,10,21.4,33.56
FILE,2,2,7,27.17,34.81
COMPUTE,1,3,12,3.07,22.35
DATABASE,1,0,12,11.1,20.93
EMAIL,4,1,8,18.94,31.34
COMPUTE,5,3,12,6.53,29.81
COMPUTE,1,2,15,3.42,21.78
FILE,0,0,4,16.57,16.93
DATABASE,5,1,8,3.57,19.53
DATABASE,3,0,8,6.57,20.07
EMAIL,1,3,13,18.44,31.39
FILE,4,2,18,28.06,45.02
REST,2,1,8,3.26,14.6
EMAIL,2,2,16,7.6,17.99
FILE,1,3,17,3.02,14.39
FILE,5,2,19,5.51,22.72
DATABASE,4,2,16,24.53,44.82
REST,3,0,8,14.4,21.48
COMPUTE,3,2,5,22.6,38.78
DATABASE,4,0,9,4.78,19.51
COMPUTE,4,2,20,4.13,29.67
REST,4,1,18,23.45,40.46
EMAIL,2,2,12,10.19,21.72
EMAIL,0,3,10,21.92,29.85
FILE,2,1,5,4.91,12.83
FILE,1,1,3,10.67,16.73
REST,2,2,13,5.32,19.11
REST,3,3,6,4.45,17.64
EMAIL,3,2,16,9.47,22.23
EMAIL,3,2,12,1.01,15.1
REST,4,2,7,3.61,16.14
REST,4,3,17,10.06,28.04
EMAIL,4,0,18,21.29,33.91
EMAIL,5,0,13,1.87,12.5
EMAIL,3,0,9,22.31,31.15
EMAIL,1,1,12,2.23,8.9
FILE,3,3,3,27.0,36.63
EMAIL,1,1,11,24.73,32.52
FILE,3,2,11,29.1,40.53
FILE,5,1,3,4.44,16.12
DATABASE,1,3,8,9.83,24.69
DATABASE,1,3,7,20.24,35.68
COMPUTE,1,1,6,12.6,25.65
FILE,0,0,12,7.06,12.24
FILE,3,3,6,9.13,22.95
REST,3,0,11,3.51,13.9
DATABASE,0,1,14,29.13,39.23
FILE,3,2,18,23.88,38.38
EMAIL,4,3,5,25.34,40.37
DATABASE,3,0,17,14.12,30.23
COMPUTE,1,0,19,26.55,41.66
REST,1,2,8,6.63,15.12
REST,4,3,4,26.86,42.7
EMAIL,1,3,12,17.68,27.78
DATABASE,5,3,7,10.39,29.22
COMPUTE,5,1,14,23.81,47.12
FILE,3,3,10,15.74,29.0
REST,5,0,15,8.74,20.77
REST,3,1,3,12.5,22.87
EMAIL,3,0,3,27.62,33.5
COMPUTE,2,3,17,27.25,50.47
EMAIL,4,2,8,26.8,37.67
COMPUTE,2,0,11,14.33,29.21
REST,1,1,18,20.05,31.17
EMAIL,4,3,13,7.47,22.15
COMPUTE,1,3,8,9.69,27.1
EMAIL,1,0,11,4.92,8.32
FILE,5,1,20,20.44,36.85
FILE,1,0,6,26.75,30.18
COMPUTE,4,1,8,15.62,32.36
COMPUTE,0,3,7,11.0,28.64
FILE,1,1,10,14.74,19.91
COMPUTE,5,2,19,21.91,46.57
DATABASE,5,0,13,14.75,30.04
EMAIL,1,2,10,13.76,23.58
COMPUTE,0,1,20,20.48,35.44
DATABASE,2,1,11,19.4,33.12
REST,2,1,6,29.81,37.64
COMPUTE,5,2,4,14.21,33.32
COMPUTE,3,1,15,7.16,26.17
EMAIL,4,2,15,8.09,23.53
COMPUTE,3,3,19,5.49,29.86
EMAIL,2,0,16,26.28,34.84
FILE,4,3,8,22.74,35.76
FILE,1,2,15,19.46,30.68
FILE,3,2,6,12.6,23.03
FILE,5,3,9,26.94,43.18
DATABASE,1,2,11,15.04,29.76
DATABASE,1,1,16,21.63,33.56
DATABASE,5,1,19,26.73,45.27
EMAIL,2,1,13,23.36,34.12
FILE,4,3,7,2.62,18.36
REST,0,1,14,29.5,37.73
REST,0,0,13,2.8,7.42
FILE,1,1,15,5.28,11.6
DATABASE,1,3,4,24.15,37.47
EMAIL,3,0,7,26.99,33.58
DATABASE,5,0,10,24.81,38.36
FILE,4,3,13,25.91,40.58
COMPUTE,2,0,14,25.87,42.78
REST,4,1,20,21.69,38.03
REST,5,0,13,14.65,26.15
REST,5,0,6,22.88,34.61
FILE,2,1,19,18.12,28.23
EMAIL,0,3,18,9.41,20.6
REST,5,3,18,11.27,33.06
FILE,0,2,15,17.7,28.19
FILE,2,3,16,22.9,35.67
COMPUTE,5,3,6,2.7,25.32
DATABASE,1,3,20,5.12,25.23
DATABASE,1,3,15,19.64,36.71
REST,1,1,8,18.75,27.4
COMPUTE,2,0,6,2.75,16.43
DATABASE,0,1,15,8.85,20.58
FILE,0,0,19,4.74,11.55
FILE,3,1,19,25.97,38.79
COMPUTE,3,1,9,1.18,18.86
FILE,2,2,4,18.99,25.9
COMPUTE,3,0,3,29.0,40.94
FILE,5,0,18,9.03,21.86
EMAIL,5,2,9,16.09,28.85
COMPUTE,1,2,17,6.05,25.87
FILE,3,3,3,6.99,18.28
COMPUTE,5,0,15,18.95,37.34
EMAIL,0,1,13,7.51,14.76
EMAIL,5,2,9,28.57,42.95
EMAIL,1,2,17,4.63,16.8
DATABASE,0,1,18,3.5,14.18
DATABASE,5,1,9,24.25,42.67
COMPUTE,0,1,18,24.06,39.12
DATABASE,0,1,3,22.24,29.96
DATABASE,2,1,19,25.87,41.06
FILE,1,0,19,1.04,7.45
DATABASE,4,1,11,4.94,21.21
DATABASE,4,2,18,1.11,21.53
EMAIL,0,1,8,29.61,33.54
REST,5,3,13,5.57,24.52
REST,3,2,8,29.39,42.97
DATABASE,1,3,17,5.27,22.26
COMPUTE,5,2,9,25.96,48.09
FILE,4,1,19,14.35,27.32
EMAIL,4,3,7,7.68,20.76
EMAIL,1,3,6,10.63,19.65
FILE,0,2,17,20.17,30.48
REST,0,3,10,19.36,30.1
DATABASE,2,2,10,19.64,34.58
EMAIL,2,1,5,11.05,18.78
FILE,3,1,13,15.05,23.67
COMPUTE,1,1,16,24.94,40.79
DATABASE,3,2,7,8.69,25.95
FILE,0,2,7,17.25,22.25
EMAIL,0,3,18,13.86,25.85
REST,0,3,17,26.72,39.58
DATABASE,4,3,4,5.75,23.63
REST,2,2,20,16.46,30.14
COMPUTE,4,1,19,2.8,22.97
DATABASE,1,0,13,10.83,20.4
REST,4,3,14,17.02,34.19
EMAIL,3,2,12,9.06,21.55
REST,5,3,4,13.45,28.39
DATABASE,3,1,13,17.0,31.21
EMAIL,0,1,17,12.16,18.0
EMAIL,3,0,17,25.85,34.36
COMPUTE,4,2,8,18.71,39.3
REST,1,3,3,29.77,40.58
REST,1,0,8,12.46,18.87
FILE,2,0,20,28.01,37.65
FILE,0,1,8,10.42,16.21
EMAIL,0,3,12,25.11,36.53
COMPUTE,1,3,10,8.15,26.48
EMAIL,0,2,7,11.89,19.94
FILE,1,3,4,25.91,36.42
FILE,1,3,16,19.16,30.61
FILE,5,0,20,9.16,23.94
EMAIL,1,3,18,4.22,17.04
COMPUTE,3,1,4,17.38,32.02
FILE,3,1,3,13.85,21.67
COMPUTE,0,0,16,10.96,24.63
FILE,2,0,8,14.49,20.9
FILE,4,0,4,15.01,21.65
EMAIL,2,2,9,13.37,23.0
FILE,3,0,17,5.88,14.5
COMPUTE,5,0,13,25.4,46.1
COMPUTE,4,3,19,28.57,55.79
REST,5,3,15,16.44,36.48
COMPUTE,0,1,8,17.11,31.18
REST,1,3,15,6.43,19.86
EMAIL,1,1,19,1.83,10.69
EMAIL,0,1,12,19.46,24.31
COMPUTE,1,0,17,12.19,24.96
EMAIL,0,3,3,25.88,31.69
DATABASE,1,3,18,2.96,19.01
REST,2,2,19,21.81,35.91
DATABASE,2,2,3,24.3,37.06
FILE,3,0,13,21.54,28.84
EMAIL,0,3,4,14.82,21.34
DATABASE,4,3,17,21.77,43.61
DATABASE,2,0,18,25.76,37.91
FILE,2,3,13,23.93,37.82
FILE,4,2,17,8.96,22.2
FILE,0,2,7,14.8,20.76
FILE,5,3,19,25.31,46.41
FILE,4,2,15,5.66,18.75
COMPUTE,4,0,12,7.61,26.0
REST,0,3,5,3.32,14.38
REST,3,1,4,28.03,37.09
COMPUTE,3,0,10,28.91,45.99
DATABASE,0,3,14,23.46,38.83
DATABASE,1,2,9,3.86,18.06
FILE,0,1,11,10.52,17.31
DATABASE,5,0,7,7.01,23.47
COMPUTE,4,3,13,12.19,35.47
EMAIL,4,0,17,20.9,33.12
COMPUTE,0,2,3,11.17,25.95
DATABASE,5,1,20,7.16,29.38
COMPUTE,4,2,16,6.73,29.17
FILE,0,2,12,20.87,27.1
DATABASE,2,0,3,24.37,32.31
FILE,1,0,7,15.74,18.48
COMPUTE,5,0,18,22.65,42.3
DATABASE,2,2,6,9.55,24.42
EMAIL,3,2,3,8.12,18.61
COMPUTE,2,3,7,4.79,24.35
REST,2,2,3,26.25,37.8
FILE,2,2,12,22.97,34.92
DATABASE,5,1,4,9.27,23.41
REST,1,1,6,11.01,16.79
REST,4,3,7,28.1,45.18
REST,2,0,6,8.79,15.98
COMPUTE,0,0,9,19.46,31.69
FILE,1,0,3,1.51,2.75
REST,4,3,18,19.33,38.36
COMPUTE,5,3,20,1.33,29.65
COMPUTE,0,1,5,18.34,29.96
COMPUTE,2,2,15,5.25,23.38
FILE,4,2,8,14.12,25.54
FILE,1,2,12,18.36,25.64
DATABASE,5,2,18,10.01,31.86
COMPUTE,3,3,11,25.92,45.79
REST,2,3,11,9.3,23.42
DATABASE,1,1,9,1.21,13.79
FILE,4,2,10,16.4,30.1
FILE,1,2,14,2.96,12.64
EMAIL,0,0,5,13.38,13.9
EMAIL,0,1,13,12.52,18.77
REST,3,2,20,3.06,18.54
FILE,4,3,10,29.68,43.45
DATABASE,5,3,19,16.75,42.54
EMAIL,0,2,12,23.66,32.4
DATABASE,5,0,3,20.06,34.42
REST,4,0,16,28.8,40.7
REST,1,0,20,25.62,35.27
REST,3,0,17,10.49,20.39
EMAIL,0,3,19,26.47,36.25
DATABASE,1,3,11,13.48,31.01
COMPUTE,2,1,6,28.44,43.49
DATABASE,0,1,6,16.99,26.23
COMPUTE,2,0,15,8.39,22.23
DATABASE,1,2,18,28.79,44.76
EMAIL,3,1,9,18.77,28.88
EMAIL,0,1,12,2.81,9.05
FILE,2,2,5,11.3,20.97
EMAIL,0,0,18,25.82,31.81
DATABASE,1,3,13,5.26,20.08
COMPUTE,2,1,18,26.09,44.51
EMAIL,4,1,8,10.09,20.49
FILE,2,0,14,23.95,32.19
COMPUTE,3,3,20,3.54,29.58
FILE,5,1,4,8.3,18.77
DATABASE,3,3,7,14.33,31.2
DATABASE,2,3,5,1.59,16.72
COMPUTE,3,1,6,7.06,22.73
FILE,1,0,12,25.27,30.87
EMAIL,0,2,14,4.24,14.0
FILE,5,2,7,26.75,40.25
DATABASE,3,3,13,3.89,22.26
FILE,2,0,7,6.45,13.17
EMAIL,5,0,9,13.85,22.89
FILE,5,0,18,4.52,19.35
COMPUTE,1,0,15,18.64,31.56
EMAIL,1,3,14,13.77,24.31
DATABASE,2,0,5,8.06,18.2
COMPUTE,4,0,9,24.67,40.28
EMAIL,3,2,7,24.46,34.92
EMAIL,5,2,16,21.22,38.32
FILE,2,1,14,4.51,13.06
COMPUTE,3,2,6,12.93,31.94
REST,5,0,12,1.06,12.7
EMAIL,3,3,18,18.59,35.84
COMPUTE,5,0,11,8.13,25.54
COMPUTE,1,3,18,22.24,42.42
REST,3,2,8,7.52,21.92
REST,3,3,18,12.65,32.49
EMAIL,1,3,4,2.03,11.04
REST,4,2,5,16.68,32.03
REST,3,3,17,27.37,43.27
DATABASE,1,2,16,6.59,21.51
EMAIL,5,1,17,20.96,37.25
FILE,2,1,8,6.93,15.95
DATABASE,4,0,16,11.21,26.71
COMPUTE,3,1,4,13.94,29.73
COMPUTE,4,0,7,18.54,36.54
COMPUTE,4,2,4,27.78,46.0
REST,0,2,20,11.55,22.54
DATABASE,0,1,12,17.21,29.41
FILE,3,2,14,15.31,28.96
FILE,2,0,9,19.75,26.04
DATABASE,4,1,13,28.27,45.72
REST,5,3,11,29.7,46.83
FILE,1,0,7,9.56,12.16
DATABASE,1,0,9,11.71,20.59
DATABASE,0,1,12,27.08,39.68
COMPUTE,2,3,18,17.08,38.18
DATABASE,4,3,16,13.25,34.04
FILE,0,2,6,12.01,16.75
COMPUTE,5,2,12,12.99,35.4
COMPUTE,2,1,12,22.38,40.79
FILE,0,2,3,10.07,14.94
EMAIL,5,2,19,3.4,21.1
FILE,4,0,17,15.42,26.01
FILE,0,0,14,19.35,24.85
FILE,4,2,9,23.82,34.96
REST,1,1,14,21.69,31.37
FILE,0,1,3,7.52,8.71
EMAIL,4,3,11,16.8,31.26
REST,0,2,5,27.95,34.01
DATABASE,3,0,15,27.51,40.49
FILE,2,1,4,18.18,22.87
EMAIL,5,3,9,26.79,43.5
REST,2,3,6,26.24,40.51
DATABASE,4,0,6,27.25,39.48
EMAIL,0,3,15,5.75,14.74
REST,5,3,7,9.4,25.41
COMPUTE,3,2,6,23.35,41.61
EMAIL,5,3,7,24.78,42.0
EMAIL,0,3,4,15.95,22.33
DATABASE,5,0,5,6.71,22.56
COMPUTE,3,2,9,20.63,38.5
DATABASE,1,3,9,9.24,24.78
DATABASE,1,2,13,10.63,23.88
EMAIL,2,2,19,19.64,31.03
COMPUTE,3,2,7,6.18,23.23
DATABASE,2,1,4,24.67,36.26
COMPUTE,0,0,20,1.33,16.3
DATABASE,1,3,9,2.02,15.75
REST,4,0,17,9.33,23.7
REST,2,0,14,21.14,30.91
EMAIL,2,2,12,5.25,14.33
DATABASE,0,2,3,3.01,14.7
EMAIL,1,2,13,24.16,31.69
COMPUTE,3,1,8,25.48,42.22
DATABASE,2,3,5,13.7,30.85
COMPUTE,5,2,9,15.62,36.81
REST,2,2,7,10.72,20.39
COMPUTE,1,2,10,25.67,43.89
REST,1,3,13,29.52,43.51
FILE,0,3,15,28.87,39.95
COMPUTE,1,2,18,26.51,43.91
COMPUTE,4,3,5,19.28,40.0
DATABASE,3,0,10,17.69,29.84
DATABASE,4,0,16,12.86,29.24
DATABASE,5,1,3,24.68,38.44
EMAIL,2,2,20,4.99,17.13
DATABASE,2,0,4,21.59,29.14
REST,3,3,16,5.64,22.46
FILE,5,0,10,11.42,20.0
EMAIL,3,0,19,20.92,31.93
DATABASE,4,3,12,3.22,22.67
FILE,1,1,4,29.64,32.78
COMPUTE,1,1,6,26.17,41.2
EMAIL,0,0,7,18.05,19.21
COMPUTE,4,0,8,24.7,40.2
REST,2,3,3,4.81,17.35
DATABASE,4,2,7,11.93,30.79
REST,3,0,17,14.37,24.35
EMAIL,5,0,19,18.18,30.81
COMPUTE,2,2,8,1.67,17.34
EMAIL,4,3,8,27.61,42.16
COMPUTE,0,2,10,5.91,21.08
FILE,3,2,7,2.36,11.43
COMPUTE,4,1,17,2.41,25.17
DATABASE,0,2,13,14.87,27.92
FILE,3,1,7,25.25,34.71
DATABASE,2,3,9,27.12,42.13
COMPUTE,4,0,5,26.75,42.53
FILE,4,2,7,7.39,21.22
FILE,0,2,8,16.49,23.43
FILE,3,1,10,26.44,36.9
DATABASE,0,1,9,22.19,33.18
DATABASE,0,1,5,23.76,33.98
FILE,3,2,16,16.73,28.47
EMAIL,3,3,11,4.36,19.06
REST,5,0,18,24.09,38.05
EMAIL,3,1,16,3.66,15.31
COMPUTE,3,1,5,3.14,17.71
DATABASE,3,0,12,12.52,25.05
DATABASE,3,3,12,3.48,23.01
COMPUTE,5,0,20,10.38,31.58
FILE,1,3,7,16.28,24.74
FILE,2,1,6,20.25,27.5
DATABASE,2,2,7,5.32,19.83
REST,4,3,13,5.29,23.45
FILE,4,1,15,28.89,42.57
REST,3,3,9,18.22,32.35
COMPUTE,4,2,19,14.17,36.66
EMAIL,2,0,20,5.64,15.02
COMPUTE,0,2,17,25.69,43.64
FILE,3,0,18,8.12,16.85
COMPUTE,3,1,9,27.54,43.96
EMAIL,2,0,20,19.73,29.23
REST,5,0,16,21.27,35.25
REST,3,0,20,20.75,32.09
COMPUTE,0,0,11,1.4,13.72
REST,2,0,9,26.37,33.17
EMAIL,5,0,3,18.2,28.51
REST,1,3,17,27.26,43.45
COMPUTE,2,2,8,8.76,26.63
FILE,0,3,19,22.06,32.54
COMPUTE,1,0,4,14.37,23.47
REST,1,1,6,1.32,8.21
COMPUTE,1,0,16,21.42,33.88
REST,5,3,4,21.58,39.52
REST,2,3,18,13.05,28.4
REST,2,3,15,11.74,27.55
EMAIL,0,0,3,7.57,8.23
FILE,0,3,14,29.04,37.75
EMAIL,1,3,9,4.53,13.85
REST,2,2,11,15.48,26.92
REST,5,2,4,5.6,20.96
EMAIL,0,2,8,28.86,34.58
DATABASE,2,0,16,2.26,15.32
EMAIL,4,1,11,8.59,20.53
DATABASE,5,2,4,21.52,38.84
DATABASE,1,1,11,27.42,40.02
DATABASE,5,0,19,19.53,39.58
DATABASE,5,3,9,1.79,21.44
DATABASE,5,3,15,1.2,24.3
EMAIL,3,0,4,16.06,21.49
DATABASE,4,3,19,16.14,37.68
DATABASE,2,0,17,4.07,16.94
REST,0,0,14,27.47,34.79
COMPUTE,1,1,10,3.49,19.57
DATABASE,3,0,20,11.16,28.34
EMAIL,3,0,18,6.44,15.98
FILE,2,2,6,11.51,21.66
DATABASE,2,1,17,13.47,29.24
FILE,3,3,12,28.73,43.5
COMPUTE,4,3,7,5.65,28.94
REST,0,0,3,15.85,19.2
DATABASE,1,3,19,8.53,27.69
DATABASE,2,1,10,12.41,26.92
DATABASE,5,2,4,26.76,43.69
FILE,5,0,11,7.26,16.89
EMAIL,2,3,11,15.32,26.23
EMAIL,0,2,9,19.94,27.58
FILE,2,3,19,8.42,21.88
DATABASE,4,3,11,17.65,35.96
REST,5,2,16,16.11,33.99
DATABASE,1,1,11,22.53,34.35
FILE,4,0,6,12.04,20.84
REST,3,2,6,25.01,38.33
COMPUTE,4,3,12,16.96,39.72
EMAIL,2,1,3,4.91,10.29
DATABASE,2,2,11,29.32,45.1
COMPUTE,4,2,13,2.18,22.4
FILE,5,0,20,8.9,22.18
COMPUTE,0,3,11,28.32,44.44
COMPUTE,4,2,20,8.59,31.34
EMAIL,0,0,7,5.34,7.17
COMPUTE,3,3,19,15.23,37.99
COMPUTE,5,0,18,1.96,22.84
REST,2,1,12,12.09,20.9
DATABASE,5,3,13,18.06,42.27
DATABASE,1,1,12,29.05,40.04
FILE,2,3,11,14.37,26.96
COMPUTE,1,1,19,26.24,43.98
DATABASE,1,0,14,7.37,19.93
REST,3,3,17,11.02,27.88
FILE,3,2,4,14.54,24.54
COMPUTE,4,0,16,18.79,36.61
FILE,5,0,13,6.49,16.21
EMAIL,3,2,11,8.25,19.34
EMAIL,1,3,14,22.8,36.02
REST,1,1,7,4.41,12.47
COMPUTE,0,3,13,7.17,26.31
DATABASE,5,2,18,21.09,41.41
EMAIL,3,3,4,2.47,13.47
DATABASE,4,0,3,19.54,32.02
DATABASE,2,1,15,22.07,36.05
EMAIL,3,0,15,11.22,19.22
FILE,0,3,5,22.14,28.38
FILE,2,0,7,26.49,29.71
FILE,2,0,3,25.83,27.82
COMPUTE,3,2,10,10.49,29.4
REST,0,3,3,22.46,31.6
EMAIL,1,2,20,26.07,36.77
COMPUTE,0,3,16,27.81,46.06
REST,0,1,11,24.27,31.37
COMPUTE,5,3,4,13.69,37.79
EMAIL,0,1,11,25.73,31.32
EMAIL,0,3,14,25.81,37.23
EMAIL,4,3,10,21.4,38.04
DATABASE,4,1,6,10.82,24.39
REST,1,1,10,18.41,26.2
DATABASE,0,0,17,6.61,17.27
REST,5,2,3,21.87,36.96
DATABASE,3,2,17,13.55,31.46
COMPUTE,3,0,18,29.3,47.13
COMPUTE,0,0,10,28.93,38.54
REST,5,3,16,26.31,48.29
REST,0,1,11,14.75,22.39
COMPUTE,3,1,9,4.26,23.02
DATABASE,2,0,20,27.47,42.62
REST,0,1,20,3.94,14.83
REST,3,3,14,19.46,35.56
REST,3,0,12,14.03,25.5
FILE,3,2,8,18.38,29.25
DATABASE,3,0,17,21.24,34.23
DATABASE,2,2,15,17.73,36.11
EMAIL,2,2,7,14.26,22.81
FILE,0,1,8,13.77,17.67
DATABASE,1,2,12,28.46,43.61
REST,5,1,18,8.86,23.96
COMPUTE,4,2,19,28.59,53.16
REST,5,3,14,12.99,31.1
REST,3,1,4,7.87,16.35
EMAIL,3,1,7,28.81,37.06
REST,4,2,7,1.58,17.15
COMPUTE,5,0,12,21.55,39.64
COMPUTE,2,1,13,6.29,24.63
COMPUTE,3,1,10,28.3,45.62
FILE,0,3,18,26.42,37.58
FILE,3,3,6,24.35,37.98
EMAIL,3,3,7,19.85,31.83
FILE,0,3,12,15.29,24.68
EMAIL,1,1,19,28.84,39.07
FILE,1,3,17,7.3,19.2
DATABASE,1,0,18,27.57,38.31
EMAIL,5,3,10,21.67,39.72
EMAIL,1,0,11,9.25,14.93
COMPUTE,0,3,5,4.93,18.57
REST,4,3,19,24.87,46.15
FILE,0,0,12,19.76,22.92
FILE,3,2,11,2.97,16.21
COMPUTE,2,3,19,19.5,40.29
REST,4,3,17,14.42,31.57
DATABASE,2,0,7,21.07,32.98
DATABASE,4,3,14,8.35,29.97
REST,5,1,6,3.77,18.28
DATABASE,5,0,13,12.71,29.71
COMPUTE,4,0,20,12.17,33.82
FILE,2,0,17,23.22,31.84
REST,4,0,7,24.8,35.19
EMAIL,0,0,14,29.55,34.57
COMPUTE,4,3,15,26.19,52.36
REST,3,1,20,8.59,24.46
DATABASE,5,1,9,17.96,34.86
COMPUTE,3,3,20,6.31,31.65
FILE,2,2,11,29.12,37.84
EMAIL,5,2,20,29.9,48.55
EMAIL,5,2,12,20.86,37.21
DATABASE,3,3,17,10.64,30.35
REST,3,0,17,4.76,16.48
COMPUTE,1,2,11,2.27,18.47
REST,5,0,14,12.48,25.01
EMAIL,2,0,14,25.51,34.12
REST,4,1,17,3.59,17.92
FILE,5,1,19,6.87,23.57
EMAIL,3,3,18,24.38,39.04
EMAIL,3,1,16,16.52,28.92
DATABASE,3,0,3,20.88,29.37
COMPUTE,0,0,15,15.87,28.94
FILE,0,1,15,3.4,11.61
COMPUTE,3,3,17,23.27,45.84
DATABASE,5,3,7,24.43,43.25
DATABASE,1,2,12,4.13,17.35
DATABASE,2,3,10,12.52,29.6
COMPUTE,4,0,5,13.42,29.57
EMAIL,5,2,20,8.32,26.3
REST,4,0,12,3.53,15.85
COMPUTE,1,1,13,27.26,40.84
EMAIL,2,0,18,1.03,10.51
REST,3,3,20,25.14,44.72
COMPUTE,2,1,15,7.95,26.02
EMAIL,0,0,6,23.15,25.21
EMAIL,4,0,18,1.9,13.95
DATABASE,1,1,10,9.45,22.47
COMPUTE,4,2,16,21.16,42.0
DATABASE,5,0,13,13.02,29.3
FILE,1,3,7,14.58,24.75
COMPUTE,1,2,13,23.1,42.15
FILE,2,0,4,8.51,12.89
COMPUTE,4,0,8,5.35,19.9
REST,0,2,9,28.76,36.99
FILE,2,0,14,10.87,18.66
COMPUTE,1,2,18,29.94,50.13
EMAIL,4,0,4,12.47,21.53
COMPUTE,5,1,5,5.85,24.91
EMAIL,3,1,8,5.85,14.13
EMAIL,0,0,4,29.01,28.29
FILE,0,3,4,6.79,12.28
FILE,2,1,11,25.71,32.43
REST,4,2,8,16.52,30.81
DATABASE,1,0,16,24.25,35.29
COMPUTE,2,0,18,29.34,46.81
COMPUTE,2,1,11,15.01,33.28
COMPUTE,3,3,9,26.17,48.77
REST,1,0,16,25.01,31.62
FILE,3,1,4,14.67,23.02
REST,5,3,4,15.68,31.2
COMPUTE,1,0,16,9.26,25.44
EMAIL,0,2,12,10.03,16.93
FILE,5,3,17,15.53,32.69
EMAIL,1,3,17,19.37,31.93
DATABASE,2,1,19,5.75,21.53
EMAIL,3,2,14,2.02,12.82
FILE,0,0,12,25.55,27.91
DATABASE,3,1,7,17.45,31.58
EMAIL,2,2,9,3.21,12.29
REST,5,0,17,13.99,28.3
COMPUTE,0,2,3,16.59,28.25
REST,5,0,8,19.33,31.17
REST,0,3,13,2.13,14.52
FILE,2,0,15,8.57,14.83
FILE,4,1,16,19.34,33.86
EMAIL,4,0,7,6.37,13.74
EMAIL,5,1,8,1.6,14.98
FILE,5,2,20,20.54,36.94
EMAIL,2,2,4,20.68,30.1
DATABASE,3,3,12,3.71,22.4
REST,2,1,18,15.03,28.29
DATABASE,1,0,15,27.48,37.96
REST,0,0,3,29.24,33.02
COMPUTE,5,1,18,24.7,48.48
FILE,3,2,14,25.78,39.43
FILE,4,1,11,13.44,22.8
FILE,2,2,7,10.05,18.8
DATABASE,4,0,18,2.65,21.0
EMAIL,4,1,12,14.41,25.78
FILE,3,2,11,6.36,19.74
FILE,0,0,19,4.37,8.52
FILE,1,1,6,26.7,30.45
REST,5,2,15,26.89,46.18
EMAIL,3,1,17,5.09,15.35
DATABASE,5,2,19,21.13,42.88
DATABASE,2,2,20,22.96,40.38
FILE,1,0,7,12.9,14.5
FILE,5,2,18,15.77,31.89
COMPUTE,4,1,18,23.49,45.91
COMPUTE,3,1,4,15.04,30.97
REST,2,1,13,23.42,36.21
DATABASE,5,1,20,27.18,46.74
FILE,3,3,14,21.68,36.51
FILE,3,0,15,21.06,30.38
COMPUTE,2,3,14,26.77,49.69
COMPUTE,0,3,13,28.51,46.05
REST,0,0,11,17.21,23.88
COMPUTE,3,3,15,5.41,29.65
FILE,3,1,16,10.39,20.95
COMPUTE,0,3,17,2.33,20.54
DATABASE,0,1,12,21.39,30.18
COMPUTE,4,0,7,5.35,20.85
FILE,0,1,17,24.24,30.01
COMPUTE,3,1,12,4.95,24.02
DATABASE,4,2,16,19.36,39.09
REST,1,1,11,19.64,29.86
FILE,1,1,17,19.7,28.85
EMAIL,0,1,7,4.16,8.06
FILE,5,1,5,18.33,31.22
DATABASE,2,1,6,29.72,43.44
EMAIL,4,3,8,21.43,35.03
EMAIL,3,2,10,8.5,19.33
DATABASE,5,2,13,29.71,50.47
COMPUTE,1,1,11,15.95,31.11
EMAIL,3,1,13,8.44,18.36
EMAIL,0,3,11,18.89,26.25
REST,4,0,17,6.82,20.34
DATABASE,3,2,8,5.72,22.92
REST,1,0,5,24.88,28.2
REST,0,1,15,20.91,29.76
FILE,4,1,13,8.67,21.93
COMPUTE,1,3,18,1.01,23.09
EMAIL,2,0,7,21.12,26.76
EMAIL,0,2,10,29.81,36.37
COMPUTE,2,1,13,29.5,46.06
COMPUTE,5,1,11,24.13,44.34
REST,0,0,10,15.49,20.96
FILE,0,2,18,16.87,26.34
EMAIL,4,2,4,26.99,36.99
FILE,5,2,4,5.87,18.72
EMAIL,3,0,10,22.34,30.55
EMAIL,0,1,7,7.4,13.39
FILE,5,1,16,25.07,40.87
EMAIL,5,2,19,7.2,24.75
EMAIL,4,3,12,1.61,17.78
COMPUTE,5,3,6,20.24,43.61
DATABASE,1,3,10,23.68,37.74
DATABASE,0,3,6,3.24,15.97
REST,0,1,8,11.66,17.38
DATABASE,1,3,20,8.29,25.24
FILE,5,0,10,3.39,13.88
EMAIL,5,1,7,5.52,19.01
COMPUTE,4,1,16,25.81,46.86
COMPUTE,1,1,5,22.65,35.15
DATABASE,5,1,6,20.12,36.53
EMAIL,3,2,13,25.5,38.72
DATABASE,0,1,3,1.1,10.65
REST,5,0,4,20.74,30.23
FILE,1,1,4,27.54,30.91
DATABASE,0,2,16,19.34,34.42
EMAIL,4,3,15,26.6,43.72
DATABASE,3,1,19,10.12,27.47
COMPUTE,2,1,17,6.48,24.83
EMAIL,1,2,16,15.13,24.6
REST,4,2,19,14.99,31.82
REST,0,3,16,3.89,18.11
DATABASE,5,3,14,23.55,45.42
COMPUTE,4,2,12,21.81,43.91
DATABASE,5,0,14,8.93,24.41
EMAIL,1,1,10,17.85,22.36
REST,4,1,9,21.32,34.57
REST,1,1,15,11.43,21.28
COMPUTE,5,1,12,4.56,25.69
FILE,5,2,9,8.81,23.8
DATABASE,1,1,9,3.86,14.42
REST,4,1,17,11.93,28.4
EMAIL,5,3,6,15.27,31.03
DATABASE,2,3,19,7.43,27.85
FILE,5,3,6,25.24,40.44
EMAIL,3,0,20,27.56,37.85
FILE,1,3,20,22.34,34.91
DATABASE,3,2,9,25.77,41.43
FILE,2,2,13,9.66,21.31
EMAIL,5,2,17,21.75,38.21
REST,5,0,5,25.62,36.31
DATABASE,0,3,18,21.31,37.99
COMPUTE,1,3,11,27.61,46.15
DATABASE,4,3,13,21.82,43.82
FILE,2,3,11,29.25,41.11
REST,1,2,14,29.28,39.35
DATABASE,1,0,11,19.64,27.52
REST,5,1,8,24.12,39.04
FILE,3,2,17,16.56,28.28
FILE,5,0,7,20.44,32.01
COMPUTE,1,3,8,8.09,24.52
COMPUTE,3,1,17,27.3,45.06
COMPUTE,3,1,3,20.8,36.54
REST,1,0,12,25.26,31.76
EMAIL,2,0,6,14.89,21.46
EMAIL,4,2,13,22.96,38.35
DATABASE,2,2,4,14.06,27.46
DATABASE,4,3,16,15.9,36.62
REST,3,1,14,5.28,16.1
REST,5,2,17,2.27,20.68
COMPUTE,1,0,19,25.56,39.28
DATABASE,0,1,3,26.25,35.98
FILE,4,0,18,25.86,38.04
COMPUTE,0,1,13,20.88,34.66
DATABASE,4,3,16,4.36,25.16
COMPUTE,3,2,18,13.02,36.02
COMPUTE,2,2,6,11.0,26.06
FILE,2,2,15,15.29,25.15
EMAIL,3,1,19,13.5,25.75
COMPUTE,4,3,6,12.01,32.37
COMPUTE,1,1,12,27.63,42.24
FILE,0,2,5,22.9,29.4
EMAIL,3,0,17,26.53,35.46
COMPUTE,4,1,8,20.59,37.76
COMPUTE,2,3,17,9.99,30.45
COMPUTE,1,0,20,10.34,26.78
COMPUTE,1,3,6,12.12,30.96
EMAIL,1,2,4,25.48,32.95
DATABASE,5,0,20,3.07,23.56
EMAIL,3,0,14,10.34,18.59
FILE,2,3,12,2.38,13.24
COMPUTE,4,1,12,15.29,34.19
DATABASE,2,1,15,13.35,28.11
DATABASE,0,1,17,26.3,37.5
COMPUTE,5,2,18,17.68,40.83
REST,5,3,14,5.28,25.62
DATABASE,5,3,14,8.03,30.77
REST,3,2,3,9.91,19.67
REST,2,0,8,12.24,18.7
FILE,2,1,20,25.8,36.72
COMPUTE,5,2,17,28.61,54.73
DATABASE,3,2,16,25.26,44.23
COMPUTE,3,3,11,29.69,51.29
REST,4,0,3,9.61,19.01
REST,1,3,4,12.89,24.75
COMPUTE,3,3,16,29.94,52.23
REST,4,1,7,20.21,30.76
DATABASE,0,2,19,29.6,42.89
DATABASE,5,0,15,15.7,33.23
EMAIL,1,2,6,20.63,29.41
FILE,3,2,15,10.35,24.66
DATABASE,3,2,9,12.32,29.24
DATABASE,4,2,13,17.26,36.59
COMPUTE,4,1,13,20.58,42.09
EMAIL,5,1,4,29.89,39.23
DATABASE,2,0,16,3.66,15.3
DATABASE,1,2,16,6.94,23.69
EMAIL,5,3,17,2.33,20.99
COMPUTE,1,2,4,11.81,27.51
COMPUTE,4,1,12,22.48,43.37
EMAIL,0,1,9,13.08,18.84
DATABASE,1,2,11,21.92,35.57
COMPUTE,4,3,5,21.74,41.8
EMAIL,4,1,9,28.21,38.61
FILE,3,0,14,28.28,37.1
FILE,1,0,6,13.97,18.65
COMPUTE,5,1,3,14.6,31.81
COMPUTE,1,1,3,5.34,18.09
COMPUTE,1,3,6,19.32,35.5
EMAIL,5,3,13,7.24,23.59
EMAIL,1,3,10,11.63,21.12
FILE,0,1,12,21.54,26.72
COMPUTE,3,1,20,27.53,47.48
FILE,4,1,18,26.11,39.25
DATABASE,2,3,14,24.38,44.38
DATABASE,4,1,18,19.53,39.61
FILE,0,3,17,2.19,11.61
REST,5,3,16,26.49,48.46
COMPUTE,4,2,16,2.62,26.65
FILE,0,1,15,7.28,15.08
DATABASE,3,1,8,10.32,25.56
COMPUTE,0,3,16,14.22,34.45
REST,2,0,18,18.89,27.68
COMPUTE,3,2,3,6.07,25.37
REST,5,3,3,3.42,19.78
FILE,4,1,9,14.69,23.51
EMAIL,0,1,16,19.83,25.28
COMPUTE,4,2,13,20.64,41.93
COMPUTE,3,0,7,11.17,26.96
REST,3,0,7,24.99,32.37
EMAIL,4,1,20,19.06,33.78
DATABASE,2,0,6,1.09,11.65
EMAIL,5,0,3,8.42,16.31
REST,1,2,7,5.9,15.84
REST,2,2,9,15.01,25.87
DATABASE,5,0,3,2.96,16.11
REST,0,3,18,10.85,25.68
COMPUTE,4,0,5,2.1,18.89
REST,1,3,15,8.62,21.53
REST,2,2,9,17.57,29.24
EMAIL,3,3,3,19.29,30.46
EMAIL,1,0,15,11.34,16.75
EMAIL,0,2,11,9.9,16.24
COMPUTE,3,2,10,11.15,31.12
REST,4,3,9,29.41,46.16
COMPUTE,1,2,4,10.5,23.61
FILE,3,1,16,12.24,22.81
COMPUTE,1,1,6,24.1,38.26
FILE,2,3,10,11.97,22.7
DATABASE,3,0,20,5.06,22.06
EMAIL,1,0,13,12.44,16.38
DATABASE,2,1,14,12.91,25.65
COMPUTE,1,0,16,11.66,24.47
REST,1,0,4,10.38,13.82
EMAIL,4,1,13,17.75,30.62
FILE,3,3,5,7.89,21.24
FILE,1,3,18,26.1,40.81
COMPUTE,5,2,10,3.0,24.81
FILE,2,3,19,10.31,25.75
EMAIL,2,1,19,24.77,33.6
DATABASE,0,2,11,21.1,32.39
FILE,4,3,19,15.87,32.41
EMAIL,3,0,12,7.71,17.23
DATABASE,3,0,7,1.15,12.58
DATABASE,4,3,20,25.89,50.86
FILE,0,2,20,25.16,34.09
DATABASE,4,1,11,11.6,27.63
DATABASE,5,0,14,10.34,27.13
COMPUTE,1,3,4,28.34,44.08
FILE,5,3,12,20.41,38.69
FILE,5,0,10,11.28,20.23
REST,0,2,3,21.16,29.79
FILE,4,0,17,19.36,32.07
EMAIL,0,3,18,29.16,39.52
FILE,2,0,19,19.59,27.49
COMPUTE,1,1,11,18.02,32.81
DATABASE,0,0,11,24.96,33.63
EMAIL,5,3,8,11.91,28.06
EMAIL,1,1,5,29.42,32.94
REST,0,0,12,29.88,36.06
COMPUTE,0,3,20,7.15,25.57
REST,4,0,7,12.84,21.61
COMPUTE,2,1,6,5.86,21.16
COMPUTE,0,3,19,21.29,39.24
EMAIL,3,2,11,11.81,24.14
DATABASE,5,0,17,15.29,34.07
EMAIL,3,2,13,10.84,24.78
FILE,2,3,9,22.13,33.62
REST,3,0,16,23.89,33.35
FILE,2,0,10,21.42,25.97
DATABASE,2,0,4,21.81,30.44
FILE,2,1,12,9.43,18.4
REST,4,1,10,2.69,17.55
COMPUTE,4,2,19,16.58,41.81
COMPUTE,4,2,5,3.93,24.27
FILE,2,2,10,2.12,12.0
FILE,5,3,4,27.81,43.65
DATABASE,3,2,6,18.29,32.82
FILE,3,3,8,5.78,17.99
FILE,1,2,5,28.26,34.04
DATABASE,5,2,9,5.79,23.88
COMPUTE,0,1,15,13.34,27.92
FILE,2,3,7,11.01,20.58
DATABASE,1,0,19,4.21,17.49
DATABASE,0,2,5,28.06,39.03
COMPUTE,4,3,8,10.45,32.42
DATABASE,5,1,5,15.57,33.2
EMAIL,5,2,10,12.2,27.7
EMAIL,0,3,3,5.78,13.53
REST,5,0,6,1.76,14.64
REST,3,0,4,20.48,27.78
DATABASE,3,0,8,15.78,25.77
EMAIL,3,1,4,15.35,24.78
DATABASE,4,0,12,9.72,24.65
REST,5,0,19,15.51,29.61
DATABASE,0,0,3,17.39,24.98
COMPUTE,1,0,4,19.93,32.47
FILE,2,1,8,17.13,24.69
FILE,1,3,14,13.24,25.91
REST,3,3,12,15.39,32.49
EMAIL,5,0,19,6.36,19.32
EMAIL,5,3,7,24.77,42.14
COMPUTE,2,1,11,24.64,39.93
DATABASE,1,3,7,3.25,16.14
REST,4,0,8,21.4,33.21
COMPUTE,4,2,13,22.63,45.14
REST,3,2,17,12.5,29.57
DATABASE,3,0,15,10.67,26.64
FILE,2,1,9,26.84,35.09
FILE,3,0,8,20.81,26.51
FILE,4,3,16,26.81,45.39
COMPUTE,5,1,13,27.03,48.09
FILE,2,3,9,3.75,15.02
REST,4,0,17,8.09,21.75
DATABASE,5,1,10,19.36,36.83
COMPUTE,3,3,6,18.96,38.32
REST,1,3,17,8.03,23.69
REST,2,0,7,14.46,22.52
DATABASE,4,3,10,7.71,28.54
COMPUTE,1,0,20,4.07,20.39
DATABASE,2,1,6,4.12,15.85
FILE,4,2,15,29.2,44.14
EMAIL,5,3,12,6.72,22.86
REST,1,3,9,25.62,39.5
DATABASE,3,0,19,19.73,34.54
COMPUTE,1,1,17,5.73,22.24
DATABASE,2,3,13,2.77,19.6
EMAIL,3,0,5,22.77,28.62
FILE,1,2,19,18.35,28.8
REST,4,2,5,29.91,41.91
REST,5,2,18,16.59,35.69
FILE,5,2,15,25.15,40.22
REST,1,0,16,13.96,23.4
DATABASE,3,0,7,3.6,16.39
REST,1,0,17,2.27,9.96
REST,1,3,19,21.23,37.78
DATABASE,4,2,8,12.48,27.98
FILE,4,1,14,20.11,32.7
EMAIL,2,2,20,21.81,36.29
COMPUTE,2,0,17,5.93,22.41
REST,2,0,11,29.4,37.62
DATABASE,4,2,13,14.96,32.62
DATABASE,5,2,19,18.63,40.45
FILE,2,1,13,5.71,16.11
FILE,4,3,15,2.31,19.91
COMPUTE,0,3,19,3.72,24.09
REST,0,1,11,8.47,14.72
EMAIL,0,0,9,10.8,13.7
COMPUTE,3,3,17,16.1,37.85
EMAIL,1,3,18,4.85,17.45
DATABASE,3,0,15,19.54,32.05
EMAIL,4,1,5,5.54,16.04
FILE,0,2,8,17.92,24.83
REST,4,3,10,28.97,45.48
COMPUTE,1,3,16,16.68,37.23
COMPUTE,2,0,4,19.5,29.86
EMAIL,3,1,11,28.82,37.79
FILE,0,0,5,29.8,29.76
DATABASE,5,1,19,17.32,37.09
DATABASE,5,3,19,25.93,48.96
REST,2,1,14,17.01,29.1
EMAIL,2,2,13,16.73,26.17
COMPUTE,3,0,5,6.68,20.38
DATABASE,0,0,3,6.81,12.11
COMPUTE,5,1,6,19.29,37.77
COMPUTE,5,2,16,15.63,38.37
FILE,3,0,4,26.16,30.48
FILE,4,2,17,22.72,36.41
DATABASE,3,1,12,12.64,26.0
COMPUTE,2,0,10,6.54,20.89
REST,4,3,10,3.55,21.05
EMAIL,0,3,3,2.42,11.17
COMPUTE,0,0,18,1.25,15.71
COMPUTE,5,3,18,22.55,49.31
FILE,0,0,14,17.82,20.47
REST,4,0,13,6.35,18.39
REST,3,2,8,8.97,22.71
COMPUTE,4,0,12,21.65,39.08
EMAIL,2,2,10,8.68,20.49
REST,3,0,13,11.22,20.01
FILE,5,2,5,15.84,29.64
DATABASE,1,1,19,8.04,20.35
FILE,4,0,15,23.32,35.41
FILE,2,0,9,29.04,35.05
EMAIL,3,0,8,16.44,23.99
REST,1,2,12,8.75,19.9
EMAIL,1,3,8,29.1,37.52
COMPUTE,4,3,14,13.85,39.19
FILE,4,1,3,21.59,28.92
EMAIL,2,3,17,16.14,28.5
REST,3,1,20,19.64,33.27
FILE,4,0,8,13.49,21.58
EMAIL,2,0,14,18.84,24.52
DATABASE,0,1,8,11.56,22.49
DATABASE,4,3,13,1.14,21.81
REST,5,2,14,2.41,21.9
DATABASE,4,0,10,5.48,18.45
REST,4,0,6,1.11,10.43
REST,2,3,19,2.8,17.72
FILE,4,1,16,9.54,20.34
REST,1,0,17,10.89,20.12
COMPUTE,2,0,20,2.79,17.84
COMPUTE,3,2,17,1.52,23.62
REST,4,2,15,12.57,28.4
DATABASE,1,1,18,30.0,43.86
EMAIL,1,1,17,18.92,27.68
EMAIL,0,1,14,17.9,24.9
DATABASE,0,3,20,4.06,20.69
EMAIL,2,2,11,2.29,10.85
REST,5,1,15,12.39,28.1
DATABASE,4,1,5,22.12,35.93
EMAIL,2,3,3,12.13,23.89
DATABASE,0,0,6,18.85,23.8
DATABASE,4,3,14,3.94,25.11
FILE,3,3,7,12.9,25.23
DATABASE,2,2,19,6.58,25.92
EMAIL,3,3,6,8.67,19.41
DATABASE,0,3,18,24.49,41.76
DATABASE,2,3,17,27.15,47.41
DATABASE,2,0,7,21.75,32.62
REST,1,2,4,18.58,25.61
COMPUTE,5,0,13,9.84,30.33
DATABASE,3,2,18,13.09,31.97
EMAIL,3,0,10,6.48,14.21
REST,2,3,20,28.62,47.62
EMAIL,3,0,5,1.34,5.87
EMAIL,5,0,3,1.07,10.11
COMPUTE,2,0,16,20.95,36.32
COMPUTE,4,2,19,8.06,30.92
DATABASE,1,3,13,13.0,31.09
REST,0,3,17,1.96,16.85
REST,1,0,12,29.55,37.41
COMPUTE,1,2,13,17.64,33.93
DATABASE,4,0,14,20.62,34.36
DATABASE,0,1,13,6.62,16.13
REST,2,3,15,25.06,42.4
DATABASE,3,0,3,28.12,40.02
COMPUTE,5,3,7,29.7,51.93
FILE,0,1,11,21.08,26.6
DATABASE,5,2,7,12.8,30.13
FILE,2,1,18,29.86,42.22
EMAIL,4,1,7,10.75,18.9
FILE,0,0,17,14.85,20.52
EMAIL,5,3,8,20.22,34.52
COMPUTE,5,2,5,16.53,36.56
REST,5,2,4,26.67,40.01
DATABASE,4,1,6,23.92,38.39
FILE,3,3,20,27.2,44.41
REST,1,3,8,18.19,30.13
COMPUTE,2,1,5,17.04,30.99
REST,5,3,19,27.8,49.96
COMPUTE,4,2,9,22.3,44.64
COMPUTE,1,3,4,22.66,38.98
REST,3,1,15,1.43,12.54
FILE,2,2,12,13.55,23.27
DATABASE,0,3,9,17.0,29.4
DATABASE,4,2,13,25.51,44.55
DATABASE,1,3,5,4.78,20.74
EMAIL,4,3,13,12.07,28.58
REST,4,2,20,7.56,26.74
REST,1,1,15,27.64,36.13
REST,1,0,7,25.53,31.09
DATABASE,1,2,20,10.83,26.67
REST,3,0,12,26.97,38.15
DATABASE,1,1,12,20.11,30.39
COMPUTE,4,2,4,15.07,32.27
DATABASE,4,2,14,18.19,38.04
REST,3,1,11,29.0,42.23
FILE,1,0,17,11.51,19.73
EMAIL,4,3,13,28.76,44.98
FILE,4,1,15,17.39,30.1
FILE,1,2,17,18.45,28.34
REST,3,2,19,19.06,36.0
FILE,0,2,17,9.11,17.61
DATABASE,1,0,4,12.52,21.3
FILE,2,1,20,27.08,36.14
FILE,1,2,3,21.83,29.13
DATABASE,4,1,3,23.12,38.31
DATABASE,3,1,12,16.32,31.29
COMPUTE,0,3,9,14.63,32.4
REST,0,2,11,14.68,24.14
DATABASE,1,3,6,9.19,22.56
COMPUTE,2,0,16,5.87,20.41
DATABASE,5,3,18,4.82,28.67
DATABASE,1,1,10,21.06,31.3
DATABASE,2,3,5,17.1,31.77
REST,1,0,10,2.8,8.33
FILE,0,3,8,13.33,23.69
EMAIL,1,1,13,21.85,31.12
EMAIL,1,3,8,27.04,36.7
REST,2,2,10,22.17,33.02
FILE,4,3,17,17.55,35.41
EMAIL,1,1,17,8.88,15.86
DATABASE,5,3,15,26.48,48.67
EMAIL,1,1,6,4.91,9.49
EMAIL,5,0,16,13.07,24.93
REST,4,2,19,12.83,31.86
REST,5,1,20,17.51,35.53
COMPUTE,4,0,16,14.46,34.63
FILE,2,0,20,1.03,8.11
EMAIL,4,2,8,23.25,33.65
COMPUTE,2,2,17,24.18,44.08
DATABASE,1,3,19,13.28,32.72
EMAIL,4,1,18,6.37,17.95
EMAIL,3,2,3,1.83,10.1
REST,2,3,14,28.58,43.47
EMAIL,5,1,6,24.41,33.87
EMAIL,2,1,16,16.12,27.04
REST,2,2,9,29.31,41.2
DATABASE,4,1,11,21.9,36.76
REST,3,0,17,17.06,27.05
COMPUTE,4,1,9,13.0,31.25
FILE,0,2,20,6.95,15.23
REST,4,3,14,15.63,35.26
DATABASE,1,1,9,17.67,30.85
REST,2,3,10,24.29,37.49
REST,5,0,3,20.05,30.26
FILE,0,3,20,11.82,24.37
COMPUTE,0,3,9,10.76,27.09
FILE,5,2,16,25.03,41.82
FILE,3,1,15,6.65,16.91
FILE,0,2,19,1.73,12.67
REST,2,1,10,4.88,16.03
COMPUTE,2,3,14,28.03,47.56
FILE,1,1,9,12.53,19.43
REST,3,1,16,14.33,27.36
EMAIL,4,1,18,9.27,24.2
REST,0,0,11,19.0,25.81
EMAIL,1,3,15,13.02,26.3
EMAIL,4,0,14,15.85,27.79
DATABASE,3,3,3,3.72,19.41
EMAIL,3,1,3,16.91,23.57
REST,1,2,6,4.8,15.34
DATABASE,4,3,4,17.96,38.01
COMPUTE,3,3,9,15.45,35.93
EMAIL,2,1,5,16.0,23.35
EMAIL,0,1,17,7.5,13.34
DATABASE,5,0,3,27.3,40.28
REST,4,2,7,15.26,27.88
FILE,1,3,10,9.26,20.38
EMAIL,2,2,19,8.78,22.3
EMAIL,1,3,6,14.3,24.8
FILE,5,3,10,18.52,33.17
COMPUTE,2,3,5,3.82,21.23
REST,5,0,6,8.86,18.81
DATABASE,2,3,12,1.45,19.13
EMAIL,2,1,10,11.42,17.48
DATABASE,1,2,11,17.7,32.8
EMAIL,4,0,16,29.33,38.97
FILE,2,1,5,20.99,25.66
COMPUTE,4,0,20,26.49,47.49
COMPUTE,1,2,18,9.14,27.85
REST,2,0,8,26.05,35.38
COMPUTE,2,3,5,26.12,45.67
EMAIL,2,2,10,29.32,39.97
COMPUTE,3,3,13,6.13,29.48
DATABASE,2,2,6,13.52,27.7
DATABASE,0,1,15,17.83,29.4
EMAIL,4,3,9,19.21,34.18
EMAIL,0,3,19,27.37,40.63
DATABASE,4,1,9,6.03,23.41
FILE,5,3,8,17.79,31.99
EMAIL,3,3,15,6.45,19.85
DATABASE,5,0,20,2.49,21.93
COMPUTE,2,3,12,6.24,26.58
REST,1,0,14,21.61,27.39
REST,0,3,12,23.61,35.73
COMPUTE,5,1,12,15.71,35.92
EMAIL,0,3,16,15.09,24.41
FILE,5,0,12,29.49,39.43
DATABASE,4,1,9,3.98,20.22
COMPUTE,1,1,17,11.83,28.16
EMAIL,2,3,13,19.73,33.48
REST,4,1,9,5.81,17.96
REST,3,1,17,11.86,26.09
COMPUTE,5,0,16,25.05,44.38
EMAIL,1,0,17,2.74,10.58
EMAIL,2,2,6,2.9,10.01
FILE,0,3,7,4.45,14.53
FILE,1,3,6,21.97,31.21
DATABASE,0,0,17,21.61,33.56
EMAIL,1,3,20,10.46,23.02
EMAIL,2,3,6,8.76,21.17
FILE,0,3,14,13.22,24.6
DATABASE,1,1,7,15.43,26.06
FILE,1,3,13,23.24,33.25
DATABASE,1,1,16,1.62,16.88
FILE,0,1,11,22.46,27.04
COMPUTE,4,3,9,14.12,38.64
DATABASE,0,1,14,19.46,31.82
DATABASE,3,0,20,8.87,24.45
DATABASE,4,2,12,18.74,36.71
FILE,5,0,19,7.17,18.62
REST,0,1,17,5.29,14.81
COMPUTE,3,3,10,2.4,22.26
FILE,4,2,12,10.1,23.93
COMPUTE,0,1,15,24.6,38.93
REST,3,2,7,28.23,40.37
EMAIL,4,0,9,17.21,26.75
COMPUTE,1,0,6,6.8,17.95
REST,5,0,16,6.78,20.05
DATABASE,1,1,17,19.07,33.97
FILE,3,1,19,3.52,16.69
FILE,3,1,18,7.56,20.42
EMAIL,3,3,11,4.87,17.47
REST,1,3,6,22.44,35.1
DATABASE,5,2,16,7.7,27.67
REST,5,0,18,17.67,34.25
FILE,1,0,6,5.54,10.5
EMAIL,2,1,18,29.5,38.8
REST,1,2,10,5.97,15.61
REST,2,1,20,19.94,34.32
REST,2,1,4,21.3,27.92
COMPUTE,1,1,12,28.75,44.94
EMAIL,2,3,7,21.92,34.84
EMAIL,0,1,12,20.23,27.78
DATABASE,1,2,10,5.53,17.95
DATABASE,0,0,15,18.58,29.65
EMAIL,5,0,5,11.59,19.26
COMPUTE,2,2,18,16.94,35.78
EMAIL,1,1,20,25.25,36.73
COMPUTE,0,2,3,14.63,26.09
FILE,3,0,12,29.48,35.98
FILE,0,3,10,4.62,12.57
FILE,4,3,20,22.11,39.06
FILE,4,0,17,9.54,22.23
REST,2,1,8,28.62,40.0
FILE,2,1,3,8.6,12.65
EMAIL,2,0,11,25.47,31.95
DATABASE,5,0,10,4.19,20.54
EMAIL,1,3,6,21.11,28.45
REST,5,2,16,26.45,43.02
REST,4,2,4,26.72,39.13
COMPUTE,3,0,5,11.39,24.03
EMAIL,5,1,14,16.82,29.6
FILE,3,0,10,11.17,18.95
EMAIL,0,3,6,6.3,13.38
COMPUTE,5,1,20,2.2,24.07
EMAIL,3,1,19,21.66,32.13
REST,1,2,17,28.64,39.62
FILE,3,0,8,11.1,17.2
REST,2,2,13,4.23,17.23
EMAIL,3,1,6,11.57,20.18
DATABASE,5,2,11,4.91,23.01
EMAIL,1,0,3,18.89,20.29
COMPUTE,4,0,17,4.89,22.1
FILE,2,0,7,20.29,23.75
FILE,4,2,19,23.81,41.22
EMAIL,3,0,19,1.93,11.44
REST,0,1,12,2.05,11.63
DATABASE,4,1,10,14.17,30.85
EMAIL,4,2,7,5.35,16.82
EMAIL,3,3,10,4.7,19.08
REST,2,3,6,12.35,23.59
REST,3,1,9,7.41,19.03
FILE,1,0,11,15.57,22.22
DATABASE,5,2,13,22.19,42.37
FILE,2,3,3,8.05,16.25
FILE,4,2,14,12.81,27.91
REST,5,0,16,19.68,33.04
DATABASE,3,3,15,10.96,30.21
DATABASE,3,1,7,13.61,26.28
FILE,0,1,16,19.03,24.54
COMPUTE,0,2,12,7.75,23.62
REST,3,2,6,26.73,38.21
DATABASE,1,3,15,17.18,34.78
REST,1,3,13,27.29,39.49
COMPUTE,0,3,13,21.57,40.4
DATABASE,5,0,17,13.76,30.06
REST,3,1,5,23.67,31.77
EMAIL,1,1,14,17.64,23.56
DATABASE,4,1,14,17.79,33.05
DATABASE,0,0,12,17.19,26.31
COMPUTE,2,3,16,3.1,26.67
REST,2,0,7,4.1,11.27
COMPUTE,1,3,17,13.74,34.14
COMPUTE,2,0,20,4.13,21.66
EMAIL,1,3,17,29.5,43.77
EMAIL,5,3,19,24.24,44.88
EMAIL,3,1,18,7.65,19.97
COMPUTE,3,0,6,21.68,36.77
DATABASE,2,0,3,8.55,18.66
DATABASE,3,1,8,21.3,37.1
EMAIL,1,3,4,12.01,20.74
REST,5,0,4,3.1,14.44
EMAIL,0,3,3,8.55,16.04
COMPUTE,5,3,19,4.8,31.12
FILE,5,0,3,8.99,17.48
COMPUTE,4,3,5,25.3,47.33
EMAIL,5,0,11,1.95,13.67
FILE,4,1,14,13.71,25.09
FILE,1,2,13,1.01,11.63
COMPUTE,2,1,15,26.86,43.95
FILE,0,2,5,28.78,32.72
EMAIL,1,0,19,28.79,34.17
REST,5,2,20,24.49,44.16
FILE,5,0,10,24.46,36.84
COMPUTE,1,3,18,26.2,48.29
FILE,5,2,12,25.42,39.83
FILE,2,3,3,28.05,36.72
REST,3,3,18,28.52,45.73
EMAIL,5,1,17,9.52,22.35
EMAIL,3,0,3,8.77,14.82
COMPUTE,4,3,15,12.9,35.92
FILE,3,3,3,4.5,17.22
COMPUTE,1,0,12,17.77,30.57
EMAIL,3,2,20,10.74,24.72
EMAIL,1,1,15,5.09,14.73
REST,1,1,14,23.8,35.35
COMPUTE,5,1,20,12.58,36.01
REST,1,0,9,5.22,10.22
COMPUTE,1,0,17,1.18,15.99
FILE,5,3,17,21.96,39.52
EMAIL,5,2,7,8.16,21.36
REST,1,1,13,25.07,36.34
EMAIL,2,2,16,20.06,31.34
EMAIL,4,0,16,7.39,19.04
DATABASE,1,0,16,20.56,30.82
FILE,5,0,19,12.94,25.85
FILE,5,2,3,3.75,16.6
REST,0,1,15,19.79,29.21
REST,2,1,5,11.8,21.48
FILE,5,1,5,4.15,14.67
DATABASE,1,3,18,9.0,28.54
EMAIL,1,2,19,26.66,37.95
DATABASE,3,3,17,24.39,45.07
EMAIL,1,1,10,24.47,32.68
DATABASE,2,3,15,22.1,40.91
EMAIL,2,2,13,3.88,15.76
EMAIL,5,2,7,19.45,34.92
DATABASE,4,1,14,1.14,17.26
COMPUTE,3,1,5,22.61,38.89
COMPUTE,5,1,13,8.53,29.41
EMAIL,1,0,10,1.04,4.91
FILE,0,1,5,12.84,18.3
REST,4,0,5,19.7,31.13
REST,2,0,11,13.05,19.81
COMPUTE,0,3,9,24.61,42.63
REST,2,0,19,11.87,23.38
COMPUTE,0,0,12,18.4,29.9
EMAIL,5,0,19,25.7,37.78
COMPUTE,3,0,4,5.07,20.33
COMPUTE,4,1,3,11.27,26.7
REST,2,1,18,12.96,24.19
REST,1,2,20,28.11,39.89
EMAIL,5,1,19,1.95,16.05
COMPUTE,1,1,15,28.09,45.43
REST,5,3,9,11.7,31.1
REST,4,2,20,3.71,20.75
DATABASE,1,3,6,18.02,32.45
EMAIL,4,2,9,27.31,39.25
DATABASE,1,2,14,14.15,28.74
REST,3,2,6,25.41,39.35
FILE,4,3,15,4.52,20.55
REST,0,1,19,11.25,20.08
COMPUTE,1,0,9,24.47,38.35
EMAIL,2,2,10,12.5,22.35
EMAIL,1,3,3,20.37,27.18
REST,1,3,18,6.19,22.96
DATABASE,1,2,5,6.18,17.67
REST,5,1,6,11.47,25.96
REST,2,0,16,17.39,28.81
COMPUTE,4,0,7,4.93,22.7
COMPUTE,1,0,8,18.74,32.33
EMAIL,3,2,15,25.15,38.84
EMAIL,2,2,13,22.17,32.57
REST,2,2,16,3.82,16.68
COMPUTE,4,1,19,3.92,27.23
COMPUTE,3,1,14,14.99,34.97
EMAIL,5,3,20,18.5,36.69
DATABASE,0,2,16,6.22,20.46
REST,2,3,15,3.45,18.83
EMAIL,0,2,17,21.94,29.4
FILE,0,0,9,25.93,28.16
FILE,1,3,18,22.27,34.93
COMPUTE,1,2,15,24.98,41.56
FILE,4,2,13,22.17,35.74
FILE,4,3,13,19.83,34.67
FILE,0,0,6,26.42,29.9
EMAIL,0,3,11,7.81,17.84
REST,5,0,19,20.38,36.81
FILE,0,2,13,3.83,10.0
DATABASE,1,1,16,1.76,14.95
COMPUTE,4,3,15,14.83,39.13
FILE,5,2,6,24.25,37.98
REST,3,3,13,12.63,30.33
DATABASE,4,0,16,22.36,37.89
FILE,0,2,14,22.68,31.48
REST,1,1,19,7.59,20.13
REST,3,3,10,5.57,22.05
EMAIL,0,3,4,4.8,13.23
FILE,2,2,5,6.48,16.2
COMPUTE,5,2,13,6.78,31.06
REST,2,2,7,3.1,12.99
DATABASE,0,3,15,22.25,38.95
EMAIL,5,1,13,10.76,22.23
COMPUTE,4,0,11,12.07,30.59
FILE,1,3,11,29.16,39.92
REST,5,1,11,14.47,29.65
REST,0,2,17,21.96,33.12
REST,0,0,10,5.42,11.21
DATABASE,2,2,18,23.07,40.5
REST,3,0,3,1.99,9.6
FILE,1,0,19,26.37,33.76
DATABASE,1,3,9,24.99,38.45
COMPUTE,5,1,3,22.29,38.79
DATABASE,1,0,15,11.99,22.03
COMPUTE,3,2,6,15.21,31.67
FILE,5,2,10,8.64,21.77
COMPUTE,2,2,18,24.89,43.98
FILE,4,3,13,10.69,26.12
COMPUTE,4,2,14,22.7,43.31
FILE,4,0,12,8.63,16.87
EMAIL,4,1,11,14.56,24.48
DATABASE,5,1,3,9.61,24.07
DATABASE,2,1,9,6.59,21.15
REST,3,0,7,4.06,13.95
REST,3,0,9,14.1,21.3
DATABASE,0,1,9,19.25,28.94
FILE,1,1,13,27.98,33.48
DATABASE,3,2,14,19.42,37.19
REST,5,3,12,20.75,40.34
REST,0,3,11,20.89,33.04
COMPUTE,3,1,5,29.05,44.87
EMAIL,1,2,6,24.69,31.9
EMAIL,0,0,7,22.34,24.49
EMAIL,5,0,4,18.94,27.05
DATABASE,0,0,18,3.15,13.5
REST,5,3,11,8.5,27.72
COMPUTE,0,3,20,14.23,33.75
REST,5,3,18,1.46,24.04
DATABASE,2,2,20,13.59,31.77
REST,2,3,9,9.87,21.9
DATABASE,1,2,10,8.9,21.61
DATABASE,5,3,6,25.08,44.5
DATABASE,5,0,3,18.25,30.31
REST,2,1,16,29.85,40.03
COMPUTE,1,0,20,23.16,37.93
COMPUTE,5,2,3,12.98,33.38
FILE,2,2,12,25.29,37.71
REST,4,3,6,28.71,46.08
EMAIL,3,2,7,23.67,32.37
EMAIL,2,1,20,25.44,34.65
FILE,2,0,10,20.71,27.09
FILE,4,1,11,6.73,17.11
EMAIL,3,0,19,18.66,29.62
FILE,0,2,9,19.44,24.64
COMPUTE,4,3,10,2.53,25.06
EMAIL,5,3,11,18.19,33.25
REST,5,1,17,2.32,19.56
COMPUTE,5,3,7,25.37,49.03
EMAIL,2,0,14,22.54,28.58
COMPUTE,2,0,6,20.55,34.73
COMPUTE,1,3,5,17.88,34.6
REST,5,3,11,5.82,26.35
COMPUTE,5,3,17,16.14,42.59
COMPUTE,2,0,4,21.58,33.15
FILE,3,2,11,29.73,42.42
COMPUTE,2,3,14,6.44,25.83
EMAIL,5,0,17,9.41,22.81
COMPUTE,4,1,3,5.75,24.3
EMAIL,4,0,13,14.97,26.33
EMAIL,0,0,16,3.08,6.8
DATABASE,1,2,20,15.62,31.77
REST,0,0,18,20.7,29.51
DATABASE,3,1,16,26.14,42.16
REST,1,3,15,4.62,20.27
FILE,2,3,17,29.75,45.8
REST,3,0,19,7.76,21.23
COMPUTE,0,2,7,6.32,19.44
EMAIL,4,3,20,20.25,39.05
FILE,4,2,15,3.52,16.93
REST,4,1,10,11.93,23.89
COMPUTE,4,0,12,21.62,40.51
REST,1,3,17,16.91,31.11
FILE,3,3,17,4.64,20.21
DATABASE,2,3,15,25.36,42.99
COMPUTE,4,1,4,11.29,26.92
DATABASE,2,1,16,5.06,20.94
EMAIL,1,0,10,1.14,5.59
DATABASE,2,2,11,14.7,31.88
FILE,4,1,12,26.1,36.59
COMPUTE,1,0,13,28.45,43.77
COMPUTE,1,3,20,4.29,23.82
EMAIL,4,2,11,23.76,37.46
REST,2,2,7,13.58,25.81
EMAIL,0,2,7,1.01,5.85
FILE,3,1,12,13.42,23.08
COMPUTE,3,0,9,10.51,26.06
REST,3,2,19,20.46,37.21
EMAIL,4,2,8,22.02,33.13
FILE,2,2,14,21.65,34.04
COMPUTE,1,1,17,11.79,28.15
FILE,0,3,15,29.8,41.62
COMPUTE,0,2,10,21.48,37.0
EMAIL,0,3,7,13.96,21.26
DATABASE,3,3,19,1.57,23.42
DATABASE,1,2,6,17.5,28.53
COMPUTE,3,1,14,9.59,26.72
REST,4,2,20,7.16,23.67
REST,2,2,19,3.45,16.39
EMAIL,0,1,7,22.59,25.46
EMAIL,0,1,7,6.46,8.63
REST,2,1,9,4.18,15.69
REST,0,3,11,3.8,14.93
EMAIL,1,3,20,1.47,16.81
REST,4,0,12,27.95,37.97
DATABASE,3,3,6,20.17,35.94
REST,3,1,17,21.99,36.04
DATABASE,2,1,18,3.56,20.23
EMAIL,0,0,8,8.16,9.33
EMAIL,4,3,15,16.22,34.21
EMAIL,1,2,11,11.1,19.13
FILE,0,3,16,12.75,24.27
EMAIL,3,2,9,25.89,37.22
DATABASE,2,3,16,6.43,26.17
DATABASE,5,3,20,17.99,42.09
DATABASE,4,1,17,29.32,49.04
EMAIL,5,3,15,18.89,38.65
COMPUTE,0,1,4,14.79,25.68
DATABASE,5,3,8,18.25,38.65
COMPUTE,1,1,17,15.72,32.62
DATABASE,5,2,3,14.61,30.5
REST,2,3,7,1.82,15.32
DATABASE,3,0,6,17.06,28.42
COMPUTE,1,0,18,22.7,39.57
COMPUTE,2,1,11,13.57,28.01
EMAIL,0,3,11,7.12,16.45
COMPUTE,2,0,10,17.44,30.66
EMAIL,3,3,17,3.4,17.99
FILE,0,0,12,2.54,8.09
DATABASE,4,2,9,24.95,42.9
REST,1,1,16,22.81,35.04
FILE,5,2,9,27.5,42.09
REST,4,3,15,23.75,43.64
FILE,0,1,17,27.7,36.72
COMPUTE,5,0,5,14.85,29.88
FILE,2,1,11,22.81,31.84
EMAIL,5,3,11,7.54,22.65
EMAIL,4,2,4,12.85,24.23
FILE,0,0,17,1.88,8.52
FILE,0,0,4,25.95,25.71
DATABASE,2,0,16,17.2,31.32
DATABASE,1,3,13,29.24,47.32
REST,2,0,9,15.61,24.69
FILE,3,1,18,17.73,27.88
FILE,1,2,13,1.96,11.55
FILE,2,1,14,18.42,27.92
EMAIL,1,3,18,1.04,13.27
FILE,5,3,3,5.68,19.94
FILE,5,2,18,12.54,31.12
REST,0,2,8,8.08,18.34
COMPUTE,4,2,6,17.83,37.69
DATABASE,1,2,18,10.18,24.47
REST,1,0,17,8.65,16.69
DATABASE,5,3,5,10.05,28.38
EMAIL,4,0,3,25.85,30.94
REST,0,2,18,4.48,14.87
DATABASE,4,3,16,27.43,47.9
COMPUTE,2,2,19,20.89,42.4
EMAIL,4,1,5,17.21,26.06
REST,5,2,15,24.32,41.21
REST,5,0,10,11.07,25.2
COMPUTE,3,1,11,12.93,30.15
EMAIL,5,1,11,3.19,17.65
FILE,4,0,15,25.55,34.18
FILE,5,0,3,14.73,22.67
FILE,5,3,16,3.68,21.01
REST,0,3,20,17.41,30.7
REST,0,1,11,1.53,8.61
COMPUTE,1,3,5,29.66,45.83
FILE,0,2,16,24.53,34.77
REST,5,0,7,27.08,38.38
REST,5,0,6,26.54,37.16
EMAIL,2,3,8,12.07,23.96
COMPUTE,4,0,16,23.22,40.66
REST,0,2,12,4.0,11.81
EMAIL,2,0,10,26.15,32.13
EMAIL,0,1,15,12.44,17.52
EMAIL,1,2,14,20.51,28.31
COMPUTE,4,0,16,8.59,29.1
EMAIL,5,2,19,25.45,44.48
COMPUTE,4,1,5,16.46,34.93
EMAIL,0,0,17,6.86,10.95
FILE,0,3,13,22.11,30.96
DATABASE,1,2,3,3.28,13.68
DATABASE,1,0,16,10.2,23.3
EMAIL,4,2,8,28.56,40.44
COMPUTE,4,3,5,25.09,48.38
FILE,0,0,4,28.03,31.08
COMPUTE,4,2,4,9.74,30.1
EMAIL,1,3,4,27.71,35.55
EMAIL,0,3,14,7.87,16.16
DATABASE,3,1,19,14.78,31.41
EMAIL,1,2,16,1.64,12.98
REST,4,2,6,23.3,36.94
FILE,1,2,13,6.64,16.42
FILE,1,3,4,2.62,12.91
DATABASE,5,2,8,27.59,44.57
EMAIL,1,1,18,25.73,32.71
COMPUTE,4,3,15,1.35,25.82
EMAIL,0,0,7,8.98,9.48
COMPUTE,1,2,14,9.04,26.53
COMPUTE,3,3,20,25.62,51.44
DATABASE,1,3,13,15.87,32.46
EMAIL,0,1,15,27.48,35.13
EMAIL,0,1,4,29.66,33.19
FILE,1,1,19,4.97,15.8
FILE,4,3,4,7.14,21.01
COMPUTE,5,1,6,3.65,24.86
REST,5,0,17,24.47,37.23
COMPUTE,5,1,11,21.26,42.36
REST,1,3,12,24.17,37.89
DATABASE,3,0,19,29.97,43.52
COMPUTE,1,0,4,1.81,13.77
REST,4,2,19,23.09,39.12
EMAIL,5,3,11,6.65,25.3
DATABASE,2,1,7,9.2,21.38
COMPUTE,0,2,10,23.83,38.79
FILE,0,0,12,20.01,23.22
FILE,4,0,12,11.02,20.98
REST,3,0,8,12.87,23.4
DATABASE,4,0,5,16.94,29.35
DATABASE,5,2,6,24.92,42.67
COMPUTE,4,3,5,16.25,37.05
DATABASE,5,2,8,23.5,42.39
EMAIL,3,0,16,16.56,26.04
REST,1,3,6,27.75,39.99
EMAIL,3,0,12,19.57,28.84
EMAIL,2,0,14,18.16,23.89
REST,3,0,4,21.83,30.2
EMAIL,5,3,15,5.37,24.31
EMAIL,3,3,10,6.58,19.45
COMPUTE,4,2,9,12.44,31.42
REST,3,2,18,24.91,40.74
FILE,3,1,11,12.78,23.63
DATABASE,4,2,9,10.82,27.87
REST,5,3,18,4.89,26.61
EMAIL,2,0,16,11.91,20.58
FILE,5,3,12,16.6,32.6
REST,1,1,4,19.65,26.46
DATABASE,1,1,11,12.85,24.55
COMPUTE,5,3,11,25.37,48.38
DATABASE,1,3,10,4.51,21.71
REST,3,0,19,21.47,35.36
FILE,3,1,5,5.75,12.2
FILE,3,0,15,21.0,28.33
DATABASE,2,0,18,22.65,36.09
EMAIL,0,0,5,24.74,25.24
COMPUTE,1,3,8,8.49,24.67
FILE,2,2,14,3.54,13.67
FILE,2,0,11,21.25,27.2
EMAIL,5,0,13,3.51,14.81
REST,4,2,13,11.53,27.14
REST,1,0,8,26.31,32.31
COMPUTE,5,0,14,25.68,46.09
DATABASE,1,0,13,12.32,20.76
EMAIL,1,0,18,4.65,9.83
EMAIL,5,0,12,9.25,19.22
REST,0,0,19,9.16,15.71
EMAIL,0,3,5,17.8,24.3
DATABASE,2,1,9,21.98,35.32
DATABASE,1,2,12,17.53,30.63
FILE,5,0,10,13.38,25.18
EMAIL,1,2,7,7.15,15.11
FILE,3,3,15,6.42,19.71
REST,1,2,8,1.86,12.61
DATABASE,0,3,13,19.64,35.84
REST,4,2,3,2.4,15.68
FILE,1,0,9,26.43,32.62
FILE,2,3,8,11.23,24.13
DATABASE,2,0,20,25.97,40.88
EMAIL,2,1,12,2.95,10.13
FILE,1,2,8,25.11,31.02
FILE,1,2,11,6.43,17.22
REST,4,3,20,10.59,32.29
DATABASE,0,1,16,24.93,35.15
FILE,0,3,20,2.72,14.45
COMPUTE,3,0,11,28.87,44.35
FILE,1,0,6,23.77,26.61
REST,4,2,5,3.81,16.98
DATABASE,3,3,17,1.61,20.31
DATABASE,2,2,12,12.63,27.37
EMAIL,2,3,9,9.15,21.22
DATABASE,3,0,5,29.83,38.93
COMPUTE,0,3,7,29.31,43.76
EMAIL,3,0,6,13.75,20.7
COMPUTE,5,3,9,28.83,51.72
DATABASE,2,1,6,15.24,25.8
COMPUTE,3,2,12,15.43,37.44
FILE,0,2,16,6.86,16.46
REST,1,2,14,12.48,24.08
REST,0,3,18,19.68,32.83
REST,5,0,7,27.39,38.71
FILE,4,1,13,14.66,27.33
DATABASE,1,2,4,4.25,17.34
EMAIL,4,2,18,10.24,24.25
COMPUTE,0,2,10,14.19,30.83
COMPUTE,2,3,18,25.05,47.2
REST,2,1,10,16.0,27.03
FILE,0,2,3,9.7,14.4
COMPUTE,2,2,12,3.14,20.24
COMPUTE,5,3,6,28.28,52.1
COMPUTE,5,2,9,2.72,24.38
REST,3,0,5,22.45,31.3
EMAIL,3,0,3,7.91,15.18
FILE,5,1,14,7.26,20.7
FILE,3,0,12,29.79,36.77
EMAIL,0,3,17,5.95,18.2
EMAIL,0,2,11,5.93,14.0
DATABASE,0,0,17,20.82,32.46
REST,2,0,20,15.67,26.55
DATABASE,4,1,7,11.14,26.19
DATABASE,2,1,7,22.69,32.94
EMAIL,1,2,6,1.36,8.26
COMPUTE,3,0,10,5.47,19.53
COMPUTE,4,3,13,8.98,31.02
FILE,3,3,16,28.78,42.4
REST,0,0,11,2.94,6.82
EMAIL,0,2,9,10.13,15.4
COMPUTE,1,2,7,9.08,23.89
DATABASE,3,3,16,6.58,27.57
REST,1,3,10,1.39,15.86
REST,0,3,12,28.21,37.96
DATABASE,5,0,11,1.73,17.79
COMPUTE,2,0,13,17.25,33.06
COMPUTE,2,2,16,28.53,49.44
COMPUTE,2,0,19,3.78,20.24
DATABASE,0,0,11,4.68,13.4
DATABASE,4,1,19,2.39,19.41
COMPUTE,3,3,12,17.85,39.67
EMAIL,3,0,5,23.9,28.58
REST,1,1,6,17.48,24.6
DATABASE,1,2,20,20.13,35.74
COMPUTE,1,1,19,6.26,22.98
COMPUTE,4,0,16,3.69,20.81
DATABASE,1,3,4,27.87,42.08
EMAIL,1,2,11,7.17,16.77
REST,3,2,9,27.53,40.29
DATABASE,2,3,14,15.67,35.59
COMPUTE,0,1,14,4.55,17.92
EMAIL,4,1,20,6.91,21.94
COMPUTE,1,2,6,9.98,23.9
FILE,4,1,20,22.97,37.68
COMPUTE,2,0,4,26.01,39.52
FILE,4,0,5,2.01,10.87
FILE,1,2,6,18.51,27.69
REST,3,2,15,26.73,41.6
REST,5,0,20,10.77,24.88
COMPUTE,4,1,4,20.57,36.39
EMAIL,5,1,18,9.23,24.95
REST,2,3,20,21.7,40.48
COMPUTE,4,2,4,8.29,26.7
DATABASE,2,2,18,19.56,35.31
DATABASE,2,2,11,13.67,30.61
REST,5,0,9,13.28,24.61
REST,4,3,11,6.45,24.77
COMPUTE,0,2,5,11.69,26.73
DATABASE,1,0,16,2.65,14.98
FILE,3,1,16,15.69,25.8
FILE,0,0,8,10.36,13.86
EMAIL,0,0,16,18.81,23.66
EMAIL,0,2,13,17.1,24.37
COMPUTE,2,2,3,26.7,41.58
FILE,4,1,18,28.2,40.43
DATABASE,2,1,9,24.13,37.66
EMAIL,3,0,7,7.04,12.06
COMPUTE,5,0,7,25.01,43.87
COMPUTE,3,2,20,3.14,24.12
EMAIL,0,1,18,15.01,20.78
COMPUTE,2,1,17,18.53,36.8
DATABASE,5,0,17,2.81,21.67
REST,2,2,15,15.3,27.14
FILE,1,2,7,7.76,13.96
COMPUTE,0,3,4,8.4,24.11
COMPUTE,1,3,15,20.26,38.99
FILE,5,0,7,11.27,21.3
EMAIL,4,3,9,9.64,24.24
DATABASE,3,1,5,21.82,36.76
COMPUTE,5,2,8,7.11,29.9
COMPUTE,2,1,19,4.63,23.46
COMPUTE,2,1,12,6.47,22.07
FILE,4,2,15,1.18,14.14
DATABASE,4,1,4,14.36,29.32
DATABASE,4,2,8,17.9,36.48
FILE,2,2,3,25.52,32.02
FILE,4,0,4,1.28,9.95
REST,0,2,3,1.49,9.17
REST,5,2,19,19.7,37.9
DATABASE,0,0,13,27.01,37.22
EMAIL,2,2,6,22.93,32.93
COMPUTE,2,3,18,9.5,33.06
DATABASE,3,1,16,11.41,25.96
DATABASE,0,3,4,7.94,19.92
FILE,0,2,3,27.17,32.97
FILE,5,3,8,7.7,21.66
FILE,0,3,16,5.33,16.06
FILE,2,1,5,27.86,33.9
REST,1,1,15,14.38,24.5
FILE,1,1,19,18.91,30.07
DATABASE,3,0,14,4.25,16.7
COMPUTE,3,2,19,15.32,35.97
FILE,2,1,9,2.06,11.15
EMAIL,5,3,11,14.4,29.6
REST,1,1,3,21.05,27.42
EMAIL,4,2,9,11.49,25.61
REST,3,3,20,13.93,33.35
FILE,0,0,3,25.62,25.2
FILE,0,3,16,3.18,12.14
COMPUTE,3,2,6,25.43,41.86
FILE,5,1,14,3.76,16.57
COMPUTE,0,1,11,14.93,26.54
DATABASE,3,2,11,23.12,41.77
DATABASE,1,2,15,1.52,16.17
FILE,3,2,13,5.18,15.84
REST,5,0,19,19.82,34.95
COMPUTE,1,3,14,25.06,45.91
COMPUTE,2,0,14,15.56,30.72
COMPUTE,1,0,17,28.93,45.11
COMPUTE,1,1,13,7.03,20.85
COMPUTE,3,0,13,7.82,22.35
REST,1,2,17,4.49,15.5
REST,4,0,9,5.5,17.21
DATABASE,1,1,11,10.89,24.03
DATABASE,3,3,16,13.41,35.08
DATABASE,5,2,6,6.19,25.24
EMAIL,1,2,17,4.89,16.8
DATABASE,3,3,14,24.41,43.17
COMPUTE,0,2,20,1.44,20.88
COMPUTE,1,0,9,13.35,27.2
FILE,4,2,18,15.61,31.37
FILE,1,3,14,26.86,39.58
COMPUTE,5,3,9,29.12,53.28
FILE,0,1,8,25.01,29.38
FILE,3,2,5,17.9,27.11
REST,4,1,10,28.75,43.63
FILE,4,0,6,13.65,22.47
COMPUTE,5,0,11,13.98,31.45
REST,5,2,13,23.58,41.92
FILE,4,0,20,11.17,24.28
DATABASE,0,2,14,23.58,37.86
REST,4,3,9,3.21,18.33
REST,0,1,6,7.89,13.41
FILE,4,2,7,6.11,17.16
REST,5,1,16,12.55,30.21
REST,3,1,12,3.91,14.96
COMPUTE,0,2,4,17.26,31.52
COMPUTE,4,3,6,22.73,43.41
COMPUTE,1,0,19,21.09,35.81
DATABASE,5,3,10,23.19,45.82
EMAIL,2,3,17,27.45,42.65
FILE,1,1,3,29.79,32.55
FILE,0,2,10,1.81,10.39
EMAIL,3,2,18,2.11,16.01
EMAIL,5,0,9,9.19,19.9
FILE,0,0,18,4.37,7.89
FILE,2,1,16,8.14,17.02
REST,3,2,18,7.19,21.91
REST,3,3,13,28.24,45.93
REST,0,2,13,26.21,35.4
COMPUTE,5,1,16,16.56,40.48
REST,3,2,15,10.17,26.72
COMPUTE,4,2,14,6.85,28.82
DATABASE,5,3,10,27.15,49.18
EMAIL,4,0,7,4.01,10.47
DATABASE,2,2,20,12.3,31.36
DATABASE,5,1,20,21.66,42.82
COMPUTE,1,3,3,24.25,39.88
DATABASE,2,2,12,28.03,45.51
COMPUTE,0,0,11,22.63,33.34
EMAIL,4,2,17,6.44,19.56
COMPUTE,4,3,9,7.25,31.77
EMAIL,5,2,5,2.18,15.39
EMAIL,2,1,20,2.67,11.76
REST,5,3,8,6.4,25.72
COMPUTE,1,1,11,6.17,20.75
FILE,1,1,18,3.32,10.67
REST,5,3,10,13.07,32.4
DATABASE,3,0,4,3.0,14.97
COMPUTE,0,1,16,11.99,24.82
COMPUTE,4,2,12,4.46,24.55
EMAIL,1,1,17,15.43,25.82
FILE,5,2,15,29.21,44.58
COMPUTE,4,2,7,7.66,25.96
COMPUTE,4,1,12,5.71,25.54
REST,1,3,15,4.09,17.88
FILE,5,1,15,2.3,16.85
EMAIL,0,1,20,29.06,35.27
COMPUTE,2,1,20,6.32,23.47
FILE,3,2,11,24.94,36.57
FILE,3,2,12,8.3,20.11
EMAIL,3,2,19,5.82,21.25
FILE,4,2,11,27.64,40.13
EMAIL,2,2,13,22.11,34.84
REST,2,0,6,4.51,9.76
REST,4,2,18,29.24,48.47
REST,2,0,3,2.57,9.15
FILE,0,2,20,2.48,13.2
DATABASE,3,0,18,20.83,37.04
REST,3,2,17,26.19,40.6
REST,0,3,3,14.47,22.2
REST,5,3,6,27.26,43.92
FILE,0,3,4,28.93,36.2
REST,4,3,5,3.38,17.0
DATABASE,1,2,16,2.81,16.6
REST,4,3,16,12.07,29.44
EMAIL,1,1,17,22.18,29.55
DATABASE,4,1,18,18.04,37.45
FILE,1,3,9,10.08,21.07
DATABASE,2,1,10,10.69,22.21
EMAIL,0,2,4,12.04,15.55
DATABASE,5,3,18,29.09,54.98
DATABASE,0,3,6,14.02,26.42
COMPUTE,3,0,18,5.66,23.75
REST,0,3,16,6.24,19.85
DATABASE,2,0,14,4.34,18.26
REST,4,2,13,4.83,20.01
DATABASE,2,1,15,17.41,30.8
REST,3,1,18,18.13,30.42
REST,2,1,16,8.12,18.54
REST,5,0,3,28.73,39.04
EMAIL,1,2,8,24.19,33.61
FILE,5,3,15,25.61,42.01
DATABASE,1,2,13,22.27,38.03
COMPUTE,2,0,12,28.13,43.92
COMPUTE,5,2,5,29.04,48.57
DATABASE,3,2,11,19.54,36.68
DATABASE,1,3,11,5.69,21.23
COMPUTE,1,1,7,27.3,41.09
REST,2,0,7,6.91,13.01
DATABASE,5,3,11,3.06,23.89
FILE,1,1,20,1.52,9.41
FILE,0,3,13,26.04,36.64
DATABASE,3,0,5,27.91,40.33
DATABASE,5,1,9,26.95,42.16
REST,3,0,16,4.31,16.15
DATABASE,2,2,12,8.52,24.19
DATABASE,0,3,4,8.31,20.58
REST,5,2,14,28.81,45.72
EMAIL,1,3,16,12.58,23.4
COMPUTE,5,0,10,2.98,20.03
EMAIL,2,2,13,9.54,20.28
FILE,0,1,3,2.57,6.31
FILE,0,2,18,25.83,35.63
DATABASE,5,2,16,29.96,52.49
FILE,4,2,6,20.21,32.49
FILE,1,2,14,9.08,17.44
FILE,5,3,14,12.81,31.49
EMAIL,3,2,3,28.38,38.35
EMAIL,4,0,7,4.96,14.03
COMPUTE,2,3,4,21.61,39.8
COMPUTE,1,2,4,5.01,19.24
COMPUTE,4,2,17,18.96,42.5
REST,3,0,16,10.63,21.61
REST,4,0,13,25.22,38.82
REST,0,1,12,3.4,12.71
COMPUTE,5,2,14,13.32,35.13
REST,2,2,13,6.71,21.17
REST,5,1,11,18.33,33.16
FILE,3,1,4,14.91,22.28
EMAIL,4,3,17,28.23,46.77
DATABASE,1,2,8,18.13,29.13
FILE,5,0,10,12.68,21.2
COMPUTE,5,3,11,13.69,36.91
EMAIL,3,3,13,26.78,39.22
REST,4,1,8,26.77,40.77
REST,4,1,15,22.41,37.48
EMAIL,2,0,15,15.02,23.3
COMPUTE,2,2,8,17.99,34.41
EMAIL,3,3,5,9.89,23.65
COMPUTE,4,1,15,8.66,28.93
FILE,2,3,10,7.5,19.36
COMPUTE,5,2,5,19.53,38.75
REST,2,2,16,20.93,35.5
REST,2,0,5,13.68,18.83
EMAIL,1,3,17,24.12,35.62
COMPUTE,4,1,8,8.79,28.36
FILE,0,1,13,11.13,16.43
FILE,4,2,19,8.5,25.27
FILE,5,2,9,23.25,35.67
DATABASE,2,0,12,20.25,32.37
DATABASE,3,3,5,12.68,29.6
EMAIL,0,3,5,15.54,23.52
FILE,1,2,17,1.57,12.53
COMPUTE,2,0,5,16.5,27.11
REST,3,1,10,17.9,27.87
FILE,4,1,16,14.75,29.53
FILE,1,3,6,14.03,21.34
REST,4,2,10,13.7,30.24
DATABASE,4,3,9,3.15,21.85
DATABASE,5,0,10,2.73,20.16
REST,5,0,11,7.13,20.53
EMAIL,2,1,19,2.46,11.91
DATABASE,5,1,17,5.46,24.96
REST,2,3,8,10.17,25.02
REST,0,3,16,21.18,35.1
FILE,1,1,3,16.41,20.33
COMPUTE,2,1,15,5.35,21.84
REST,2,1,8,10.7,18.86
DATABASE,1,0,5,2.33,10.44
EMAIL,2,0,10,15.83,20.97
COMPUTE,3,0,9,15.95,29.47
DATABASE,3,0,19,2.28,16.81
FILE,0,2,19,11.05,20.53
EMAIL,2,1,10,26.38,34.9
COMPUTE,1,2,6,24.74,41.1
DATABASE,4,0,13,22.91,39.65
EMAIL,3,2,16,6.27,20.22
EMAIL,4,1,6,6.42,16.62
REST,4,1,3,22.96,35.03
REST,1,0,14,4.23,12.45
EMAIL,4,2,3,23.41,33.0
DATABASE,2,1,18,22.52,39.65
DATABASE,5,1,18,1.11,21.6
DATABASE,5,2,12,18.67,39.89
COMPUTE,2,2,10,9.78,28.25
COMPUTE,5,1,16,14.21,36.59
FILE,2,1,4,24.4,30.05
REST,3,0,16,10.2,21.33
EMAIL,4,2,20,24.56,40.53
REST,3,1,11,17.37,27.41
COMPUTE,0,2,9,17.49,32.71
REST,3,2,18,20.08,35.57
EMAIL,2,3,16,29.04,42.8
COMPUTE,4,0,18,5.02,23.69
REST,3,2,6,6.26,18.4
FILE,3,2,5,8.7,20.66
COMPUTE,2,1,3,25.64,41.36
DATABASE,4,3,20,2.35,24.7
DATABASE,4,3,15,16.58,40.03
COMPUTE,4,2,15,28.73,52.18
DATABASE,5,3,20,3.18,27.18
DATABASE,0,3,18,29.0,47.19
EMAIL,2,0,11,16.03,21.49
FILE,3,2,4,25.03,36.38
REST,3,3,13,15.34,33.58
FILE,3,2,6,2.99,14.39
DATABASE,0,3,15,25.0,40.15
COMPUTE,2,3,8,13.42,33.64
REST,3,2,11,25.72,37.58
DATABASE,2,2,18,29.95,47.13
DATABASE,5,0,6,29.28,42.38
FILE,3,3,3,26.73,39.64
DATABASE,0,2,7,20.37,30.54
EMAIL,1,3,8,18.4,26.44
FILE,0,0,15,11.27,15.11
COMPUTE,3,0,16,14.58,30.98
FILE,5,0,4,3.87,13.46
EMAIL,0,1,19,15.17,24.55
COMPUTE,0,0,20,25.8,40.41
EMAIL,3,3,9,20.42,35.29
FILE,3,3,7,25.67,40.23
REST,4,2,16,3.13,18.69
EMAIL,5,2,20,9.2,25.2
EMAIL,1,2,3,28.99,34.47
REST,5,1,10,10.18,22.78
COMPUTE,4,2,13,4.46,27.02
DATABASE,2,2,15,4.38,20.52
FILE,1,0,7,23.21,28.42
EMAIL,3,0,16,26.18,36.14
EMAIL,4,0,18,19.48,28.96
COMPUTE,5,1,11,5.11,27.85
REST,3,0,6,26.35,35.97
FILE,2,3,7,6.68,18.81
COMPUTE,4,0,5,16.37,30.85
COMPUTE,2,2,11,26.83,45.93
FILE,2,3,7,20.88,30.55
EMAIL,4,2,10,26.2,38.02
COMPUTE,5,2,12,29.55,52.09
FILE,3,2,16,23.43,36.66
FILE,1,1,6,2.56,8.31
FILE,5,2,7,7.79,20.63
COMPUTE,4,3,12,13.18,37.9
COMPUTE,4,2,18,8.98,30.78
COMPUTE,1,3,6,26.25,44.81
REST,1,2,15,4.54,16.49
REST,0,1,4,16.91,23.48
DATABASE,3,0,3,21.18,30.0
EMAIL,2,0,4,17.95,20.34
EMAIL,3,3,3,28.54,39.72
EMAIL,2,3,7,24.52,37.01
REST,2,3,5,27.83,41.69
COMPUTE,2,0,13,18.52,33.6
FILE,3,1,18,5.44,16.34
REST,1,1,20,12.07,24.43
FILE,0,1,17,24.92,30.03
FILE,3,0,3,21.58,27.41
EMAIL,0,1,4,24.86,29.14
FILE,1,1,4,26.27,30.83
REST,4,0,15,17.79,29.33
EMAIL,4,0,12,13.33,24.05
FILE,5,2,13,5.33,19.36
DATABASE,0,2,10,6.5,19.85
FILE,2,1,14,5.82,13.79
FILE,0,1,8,4.25,7.05
DATABASE,1,2,20,5.88,20.76
FILE,5,0,18,16.07,29.57
FILE,4,2,6,4.03,16.53
REST,5,1,17,14.25,31.87
DATABASE,3,2,11,19.85,35.08
FILE,2,2,17,14.61,28.61
DATABASE,2,3,19,22.85,43.42
FILE,0,2,3,24.22,29.98
DATABASE,5,0,19,20.54,38.08
REST,5,2,16,6.14,23.28
COMPUTE,4,1,4,14.28,31.2
DATABASE,5,2,3,28.85,45.97
EMAIL,5,3,13,12.71,31.85
EMAIL,1,1,6,4.8,11.7
COMPUTE,5,1,10,23.95,46.22
FILE,3,2,8,6.01,16.59
REST,3,2,7,2.24,14.13
FILE,2,1,10,20.08,28.88
DATABASE,2,2,4,13.92,29.04
REST,5,3,8,2.23,18.86
DATABASE,4,0,20,1.16,19.7
EMAIL,3,2,11,26.05,38.51
EMAIL,2,3,3,15.09,23.93
COMPUTE,4,0,3,22.2,38.82
DATABASE,3,0,5,26.16,35.65
REST,0,3,4,22.11,32.29
COMPUTE,0,0,6,16.15,25.32
EMAIL,3,0,8,1.97,6.96
REST,0,0,19,13.21,19.95
FILE,5,0,14,1.59,13.2
COMPUTE,5,3,11,12.57,36.69
EMAIL,1,0,11,1.21,6.15
EMAIL,0,3,18,26.79,36.59
COMPUTE,2,2,19,19.11,38.22
DATABASE,5,0,8,19.93,34.55
COMPUTE,4,3,5,12.86,34.82
EMAIL,0,1,8,28.26,30.91
DATABASE,2,2,16,22.75,38.47
FILE,3,3,7,18.79,33.37
REST,1,0,12,23.92,32.16
FILE,1,3,7,28.94,39.26
REST,5,3,8,26.04,45.72
EMAIL,0,1,16,2.31,7.94
FILE,1,2,11,12.0,21.18
REST,5,2,12,12.65,31.15
FILE,2,1,9,7.01,14.48
EMAIL,2,1,9,18.67,27.58
EMAIL,5,0,14,2.88,16.57
REST,5,2,3,7.01,20.41
FILE,4,2,8,25.08,37.45
COMPUTE,4,1,12,22.38,41.52
FILE,5,0,9,21.17,31.61
REST,1,3,4,10.23,21.96
FILE,0,3,12,15.09,26.27
FILE,0,3,9,10.61,17.6
FILE,1,1,4,11.06,15.08
EMAIL,3,2,16,16.01,27.45
DATABASE,2,0,9,18.11,27.7
DATABASE,5,2,8,10.13,29.84
COMPUTE,5,0,10,28.05,47.73
REST,5,2,20,17.02,37.71
EMAIL,4,0,8,1.98,10.16
REST,2,0,17,24.41,36.26
DATABASE,1,3,16,8.85,24.9
DATABASE,2,3,7,9.55,25.53
DATABASE,1,0,5,2.57,10.93
FILE,2,3,7,11.21,22.19
FILE,3,3,6,8.62,21.56
FILE,2,0,9,2.66,9.23
REST,4,1,14,19.85,33.69
COMPUTE,0,0,5,25.22,32.87
EMAIL,0,2,12,3.37,9.87
COMPUTE,2,0,6,8.04,20.02
REST,3,2,7,23.06,37.16
REST,3,0,6,18.37,27.05
DATABASE,1,1,6,27.44,35.89
FILE,1,0,16,27.75,35.17
EMAIL,5,0,12,26.58,38.12
COMPUTE,0,2,8,10.77,25.98
FILE,0,3,16,24.38,35.53
FILE,0,0,11,11.27,14.54
DATABASE,1,2,9,3.89,17.57
EMAIL,1,1,6,9.11,13.58
EMAIL,0,3,10,23.0,31.5
REST,1,1,6,15.13,20.46
REST,0,3,19,1.18,13.74
EMAIL,5,3,17,6.06,24.59
EMAIL,5,1,11,8.5,19.35
COMPUTE,0,2,9,2.38,16.94
REST,2,3,7,25.69,39.05
COMPUTE,1,1,13,24.71,41.21
COMPUTE,4,2,3,1.51,20.56
EMAIL,0,3,15,15.08,25.16
DATABASE,5,0,15,1.78,19.64
DATABASE,4,3,10,4.73,24.5
DATABASE,4,0,11,9.55,22.5
COMPUTE,2,2,5,4.96,21.4
COMPUTE,5,0,11,14.74,34.57
COMPUTE,3,0,10,28.03,44.9
EMAIL,0,3,6,29.16,36.92
COMPUTE,5,1,8,6.02,25.02
EMAIL,4,0,9,3.04,10.92
REST,2,0,16,29.6,40.04
EMAIL,5,2,20,4.98,22.11
COMPUTE,4,3,14,9.95,33.07
DATABASE,1,3,16,1.96,19.64
COMPUTE,4,0,20,17.9,39.22
FILE,4,0,3,21.15,26.48
COMPUTE,3,3,4,15.82,35.18
EMAIL,2,1,19,16.22,28.36
FILE,5,3,20,11.28,30.13
COMPUTE,3,0,12,21.18,37.9
COMPUTE,5,3,17,7.39,34.65
DATABASE,2,0,9,6.28,18.67
EMAIL,1,1,7,25.4,29.32
REST,5,1,10,22.69,39.13
EMAIL,1,1,4,18.11,22.81
REST,4,1,16,3.49,16.37
DATABASE,4,1,10,19.12,34.57
EMAIL,1,0,8,26.71,31.54
DATABASE,5,0,10,29.99,46.22
DATABASE,1,3,11,15.07,29.52
REST,0,3,3,15.18,24.32
FILE,4,1,15,2.32,16.2
EMAIL,1,3,11,16.35,25.91
FILE,4,3,7,18.16,31.18
EMAIL,3,3,20,19.37,35.14
FILE,0,0,6,29.9,32.18
EMAIL,2,3,16,27.16,39.8
DATABASE,3,2,14,27.11,45.45
DATABASE,5,2,20,17.24,37.87
DATABASE,1,1,4,20.25,28.94
COMPUTE,4,2,4,2.95,23.93
DATABASE,0,2,9,28.38,40.63
REST,5,0,10,12.13,26.5
REST,0,1,9,11.47,19.36
REST,4,2,3,14.88,26.33
REST,1,2,13,18.4,29.38
DATABASE,0,0,17,16.85,28.21
DATABASE,0,0,6,16.19,23.63
COMPUTE,1,1,4,16.4,28.49
REST,2,2,17,17.73,30.17
REST,5,0,4,27.11,36.74
REST,3,2,7,9.38,23.38
COMPUTE,1,3,10,21.1,39.36
EMAIL,5,1,19,22.45,39.18
REST,5,0,3,17.92,27.82
FILE,5,2,8,20.37,35.66
FILE,4,1,16,22.17,34.55
FILE,3,3,14,10.54,26.26
FILE,1,3,5,14.34,24.8
COMPUTE,3,2,18,4.01,27.29
FILE,0,3,15,26.74,37.38
EMAIL,0,0,18,12.8,17.09
COMPUTE,4,3,11,27.44,49.27
REST,4,0,19,15.83,29.0
REST,4,0,4,25.27,36.33
DATABASE,3,0,12,28.81,40.13
EMAIL,4,0,4,24.28,32.45
EMAIL,3,1,15,14.11,23.51
REST,4,0,18,3.93,18.61
COMPUTE,4,3,17,3.11,28.39
EMAIL,3,2,14,5.18,15.91
COMPUTE,5,1,11,23.67,43.46
DATABASE,1,3,15,9.17,24.62
FILE,0,3,6,6.49,15.72
REST,1,0,19,5.61,13.88
REST,1,2,7,12.78,21.69
FILE,3,2,12,20.51,33.64
EMAIL,5,2,5,4.75,17.44
FILE,3,0,12,4.81,13.85
EMAIL,0,1,3,18.9,21.4
EMAIL,3,2,6,5.92,17.79
REST,2,1,18,28.3,39.22
REST,0,1,16,3.45,12.24
REST,1,3,13,7.51,20.15
EMAIL,1,0,10,9.69,13.05
COMPUTE,5,1,14,7.59,30.22
REST,0,0,3,1.6,5.47
DATABASE,2,2,16,17.19,35.31
DATABASE,2,0,13,7.7,21.35
COMPUTE,2,3,3,10.3,27.23
REST,2,1,17,3.83,15.33
FILE,0,2,11,24.41,32.49
COMPUTE,3,2,12,2.5,22.97
REST,0,0,3,13.19,16.63
FILE,0,0,15,26.59,29.14
REST,2,3,8,11.66,24.89
FILE,4,2,17,18.18,32.03
FILE,3,0,9,28.16,34.18
EMAIL,1,0,5,20.28,23.7
COMPUTE,2,3,4,25.78,45.49
EMAIL,5,1,7,1.42,11.04
EMAIL,2,3,18,9.59,22.32
EMAIL,0,0,5,23.37,23.25
REST,1,1,9,17.8,27.19
FILE,0,3,15,19.17,27.71
REST,1,1,11,16.91,26.25
EMAIL,0,1,16,8.03,14.96
COMPUTE,5,3,9,17.12,42.01
EMAIL,1,2,6,7.5,15.82
FILE,4,2,19,8.1,25.23
COMPUTE,5,0,14,20.82,42.04
FILE,4,0,20,2.68,14.97
DATABASE,5,2,5,3.83,21.77
COMPUTE,2,0,17,8.38,25.36
COMPUTE,5,3,14,9.75,36.62
REST,2,0,6,5.02,10.13
FILE,5,2,5,8.82,23.59
DATABASE,0,0,20,18.56,28.37
EMAIL,5,3,12,13.48,32.04
EMAIL,4,3,8,26.55,42.6
REST,4,2,16,13.72,32.23
COMPUTE,4,3,6,16.04,36.16
DATABASE,0,2,9,13.2,24.4
COMPUTE,4,1,17,12.21,33.86
EMAIL,1,1,16,7.82,17.0
FILE,5,1,14,21.96,34.12
EMAIL,0,2,6,20.61,28.35
COMPUTE,0,2,8,22.48,37.28
EMAIL,5,3,18,19.33,39.09
REST,4,1,11,7.48,18.86
FILE,2,0,10,23.04,30.09
DATABASE,1,3,7,9.62,23.38
COMPUTE,0,2,8,27.58,43.13
FILE,5,0,19,4.62,18.0
EMAIL,0,2,9,2.01,10.24
FILE,2,1,3,6.2,13.49
DATABASE,1,3,3,20.45,35.07
DATABASE,1,3,14,19.66,36.37
COMPUTE,0,1,6,21.65,35.07
DATABASE,5,0,10,14.53,28.17
COMPUTE,1,0,4,7.22,16.31
REST,0,0,14,14.8,21.56
COMPUTE,3,0,16,6.57,25.74
COMPUTE,3,2,11,12.46,31.3
FILE,1,0,16,18.11,22.5
COMPUTE,1,1,13,29.93,46.25
COMPUTE,1,3,13,23.43,42.96
REST,5,0,3,26.36,36.52
DATABASE,1,2,15,6.11,22.84
FILE,3,2,6,21.54,33.13
EMAIL,3,1,14,27.35,39.71
COMPUTE,3,1,9,14.36,31.44
DATABASE,0,1,12,11.39,21.2
FILE,5,3,14,2.66,22.24
COMPUTE,2,0,19,10.31,27.01
REST,2,2,16,1.75,15.46
COMPUTE,3,0,6,27.97,44.05
FILE,5,3,18,3.41,21.22
EMAIL,3,0,6,14.93,23.1
REST,0,1,8,15.5,23.39
FILE,5,2,20,9.6,28.27
DATABASE,4,0,18,26.18,43.08
COMPUTE,0,0,14,11.83,23.86
REST,2,1,18,19.64,30.76
FILE,2,1,3,12.47,17.69
REST,4,3,4,28.45,42.34
DATABASE,4,0,3,7.4,17.85
REST,1,1,8,5.54,11.57
EMAIL,1,2,4,20.05,25.13
DATABASE,2,3,18,28.25,48.28
REST,1,2,3,25.86,33.83
COMPUTE,5,3,11,20.44,44.67
REST,2,1,20,14.07,25.23
EMAIL,3,3,14,13.72,27.95
EMAIL,4,1,17,18.3,29.66
FILE,5,1,15,29.56,41.79
EMAIL,5,0,5,26.96,35.37
EMAIL,4,2,8,10.13,21.44
COMPUTE,4,2,10,13.86,36.46
EMAIL,4,1,12,29.84,42.63
DATABASE,5,2,10,9.12,29.01
EMAIL,2,2,18,8.84,20.05
DATABASE,3,0,8,10.88,22.61
FILE,0,2,9,8.01,13.29
EMAIL,3,3,16,24.08,37.54
COMPUTE,3,1,3,29.21,43.99
DATABASE,3,0,12,29.0,41.57
FILE,3,0,10,7.17,14.58
REST,3,1,11,26.02,38.76
DATABASE,5,3,11,26.13,46.66
EMAIL,2,0,8,4.34,7.85
DATABASE,4,2,13,21.35,39.15
COMPUTE,4,3,11,19.41,44.01
DATABASE,1,2,17,29.59,46.23
COMPUTE,3,1,18,3.66,24.83
REST,3,1,19,12.07,26.04
EMAIL,3,2,18,25.82,41.08
DATABASE,5,3,6,10.23,31.34
EMAIL,0,2,15,18.23,25.89
FILE,4,2,11,28.52,42.08
FILE,1,2,14,26.38,34.57
FILE,5,2,9,19.72,32.29
EMAIL,4,1,19,9.55,24.16
EMAIL,3,0,13,9.21,16.01
COMPUTE,2,3,14,1.19,21.23
EMAIL,0,3,11,12.11,23.33
EMAIL,4,2,20,14.65,29.67
FILE,3,2,19,25.96,40.4
REST,5,0,18,23.59,39.83
REST,0,3,19,1.96,15.59
FILE,1,0,15,24.84,31.86
REST,3,0,7,16.52,24.41
EMAIL,5,2,9,12.76,25.53
FILE,1,3,8,28.27,37.01
DATABASE,3,1,17,4.8,23.12
FILE,3,1,17,1.8,14.29
EMAIL,4,2,19,2.59,16.73
REST,5,2,5,14.01,27.75
EMAIL,1,3,5,15.67,23.37
FILE,2,2,15,29.78,42.11
DATABASE,3,2,6,21.95,38.0
DATABASE,1,1,7,22.72,31.9
FILE,4,0,10,10.71,20.56
FILE,4,1,3,6.23,13.67
DATABASE,0,0,20,11.48,22.7
DATABASE,1,3,3,12.14,24.92
REST,1,0,8,14.12,19.18
EMAIL,3,3,18,3.17,18.67
FILE,3,0,8,16.62,23.26
DATABASE,2,1,18,25.66,39.45
COMPUTE,4,0,20,20.45,39.78
REST,3,2,17,14.08,28.24
DATABASE,3,1,20,26.04,42.89
FILE,3,0,7,26.36,31.71
FILE,0,2,5,28.55,35.34
COMPUTE,5,2,7,21.3,42.69
COMPUTE,3,2,8,18.65,37.79
COMPUTE,1,1,14,1.37,16.55
COMPUTE,1,0,6,18.63,28.05
DATABASE,1,3,19,20.92,40.5
DATABASE,4,0,7,23.84,38.88
REST,3,1,19,24.85,37.87
DATABASE,0,2,15,25.01,40.22
COMPUTE,1,3,8,25.2,44.88
COMPUTE,2,2,15,29.27,50.11
COMPUTE,5,1,3,20.26,37.28
REST,2,1,14,16.57,26.29
DATABASE,3,2,15,23.25,41.53
FILE,4,1,16,24.33,38.47
EMAIL,2,1,11,10.16,17.55
EMAIL,2,0,4,22.91,26.93
FILE,0,3,19,5.5,19.03
FILE,5,2,9,5.85,20.89
DATABASE,2,3,17,27.59,45.34
DATABASE,4,1,5,1.66,16.24
FILE,4,2,8,5.83,18.84
DATABASE,0,1,12,7.01,16.98
EMAIL,2,0,16,11.65,21.14
REST,3,0,16,4.25,15.14
REST,5,1,8,15.99,28.3
FILE,4,3,11,26.34,41.29
FILE,5,3,17,1.26,19.17
DATABASE,2,3,13,23.76,41.35
COMPUTE,4,0,9,5.97,21.57
DATABASE,2,0,12,19.7,31.27
EMAIL,2,1,10,24.32,33.9
DATABASE,0,1,15,4.36,14.35
REST,4,1,17,6.72,21.17
COMPUTE,5,0,7,18.27,36.27
REST,4,3,4,16.55,32.77
EMAIL,0,2,15,2.18,9.7
COMPUTE,5,3,7,13.98,36.98
DATABASE,4,2,7,21.32,39.06
FILE,4,1,9,13.47,24.03
FILE,4,0,8,2.54,9.91
COMPUTE,3,3,12,28.9,51.21
DATABASE,4,2,16,12.14,30.22
REST,3,3,8,27.93,42.01
DATABASE,4,1,8,14.76,28.93
REST,3,1,3,8.45,19.54
REST,0,3,20,27.78,40.95
DATABASE,2,2,19,11.53,28.98
REST,0,3,15,26.83,38.56
EMAIL,3,3,13,29.3,45.15
EMAIL,0,2,14,12.29,18.72
FILE,5,0,12,6.76,18.44
REST,1,3,16,24.91,37.52
EMAIL,3,1,13,14.69,24.68
COMPUTE,1,1,19,11.62,29.1
REST,3,0,12,19.6,30.43
FILE,5,3,3,25.47,39.67
FILE,0,1,17,27.8,34.63
FILE,5,3,16,1.67,18.12
REST,0,1,15,24.49,32.38
COMPUTE,3,2,6,9.8,28.57
EMAIL,5,1,17,8.68,23.13
DATABASE,2,2,20,27.71,47.69
COMPUTE,4,0,3,29.81,46.55
DATABASE,1,1,6,11.92,20.32
DATABASE,4,3,15,6.74,29.54
DATABASE,1,2,10,1.8,14.72
DATABASE,2,2,5,29.51,44.26
COMPUTE,2,0,17,24.29,42.11
DATABASE,0,1,6,6.42,13.68
EMAIL,1,2,3,11.35,17.38
COMPUTE,4,0,5,7.58,24.94
REST,3,0,3,26.21,32.07
COMPUTE,1,3,19,20.78,43.61
FILE,0,2,4,8.86,12.68
DATABASE,1,0,11,6.87,16.51
DATABASE,2,1,10,4.55,17.75
FILE,0,3,12,27.09,37.1
EMAIL,0,1,12,25.47,30.71
REST,0,3,7,21.82,30.4
FILE,1,2,3,19.04,26.05
COMPUTE,4,3,4,3.34,25.48
FILE,3,1,10,19.72,29.01
REST,3,1,12,7.23,20.73
DATABASE,3,0,19,1.79,18.71
EMAIL,3,2,11,28.2,39.48
DATABASE,1,0,5,20.91,29.67
EMAIL,1,2,20,3.5,16.06
REST,4,3,10,25.64,42.2
EMAIL,2,2,11,1.48,11.54
FILE,1,2,17,29.13,39.52
REST,0,0,17,22.43,30.06
FILE,1,2,10,17.92,25.9
DATABASE,0,2,13,28.28,41.02
FILE,1,0,20,17.69,25.84
EMAIL,5,3,4,14.91,27.84
DATABASE,3,3,5,22.39,40.5
DATABASE,1,3,18,26.37,43.28
DATABASE,0,0,14,4.3,13.93
COMPUTE,5,1,4,1.76,18.78
REST,3,1,19,7.57,22.64
FILE,0,1,7,3.9,9.57
EMAIL,2,3,4,23.14,32.18
REST,5,0,5,28.31,38.96
DATABASE,0,2,16,27.59,42.15
REST,1,2,5,9.5,16.86
DATABASE,3,2,6,24.78,38.11
EMAIL,1,2,19,25.09,36.85
REST,5,0,9,23.15,36.1
REST,3,3,19,22.71,39.86
REST,5,0,9,29.7,43.17
DATABASE,1,1,15,18.82,32.27
REST,4,0,17,7.26,19.9
FILE,2,2,17,2.0,12.92
COMPUTE,3,3,9,16.71,39.41
FILE,3,3,18,19.38,33.94
EMAIL,0,0,12,11.06,15.03
EMAIL,2,2,12,15.63,25.29
COMPUTE,2,3,4,18.57,35.65
COMPUTE,2,3,19,20.98,44.88
EMAIL,2,3,20,5.44,19.85
REST,0,3,9,3.91,14.09
DATABASE,2,0,7,14.1,26.19
REST,4,1,6,7.65,21.26
DATABASE,3,2,5,13.64,29.5
COMPUTE,4,2,15,29.71,51.19
EMAIL,0,0,18,21.67,27.82
FILE,4,1,5,29.17,37.35
DATABASE,4,0,11,2.19,16.68
FILE,3,3,17,21.78,37.58
FILE,1,3,18,11.9,26.07
DATABASE,3,1,6,7.56,21.38
FILE,1,1,11,14.14,20.72
FILE,0,0,20,22.03,27.54
REST,0,1,17,28.69,38.94
COMPUTE,2,1,17,11.66,29.53
COMPUTE,4,2,6,23.11,41.42
DATABASE,5,2,17,12.81,35.78
EMAIL,4,3,16,19.04,34.48
FILE,2,0,12,8.49,16.86
DATABASE,4,3,20,21.76,46.0
COMPUTE,4,0,20,23.55,42.28
EMAIL,0,2,19,17.8,27.63
EMAIL,4,1,20,1.67,15.19
EMAIL,1,2,15,14.69,24.56
COMPUTE,5,0,14,22.22,41.66
DATABASE,0,1,3,19.57,29.2
EMAIL,4,3,13,23.44,40.14
COMPUTE,3,3,7,27.36,48.44
FILE,2,0,13,24.45,29.41
COMPUTE,3,1,17,9.77,29.1
EMAIL,5,0,4,28.85,36.75
FILE,5,2,10,17.17,32.85
EMAIL,4,0,10,21.61,31.53
REST,3,1,8,17.59,27.36
REST,2,2,7,8.14,18.1
EMAIL,4,0,16,19.95,31.25
COMPUTE,5,3,6,21.29,45.15
FILE,0,3,14,22.78,33.62
COMPUTE,3,0,20,1.91,22.31
FILE,4,2,7,25.62,36.71
FILE,0,1,17,3.24,10.12
REST,5,1,3,8.04,19.49
EMAIL,0,2,13,4.01,11.06
DATABASE,3,3,12,16.16,35.01
EMAIL,2,0,5,28.45,31.89
DATABASE,0,0,17,24.85,34.84
REST,4,0,20,22.77,38.27
FILE,1,1,15,14.95,22.66
EMAIL,4,2,20,22.98,39.13
DATABASE,0,2,16,19.63,35.11
EMAIL,3,1,4,23.37,31.87
COMPUTE,3,3,13,24.18,45.77
COMPUTE,3,1,15,28.44,48.3
COMPUTE,4,2,18,11.07,34.57
DATABASE,3,0,19,19.8,36.28
COMPUTE,1,2,14,18.58,36.1
DATABASE,3,0,19,5.88,22.12
COMPUTE,1,1,17,20.93,36.21
EMAIL,1,2,5,7.35,13.22
REST,1,3,14,2.7,17.72
COMPUTE,1,3,20,1.94,24.97
REST,3,1,5,4.77,14.69
EMAIL,4,0,17,13.87,23.65
DATABASE,5,0,10,22.57,37.94
DATABASE,0,1,14,3.46,16.51
REST,3,1,6,19.47,30.38
COMPUTE,4,3,10,25.74,50.68
COMPUTE,1,2,19,16.95,37.83
REST,4,0,15,2.37,13.56
COMPUTE,1,2,7,25.27,40.04
COMPUTE,3,3,13,11.65,33.95
REST,4,1,15,28.99,45.4
DATABASE,2,0,3,10.56,19.85
COMPUTE,5,0,6,18.6,34.75
DATABASE,1,3,20,10.08,30.48
FILE,0,3,5,20.98,30.25
FILE,2,1,14,24.58,35.02
COMPUTE,5,2,16,1.95,25.98
REST,1,1,5,16.84,22.3
EMAIL,3,3,18,10.57,26.83
FILE,3,3,15,4.35,19.51
REST,4,0,13,25.16,36.18
REST,4,3,17,14.5,32.56
REST,3,1,9,26.66,39.07
REST,3,2,18,18.38,32.56
COMPUTE,3,0,19,14.68,32.99
DATABASE,1,3,20,10.57,27.81
FILE,1,0,19,21.82,28.33
FILE,5,1,19,9.86,25.38
EMAIL,3,1,18,20.88,32.14
FILE,1,2,20,23.29,34.68
FILE,4,0,7,26.62,32.85
FILE,4,2,10,13.24,25.63
COMPUTE,3,2,11,12.9,33.36
REST,5,2,15,19.63,38.03
EMAIL,0,1,6,28.49,33.84
EMAIL,2,1,5,2.92,7.84
DATABASE,4,0,5,24.57,37.21
FILE,3,3,7,11.29,24.45
FILE,2,2,12,13.24,24.01
COMPUTE,0,0,8,23.54,35.25
DATABASE,4,1,14,27.14,43.12
DATABASE,2,2,20,19.88,38.29
COMPUTE,1,0,16,23.81,37.04
EMAIL,3,2,11,2.23,12.54
DATABASE,0,3,8,23.12,36.02
EMAIL,3,3,8,8.12,19.86
EMAIL,1,3,15,14.67,25.21
DATABASE,3,1,8,7.5,23.08
COMPUTE,0,0,12,29.49,42.4
DATABASE,5,1,11,11.26,27.55
EMAIL,2,0,16,24.27,31.2
DATABASE,2,1,14,13.43,26.07
COMPUTE,1,0,4,10.32,21.12
DATABASE,3,3,9,6.75,24.36
COMPUTE,3,1,14,2.93,20.51
REST,1,1,6,14.51,22.51
EMAIL,1,3,13,13.39,25.3
EMAIL,2,1,9,28.0,35.82
FILE,5,2,5,27.43,40.67
REST,0,2,10,12.2,20.36
DATABASE,1,1,16,17.68,29.54
COMPUTE,0,1,9,16.69,30.25
REST,3,1,6,25.12,35.35
EMAIL,2,1,5,12.0,19.88
COMPUTE,4,0,3,18.27,32.84
EMAIL,1,0,18,19.11,24.19
COMPUTE,3,0,7,15.63,29.72
EMAIL,1,2,4,23.11,31.63
FILE,4,3,16,9.14,24.46
COMPUTE,3,1,10,25.03,41.06
DATABASE,5,2,18,15.71,38.9
EMAIL,5,0,19,29.86,42.53
EMAIL,5,2,18,14.17,29.1
FILE,0,3,3,10.44,16.41
DATABASE,5,3,9,28.59,49.86
DATABASE,0,3,10,15.7,30.81
DATABASE,4,0,10,29.26,41.55
COMPUTE,5,1,20,4.51,27.24
FILE,2,2,6,16.46,24.64
EMAIL,0,0,13,16.93,22.69
FILE,2,0,9,20.05,23.97
REST,3,2,5,11.91,22.82
REST,4,2,10,9.55,24.92
REST,5,0,11,23.13,36.68
FILE,0,2,18,11.34,18.74
FILE,4,1,11,13.47,26.2
DATABASE,1,2,6,15.58,28.06
DATABASE,2,3,20,5.97,26.85
REST,1,1,8,5.59,14.14
FILE,1,1,17,28.52,36.43
REST,4,3,14,10.1,30.14
EMAIL,1,2,8,6.94,13.88
FILE,3,1,4,9.52,18.14
FILE,0,3,12,1.31,9.12
EMAIL,4,1,11,13.71,26.42
DATABASE,2,2,20,21.3,39.05
DATABASE,0,3,9,2.78,17.74
DATABASE,3,0,6,4.86,16.69
COMPUTE,2,0,8,19.87,33.11
REST,4,3,13,8.51,25.07
REST,2,3,7,5.97,20.68
EMAIL,4,3,9,5.47,20.67
COMPUTE,3,0,17,3.56,21.12
FILE,4,1,18,25.35,40.43
REST,1,0,7,7.21,13.05
REST,4,3,14,14.28,34.07
COMPUTE,2,1,17,8.37,26.63
REST,0,1,20,12.05,21.4
COMPUTE,2,2,20,8.4,31.39
DATABASE,0,2,14,19.48,33.83
COMPUTE,0,0,12,22.76,35.53
COMPUTE,3,3,10,27.1,47.63
FILE,1,3,6,7.08,14.97
COMPUTE,3,0,17,5.85,24.64
COMPUTE,0,2,7,15.67,31.26
FILE,1,2,13,2.06,13.19
DATABASE,3,2,9,23.22,38.15
DATABASE,1,0,15,15.73,26.91
COMPUTE,1,1,12,25.57,39.62
DATABASE,5,3,16,18.88,43.71
REST,2,1,9,9.89,19.01
REST,4,2,18,15.07,31.9
REST,3,1,3,18.77,27.31
FILE,4,3,3,20.06,34.09
DATABASE,4,0,12,8.46,21.37
EMAIL,2,3,16,19.83,35.55
EMAIL,1,0,8,16.69,19.02
DATABASE,5,0,8,11.2,27.68
EMAIL,4,0,8,11.33,18.09
COMPUTE,2,1,8,20.09,34.68
REST,0,3,10,2.47,11.59
DATABASE,2,2,5,23.55,35.96
DATABASE,0,3,16,27.39,42.26
FILE,5,0,14,29.0,42.68
EMAIL,5,1,11,24.51,36.61
EMAIL,3,0,17,22.93,32.39
DATABASE,1,3,20,22.56,40.44
REST,0,0,6,28.56,31.4
DATABASE,0,1,7,10.94,21.94
FILE,5,3,11,19.69,36.39
COMPUTE,4,2,6,9.1,29.18
EMAIL,2,3,18,22.96,35.38
DATABASE,1,0,5,27.79,34.74
FILE,3,3,7,29.88,42.98
REST,5,3,6,11.17,27.47
FILE,0,2,15,16.25,23.63
EMAIL,5,2,4,3.83,15.57
EMAIL,2,1,3,17.36,23.04
DATABASE,5,2,20,24.47,45.6
EMAIL,0,3,13,12.95,23.74
FILE,1,3,20,26.64,38.35
COMPUTE,1,0,9,14.26,27.32
FILE,0,2,8,17.47,24.22
DATABASE,1,2,20,24.28,41.4
EMAIL,1,1,14,29.94,37.25
EMAIL,4,2,3,4.81,13.89
COMPUTE,2,2,10,21.51,41.29
COMPUTE,0,3,17,10.72,31.2
REST,3,2,18,3.81,18.82
EMAIL,2,2,15,14.43,24.86
DATABASE,5,0,19,19.71,36.71
COMPUTE,1,1,18,14.49,31.44
REST,1,3,11,3.28,16.7
COMPUTE,5,2,19,19.17,44.55
DATABASE,3,0,15,13.03,25.61
DATABASE,4,3,4,11.48,28.29
REST,0,3,16,3.11,13.91
REST,2,3,9,17.41,31.51
DATABASE,2,0,12,26.01,35.62
EMAIL,0,1,8,1.06,7.21
FILE,3,3,17,8.82,24.76
DATABASE,4,1,3,7.61,21.45
REST,5,2,8,6.67,20.86
REST,1,1,15,24.04,33.4
REST,1,1,20,26.73,38.33
COMPUTE,3,0,5,18.17,30.92
EMAIL,1,1,9,7.65,13.46
DATABASE,2,3,7,11.37,26.97
FILE,3,3,12,9.22,23.74
EMAIL,2,3,15,22.23,34.15
EMAIL,2,0,8,1.65,7.17
DATABASE,4,1,13,29.41,46.27
EMAIL,0,2,9,5.63,11.4
DATABASE,4,1,4,3.72,18.82
EMAIL,1,1,6,25.45,32.42
DATABASE,4,0,3,21.33,34.14
DATABASE,1,3,3,9.3,22.35
REST,0,1,9,15.15,23.58
COMPUTE,5,1,17,15.84,39.64
EMAIL,1,3,12,25.19,37.41
FILE,4,3,16,15.58,32.08
DATABASE,2,1,13,6.18,19.37
FILE,5,0,8,12.17,23.51
FILE,3,0,7,28.81,33.58
DATABASE,4,3,14,28.23,48.67
COMPUTE,4,3,14,21.6,47.02
DATABASE,1,2,10,9.12,22.04
FILE,2,0,19,19.35,27.86
FILE,5,0,7,14.03,25.3
FILE,3,0,5,5.35,12.15
COMPUTE,0,3,17,13.43,33.94
DATABASE,4,3,16,4.87,28.38
DATABASE,2,2,5,3.73,15.25
FILE,2,0,8,13.14,17.39
DATABASE,3,1,3,2.37,14.5
EMAIL,2,3,11,25.86,38.09
EMAIL,0,1,19,23.29,29.35
EMAIL,5,3,17,9.57,30.13
DATABASE,3,2,20,12.42,32.5
DATABASE,1,0,15,17.59,26.75
DATABASE,1,1,13,22.52,35.63
EMAIL,5,0,4,11.57,18.61
FILE,3,2,17,25.01,38.43
REST,2,3,12,26.85,40.95
COMPUTE,0,2,15,5.63,20.81
COMPUTE,0,1,10,7.99,20.77
DATABASE,1,0,16,24.84,36.17
DATABASE,2,1,17,23.79,39.54
DATABASE,1,1,15,11.71,23.69
COMPUTE,1,0,11,17.16,30.48
DATABASE,2,0,9,27.29,37.94
REST,2,0,14,26.75,37.37
DATABASE,1,0,7,13.44,21.26
DATABASE,1,2,15,27.1,41.78
FILE,2,2,3,24.67,31.67
REST,3,1,18,15.98,29.64
REST,3,1,9,23.86,35.63
FILE,5,2,7,8.85,22.38
COMPUTE,5,1,18,17.86,41.83
FILE,2,2,6,12.08,20.72
FILE,5,0,17,24.95,38.47
FILE,2,0,11,6.16,11.11
COMPUTE,5,2,10,24.7,45.76
FILE,4,0,5,21.36,29.4
COMPUTE,1,0,4,4.88,15.55
REST,5,0,16,29.59,41.91
EMAIL,4,1,7,20.08,31.37
COMPUTE,0,2,18,24.2,43.31
EMAIL,3,0,9,20.19,26.03
DATABASE,1,3,7,9.47,24.07
REST,4,3,11,26.4,43.51
REST,2,2,14,18.67,32.04
EMAIL,0,0,20,18.31,26.23
REST,4,3,6,3.88,20.53
COMPUTE,3,0,4,28.92,43.25
DATABASE,4,3,19,1.55,24.11
REST,3,2,18,22.01,36.65
REST,1,1,14,21.43,32.34
FILE,5,2,5,27.34,38.86
DATABASE,3,3,7,13.91,32.85
FILE,2,0,17,28.7,36.44
FILE,5,2,14,6.05,22.26
EMAIL,0,1,14,5.92,12.06
FILE,3,2,17,24.81,36.52
FILE,4,2,19,10.03,24.81
FILE,0,1,15,14.69,22.31
REST,5,1,4,20.97,31.99
REST,5,2,16,1.49,19.97
COMPUTE,2,0,4,14.95,25.25
FILE,0,1,6,24.2,26.53
DATABASE,5,0,13,18.98,35.31
COMPUTE,0,3,18,28.49,46.64
DATABASE,3,1,13,26.72,43.41
EMAIL,4,1,14,11.9,24.53
COMPUTE,0,1,16,16.77,31.1
DATABASE,5,2,11,18.19,37.49
COMPUTE,1,1,17,4.68,20.11
FILE,2,0,14,22.49,27.88
COMPUTE,3,2,12,7.3,27.32
EMAIL,0,2,8,7.49,14.69
COMPUTE,5,2,20,24.1,47.66
REST,1,1,12,10.41,18.43
REST,5,2,8,8.75,23.2
COMPUTE,1,1,14,6.28,21.15
COMPUTE,3,0,3,10.24,25.21
REST,2,3,13,20.11,34.8
COMPUTE,2,1,9,23.8,40.64
REST,0,0,7,23.51,26.65
FILE,5,2,18,27.61,45.54
EMAIL,3,2,6,29.23,39.84
FILE,3,2,11,21.94,34.87
REST,5,2,5,11.2,26.29
REST,4,3,19,15.67,37.18
REST,1,0,10,22.75,27.77
FILE,2,3,5,10.09,22.53
REST,5,1,17,9.52,25.07
COMPUTE,1,3,16,10.54,30.24
EMAIL,5,1,3,20.73,30.42
EMAIL,1,3,19,27.15,39.65
DATABASE,0,0,4,17.49,23.32
EMAIL,0,3,9,10.07,18.92
EMAIL,5,3,14,14.69,33.12
DATABASE,4,1,10,19.49,34.18
DATABASE,3,0,16,3.91,19.46
REST,2,1,7,21.25,31.05
EMAIL,1,0,4,12.22,15.36
DATABASE,4,2,3,17.35,34.97
EMAIL,3,3,14,9.98,24.8
COMPUTE,0,3,10,12.44,28.74
EMAIL,4,1,14,10.91,21.38
EMAIL,0,0,12,20.53,23.05
DATABASE,5,0,13,29.1,47.01
DATABASE,4,0,13,9.92,23.49
DATABASE,5,2,15,18.19,39.9
DATABASE,5,3,18,1.6,24.04
REST,5,0,20,2.71,17.7
REST,0,3,8,6.02,17.28
REST,2,1,11,8.64,19.03
REST,2,3,9,9.82,23.38
FILE,0,1,17,20.17,26.53
FILE,5,3,16,1.15,20.8
FILE,0,1,15,26.89,35.18
REST,4,1,13,4.48,20.16
DATABASE,3,2,4,5.36,21.24
COMPUTE,2,0,17,24.52,38.87
DATABASE,3,2,12,21.18,37.99
FILE,1,1,11,3.61,11.69
REST,1,3,20,5.73,20.22
COMPUTE,4,3,19,19.62,45.54
EMAIL,0,1,12,26.1,30.59
DATABASE,4,0,11,11.66,24.42
EMAIL,0,1,18,15.13,21.91
FILE,2,0,12,15.63,21.49
EMAIL,0,2,12,27.3,33.24
COMPUTE,2,2,5,28.06,42.65
REST,4,1,9,17.18,29.57
COMPUTE,3,1,20,23.83,44.76
EMAIL,2,3,13,1.88,14.09
REST,0,3,4,27.57,36.52
FILE,1,0,6,2.75,6.81
EMAIL,4,0,15,5.12,15.92
COMPUTE,3,3,12,28.59,52.21
FILE,1,2,14,24.11,31.91
EMAIL,1,1,19,5.98,13.65
REST,2,3,8,5.06,19.58
DATABASE,2,2,14,23.1,41.19
DATABASE,5,2,12,28.9,50.01
DATABASE,4,2,10,26.51,44.45
REST,2,3,13,8.96,25.32
FILE,2,3,5,19.43,29.08
DATABASE,3,1,18,26.39,42.25
EMAIL,0,1,8,5.36,7.84
DATABASE,0,0,13,26.32,36.01
FILE,5,0,11,5.69,14.55
FILE,2,3,14,5.34,18.67
FILE,4,1,19,8.53,22.63
EMAIL,1,3,7,22.66,32.53
DATABASE,5,1,12,8.63,27.99
COMPUTE,3,3,14,4.8,29.07
REST,4,1,4,8.63,18.28
EMAIL,3,0,8,7.22,14.96
REST,5,0,19,29.07,42.93
DATABASE,1,1,19,2.13,15.85
REST,0,3,20,1.88,15.3
EMAIL,1,2,17,20.14,30.02
EMAIL,0,0,16,7.57,13.79
FILE,1,3,6,1.23,9.36
FILE,1,1,19,21.32,29.76
EMAIL,4,3,11,3.36,19.17
FILE,5,1,8,1.99,15.2
EMAIL,0,0,5,4.55,5.75
COMPUTE,3,1,17,7.96,28.94
EMAIL,1,0,6,29.53,33.3
DATABASE,2,0,4,13.29,21.64
DATABASE,3,3,8,14.78,33.27
FILE,5,2,8,24.14,36.04
COMPUTE,4,3,10,13.84,35.83
DATABASE,4,0,13,25.51,40.54
EMAIL,2,0,19,18.29,27.09
COMPUTE,5,1,3,13.35,29.88
COMPUTE,5,0,3,15.36,31.9
FILE,1,0,17,12.33,18.23
FILE,2,2,19,16.21,28.73
COMPUTE,5,3,14,15.3,42.61
EMAIL,3,2,6,18.0,28.46
COMPUTE,0,1,11,13.01,26.09
EMAIL,1,1,17,11.69,21.05
REST,3,3,17,9.92,27.21
REST,5,1,17,4.29,21.04
FILE,1,0,3,4.74,8.06
DATABASE,3,1,16,18.54,36.58
EMAIL,4,0,5,4.48,13.35
EMAIL,2,1,13,16.47,27.27
EMAIL,2,0,7,21.13,27.8
DATABASE,5,3,8,11.93,33.47
EMAIL,4,3,16,21.27,36.55
COMPUTE,3,3,20,28.72,54.98
REST,2,2,18,24.63,40.22
DATABASE,0,1,19,4.07,16.83
EMAIL,5,1,14,5.93,20.32
EMAIL,0,3,5,14.4,23.05
FILE,4,0,18,15.65,27.61
COMPUTE,3,2,4,11.67,29.06
COMPUTE,2,3,9,12.17,31.56
EMAIL,2,1,13,5.26,16.03
EMAIL,0,0,12,12.08,15.78
DATABASE,0,0,6,7.62,12.68
FILE,2,3,20,17.65,32.48
REST,4,0,18,7.82,20.7
COMPUTE,3,1,9,9.86,25.63
FILE,2,2,17,17.31,30.4
REST,5,0,14,13.34,26.86
FILE,5,1,11,13.98,28.33
COMPUTE,2,2,12,28.6,46.99
REST,0,1,8,6.81,12.05
DATABASE,2,0,10,19.6,29.53
REST,5,2,3,23.58,36.09
FILE,1,1,11,18.51,27.02
REST,3,0,19,19.97,32.82
FILE,3,3,8,4.28,17.94
REST,0,0,8,7.11,12.64
REST,3,2,4,1.59,12.69
COMPUTE,5,2,13,19.51,41.33
COMPUTE,5,2,13,3.07,28.33
FILE,5,1,11,9.46,21.53
DATABASE,0,0,14,12.79,19.99
EMAIL,3,0,19,23.31,34.85
REST,2,3,12,25.28,38.87
DATABASE,3,2,4,8.74,22.48
COMPUTE,5,3,4,16.69,40.61
REST,2,2,20,25.94,42.46
DATABASE,2,0,20,29.21,44.0
FILE,4,1,8,4.01,14.31
EMAIL,0,3,18,11.11,22.27
EMAIL,3,3,10,18.57,31.65
COMPUTE,4,1,11,5.8,25.97
COMPUTE,1,0,17,26.22,41.99
EMAIL,2,3,9,1.92,13.55
REST,4,0,16,6.11,18.74
FILE,2,0,4,17.76,20.6
DATABASE,1,3,7,28.51,42.74
REST,0,0,7,14.33,20.29
EMAIL,5,3,16,29.75,46.83
COMPUTE,1,0,20,20.92,37.33
REST,0,0,16,17.75,22.97
COMPUTE,4,0,11,14.64,32.13
REST,5,1,4,20.08,33.92
DATABASE,3,3,16,10.51,28.95
COMPUTE,4,2,14,3.21,27.36
EMAIL,0,3,8,15.01,23.57
REST,5,1,11,28.55,42.24
DATABASE,0,3,7,9.34,23.54
REST,0,3,19,2.89,18.27
EMAIL,4,3,14,20.98,35.24
COMPUTE,5,1,17,1.45,23.97
EMAIL,3,2,7,8.83,20.07
REST,0,3,15,11.84,23.39
EMAIL,3,3,5,29.81,41.02
REST,3,3,6,26.19,41.2
FILE,2,3,15,19.78,33.91
EMAIL,5,1,8,26.22,40.0
DATABASE,0,3,8,18.18,33.58
EMAIL,0,1,9,14.69,17.59
COMPUTE,3,3,10,19.17,39.15
COMPUTE,5,0,8,7.48,25.66
COMPUTE,3,0,3,23.21,37.98
EMAIL,1,0,11,22.16,26.07
COMPUTE,4,2,7,21.79,43.85
EMAIL,1,2,11,1.32,10.01
EMAIL,5,2,10,14.58,29.7
EMAIL,5,0,3,29.3,39.58
DATABASE,2,3,4,26.06,40.99
DATABASE,3,3,4,23.52,38.25
DATABASE,4,3,20,10.71,32.06
EMAIL,5,2,19,29.41,46.36
EMAIL,3,0,3,8.3,12.31
DATABASE,5,1,15,17.57,35.39
REST,2,0,8,19.74,26.56
EMAIL,5,1,13,22.48,35.87
FILE,2,1,19,21.8,31.41
EMAIL,4,0,8,21.01,29.02
EMAIL,3,0,9,4.97,10.35
REST,4,0,7,18.89,29.03
FILE,5,0,8,5.03,15.04
FILE,5,3,8,23.21,39.1
COMPUTE,4,3,3,20.65,42.33
DATABASE,1,0,11,19.94,28.54
COMPUTE,2,0,16,28.55,44.63
REST,1,3,7,2.26,13.47
REST,1,1,11,7.03,17.17
EMAIL,4,1,8,3.43,14.36
COMPUTE,4,1,13,19.68,38.44
EMAIL,1,1,5,24.41,29.53
DATABASE,1,1,9,8.53,20.18
FILE,3,0,5,7.68,12.63
FILE,2,2,5,20.52,29.7
REST,2,0,18,25.86,35.34
FILE,0,2,14,19.92,26.39
FILE,1,0,15,8.11,14.37
EMAIL,5,3,12,28.01,45.42
REST,0,3,4,24.64,32.16
EMAIL,2,1,12,4.66,12.49
COMPUTE,2,1,3,1.86,14.89
FILE,1,1,3,29.51,34.16
DATABASE,5,1,10,20.74,37.05
DATABASE,5,3,18,20.06,42.56
COMPUTE,1,0,8,23.91,37.47
FILE,0,2,17,1.2,10.52
COMPUTE,1,1,8,21.68,33.65
DATABASE,0,1,16,17.49,31.08
DATABASE,4,3,3,24.17,42.03
DATABASE,0,2,13,15.8,29.03
DATABASE,3,0,11,12.77,24.51
DATABASE,0,1,13,28.94,41.23
FILE,5,0,5,29.42,39.14
FILE,1,2,7,29.01,35.68
COMPUTE,1,2,9,26.65,42.36
COMPUTE,1,0,20,10.12,26.15
DATABASE,0,2,20,13.18,26.52
EMAIL,5,3,3,14.91,31.02
REST,0,2,11,3.28,11.3
COMPUTE,4,2,9,19.96,42.15
FILE,5,2,20,10.18,27.27
DATABASE,3,3,16,9.52,30.53
COMPUTE,1,3,7,17.97,35.95
FILE,0,2,15,16.62,25.04
FILE,3,3,4,25.25,36.89
DATABASE,2,0,11,27.32,39.76
REST,5,1,6,4.51,17.06
EMAIL,4,3,15,19.23,37.09
REST,4,1,14,15.82,28.97
DATABASE,0,1,3,5.51,14.71
COMPUTE,0,2,7,23.13,37.18
FILE,4,1,9,24.63,36.18
DATABASE,3,2,3,22.28,38.65
COMPUTE,0,3,8,1.19,17.78
FILE,3,1,9,19.25,26.76
COMPUTE,3,2,8,23.45,41.14
COMPUTE,5,1,9,9.3,31.44
DATABASE,1,0,14,2.45,11.79
REST,2,1,15,5.95,18.89
FILE,1,2,16,16.72,26.92
REST,2,3,7,23.39,38.11
FILE,4,1,11,24.26,37.01
FILE,0,0,12,1.98,7.05
COMPUTE,3,0,10,4.65,21.28
DATABASE,2,1,19,21.85,39.31
FILE,3,0,3,26.91,33.57
EMAIL,1,0,18,13.53,21.0
DATABASE,3,3,15,28.58,49.52
COMPUTE,1,0,5,19.42,31.71
DATABASE,3,0,12,16.16,27.53
EMAIL,3,2,15,2.68,14.66
EMAIL,2,0,9,10.83,18.35
FILE,2,1,17,26.7,36.39
DATABASE,5,2,10,10.68,28.42
REST,2,1,9,24.47,35.49
DATABASE,0,0,14,5.78,14.69
FILE,5,3,16,27.92,47.61
FILE,1,1,12,14.97,20.86
EMAIL,3,2,16,13.93,27.46
EMAIL,0,2,4,26.88,30.48
FILE,3,1,18,7.06,18.81
REST,5,1,20,17.76,33.87
REST,3,0,16,6.28,17.35
FILE,0,1,11,19.88,26.15
FILE,1,0,17,3.98,9.46
REST,3,0,17,17.62,29.05
REST,2,0,3,2.07,8.51
FILE,3,2,11,21.93,34.39
REST,2,1,15,15.48,26.33
FILE,1,3,4,4.9,14.32
DATABASE,5,1,20,17.2,38.67
COMPUTE,2,3,11,4.74,24.56
REST,4,2,16,10.38,26.17
EMAIL,3,2,19,3.32,18.1
DATABASE,4,0,19,7.6,23.92
EMAIL,5,2,11,27.39,40.89
DATABASE,3,3,19,13.55,36.21
REST,1,2,13,16.54,27.48
DATABASE,1,0,19,6.12,19.39
EMAIL,1,1,18,5.17,14.97
DATABASE,3,1,4,1.41,14.77
COMPUTE,0,0,5,3.73,11.84
REST,3,2,7,4.68,16.92
COMPUTE,0,0,6,27.72,36.84
FILE,2,1,9,17.19,26.67
DATABASE,0,3,17,12.99,29.66
FILE,5,2,19,1.66,17.66
FILE,2,3,17,18.39,31.15
FILE,4,0,18,7.42,18.49
EMAIL,1,0,17,15.39,22.05
REST,4,3,11,28.04,45.68
DATABASE,5,0,7,28.84,43.74
EMAIL,2,1,9,21.32,30.36
COMPUTE,1,3,9,12.28,30.06
FILE,1,2,15,26.34,34.62
EMAIL,1,0,12,8.19,14.87
REST,1,1,3,23.11,30.94
EMAIL,0,0,5,24.41,24.63
COMPUTE,0,0,4,29.67,38.62
EMAIL,3,0,6,1.96,7.85
COMPUTE,3,2,6,2.37,20.02
FILE,3,1,12,9.06,18.1
REST,2,0,6,10.82,18.34
EMAIL,1,3,6,23.69,32.35
COMPUTE,1,2,20,6.09,27.55
REST,1,2,13,9.67,20.84
FILE,1,1,11,17.66,24.73
COMPUTE,4,1,14,27.66,46.59
DATABASE,5,0,4,21.09,33.44
DATABASE,3,1,17,15.72,33.05
REST,1,1,16,7.35,19.29
COMPUTE,5,0,3,1.49,16.07
FILE,3,3,13,16.21,29.09
COMPUTE,2,0,19,27.06,43.94
DATABASE,4,0,19,14.09,29.96
FILE,1,2,17,26.38,38.94
REST,3,0,4,11.77,17.79
COMPUTE,1,1,7,3.89,16.35
REST,3,3,9,15.81,32.63
COMPUTE,4,3,20,12.15,36.54
REST,4,1,16,5.57,18.96
REST,1,1,4,17.71,24.66
COMPUTE,4,2,13,27.16,48.06
FILE,3,0,17,27.69,36.28
DATABASE,4,3,15,23.16,45.23
COMPUTE,2,0,6,27.43,40.86
FILE,0,2,6,24.84,30.88
REST,4,0,15,21.31,32.9
EMAIL,2,0,20,25.2,33.85
COMPUTE,3,0,15,15.86,33.98
REST,5,2,6,21.15,37.05
EMAIL,1,3,19,10.9,24.12
REST,5,2,9,15.28,29.58
COMPUTE,5,3,10,20.21,42.94
COMPUTE,0,1,8,25.12,37.33
FILE,5,0,14,6.16,17.88
EMAIL,3,0,5,20.96,26.86
EMAIL,3,3,15,19.96,35.71
EMAIL,2,3,19,4.64,20.86
EMAIL,0,3,18,28.47,38.63
EMAIL,2,3,19,14.8,29.58
FILE,0,1,19,22.48,29.03
EMAIL,0,2,19,23.6,32.08
REST,1,2,10,10.7,22.59
FILE,4,1,8,25.38,35.8
DATABASE,5,2,18,2.16,24.59
DATABASE,2,2,5,14.77,27.43
FILE,4,1,16,17.12,30.8
REST,2,2,8,10.31,21.28
FILE,3,2,13,11.12,22.96
EMAIL,5,0,9,25.24,33.65
REST,3,1,19,9.03,22.79
DATABASE,4,0,17,1.87,17.76
DATABASE,0,2,17,16.3,32.15
COMPUTE,2,0,16,24.64,41.39
REST,0,3,8,11.16,19.79
REST,0,1,8,23.99,29.47
REST,5,0,6,10.29,21.28
FILE,2,0,12,11.83,19.84
DATABASE,4,3,19,5.29,28.93
EMAIL,1,3,15,1.88,12.58
FILE,2,1,8,10.53,19.04
DATABASE,3,3,6,14.84,30.83
FILE,1,2,18,25.05,37.47
REST,3,3,11,1.23,18.85
REST,4,0,11,23.84,36.51
FILE,0,0,18,16.83,23.01
FILE,3,3,13,9.67,25.1
DATABASE,0,3,13,12.6,28.6
DATABASE,1,2,17,9.09,24.81
COMPUTE,2,3,14,19.12,42.3
REST,0,1,17,21.37,31.6
DATABASE,1,1,12,22.76,34.14
FILE,4,3,8,2.72,15.83
FILE,4,1,4,21.82,32.94
REST,4,0,5,2.89,11.22
COMPUTE,1,3,11,13.1,30.05
FILE,0,1,20,22.71,32.43
DATABASE,2,0,10,17.18,27.34
EMAIL,2,0,15,25.67,32.46
DATABASE,4,2,16,12.25,34.02
FILE,2,2,17,20.56,31.26
EMAIL,2,0,10,10.48,17.57
COMPUTE,0,3,8,12.94,28.28
FILE,2,2,12,18.52,27.35
COMPUTE,1,2,14,21.17,38.98
EMAIL,0,2,8,10.89,17.21
COMPUTE,4,0,18,7.87,25.77
EMAIL,1,2,20,8.64,21.73
REST,5,2,18,12.07,30.59
COMPUTE,4,3,16,20.26,46.29
DATABASE,5,1,11,22.54,41.41
FILE,3,0,10,16.61,24.59
REST,3,3,18,3.94,23.52
REST,0,1,17,23.97,34.92
FILE,5,0,15,13.16,23.41
FILE,1,1,5,8.2,12.49
DATABASE,0,1,8,21.77,32.16
FILE,0,0,14,15.49,20.44
EMAIL,0,2,3,26.79,31.28
EMAIL,4,0,18,17.29,27.24
REST,4,1,12,26.26,41.54
FILE,1,2,8,18.87,26.25
DATABASE,4,0,20,21.48,37.31
REST,1,1,13,5.26,14.87
REST,2,0,16,26.53,35.65
FILE,4,2,15,16.11,29.51
COMPUTE,3,0,3,4.84,18.3
FILE,1,3,3,10.07,19.81
DATABASE,0,0,8,29.53,37.86
DATABASE,1,0,5,24.45,30.59
COMPUTE,0,1,13,5.28,18.53
EMAIL,4,1,5,1.34,11.93
COMPUTE,3,2,19,4.71,26.77
DATABASE,2,2,8,17.99,31.11
DATABASE,2,2,9,13.5,28.49
DATABASE,3,1,17,22.11,39.9
EMAIL,4,0,4,11.0,18.17
DATABASE,0,2,12,24.37,37.24
FILE,1,3,18,8.96,21.51
FILE,5,2,3,1.52,12.07
COMPUTE,3,2,14,7.54,26.66
DATABASE,5,3,14,5.74,27.92
EMAIL,5,2,15,28.74,43.03
EMAIL,1,3,9,22.65,31.16
FILE,1,2,14,6.77,16.16
DATABASE,1,0,16,3.17,15.52
DATABASE,2,3,8,8.84,26.49
COMPUTE,0,2,11,29.12,43.43
FILE,1,0,5,5.98,9.2
REST,3,3,18,29.43,46.3
REST,4,2,20,15.21,31.48
REST,4,2,11,17.66,31.16
REST,2,1,8,23.84,31.7
FILE,4,3,7,10.52,24.3
COMPUTE,2,2,15,15.13,33.6
DATABASE,3,1,19,18.23,37.21
REST,3,2,19,9.49,25.02
REST,1,3,7,5.98,17.25
COMPUTE,5,1,4,19.58,40.15
FILE,4,3,9,19.0,35.52
FILE,2,2,10,1.66,10.74
REST,0,0,15,17.47,25.25
FILE,2,1,14,9.75,18.11
DATABASE,0,2,18,19.63,35.73
REST,2,0,8,18.3,27.26
FILE,4,3,9,10.64,26.44
COMPUTE,1,0,9,21.4,32.25
EMAIL,5,0,13,16.48,27.52
FILE,4,1,5,30.0,38.82
FILE,4,3,11,3.72,17.06
REST,2,0,8,22.33,30.43
DATABASE,1,1,4,26.42,37.63
COMPUTE,0,1,3,10.06,21.2
COMPUTE,3,3,6,23.65,44.98
REST,5,1,3,8.94,20.19
REST,1,0,17,17.88,25.7
COMPUTE,5,1,5,21.64,39.47
COMPUTE,3,1,4,25.7,41.63
COMPUTE,3,3,4,22.99,41.08
EMAIL,4,1,11,6.09,16.43
REST,1,3,5,14.15,23.5
DATABASE,3,0,17,28.75,41.6
DATABASE,0,0,5,24.68,32.0
DATABASE,2,1,20,6.92,21.94
EMAIL,5,3,9,12.4,27.18
COMPUTE,5,1,4,12.68,31.0
REST,3,1,4,6.42,14.58
EMAIL,2,0,12,17.54,25.84
REST,0,3,10,26.02,36.6
EMAIL,3,3,10,5.04,19.88
EMAIL,5,1,5,13.93,25.18
REST,4,2,17,16.6,33.32
REST,1,3,13,27.22,40.95
REST,4,3,5,1.27,18.3
REST,0,1,16,16.09,23.61
DATABASE,4,0,6,19.77,34.32
EMAIL,1,0,8,28.45,32.84
FILE,5,2,15,25.96,40.36
DATABASE,0,3,15,26.98,42.47
REST,5,2,11,20.06,38.6
REST,2,3,14,1.6,17.3
DATABASE,0,0,6,28.6,36.53
DATABASE,4,3,11,12.21,32.8
FILE,3,0,15,1.89,12.1
REST,2,0,3,28.66,35.92
EMAIL,3,2,14,13.67,26.13
EMAIL,1,2,5,15.34,22.76
REST,4,0,16,13.94,26.59
REST,0,3,9,13.94,23.81
DATABASE,0,2,17,17.57,29.79
COMPUTE,4,3,17,21.32,45.56
REST,4,0,4,19.28,26.96
FILE,0,3,18,7.82,20.57
DATABASE,2,1,5,16.19,28.95
EMAIL,1,3,12,28.66,39.44
FILE,5,0,20,22.75,35.54
REST,1,0,14,25.15,32.94
DATABASE,1,1,17,21.35,35.09
COMPUTE,0,2,19,28.88,48.28
FILE,5,3,16,28.04,45.04
FILE,3,1,4,17.36,24.2
DATABASE,2,2,14,23.98,39.4
EMAIL,4,2,18,18.08,34.93
COMPUTE,0,3,7,21.73,36.75
DATABASE,4,0,17,7.47,22.23
EMAIL,4,2,19,21.51,37.25
EMAIL,3,3,7,10.12,20.82
EMAIL,3,2,17,24.28,36.76
FILE,5,3,19,2.2,21.14
EMAIL,0,0,11,2.96,5.97
FILE,5,2,13,12.7,29.66
DATABASE,4,1,11,4.81,22.89
DATABASE,5,3,4,1.66,21.43
COMPUTE,3,2,9,26.75,46.22
COMPUTE,3,1,18,29.27,49.47
DATABASE,1,1,18,17.56,30.04
DATABASE,3,3,5,28.14,46.84
EMAIL,2,3,7,19.9,30.6
REST,1,1,20,5.06,15.95
DATABASE,1,3,17,17.74,33.79
COMPUTE,4,0,19,15.38,35.28
REST,3,3,8,25.33,39.07
DATABASE,3,1,4,12.37,27.01
COMPUTE,2,3,4,16.88,34.84
DATABASE,1,1,14,4.88,17.89
COMPUTE,0,1,19,21.15,34.98
REST,2,3,8,10.65,23.16
REST,4,3,10,23.63,40.55
COMPUTE,4,1,19,20.07,41.63
REST,0,2,18,5.38,15.37
REST,3,0,11,28.28,36.99
FILE,2,2,4,29.35,37.71
EMAIL,1,2,4,29.95,37.36
DATABASE,1,2,15,25.11,40.2
EMAIL,4,1,15,12.98,27.14
COMPUTE,4,0,10,26.8,43.21
DATABASE,2,2,3,9.57,21.61
REST,5,2,3,27.44,42.97
COMPUTE,4,1,5,7.78,26.58
EMAIL,1,3,13,11.33,23.1
COMPUTE,4,1,4,16.86,34.64
FILE,5,2,11,28.17,43.97
DATABASE,3,1,9,21.53,37.7
REST,2,2,18,19.93,33.34
EMAIL,3,0,20,12.36,22.15
REST,5,1,8,11.2,24.04
COMPUTE,2,3,14,17.54,39.22
REST,2,1,15,20.6,31.6
REST,5,3,6,3.98,20.89
DATABASE,2,3,17,15.94,34.92
EMAIL,5,2,17,10.84,25.62
COMPUTE,3,3,11,16.57,39.05
FILE,4,0,5,2.22,9.19
DATABASE,5,0,7,4.23,19.59
DATABASE,5,1,13,15.86,33.06
EMAIL,3,3,20,14.52,31.45
EMAIL,5,1,12,5.4,19.99
FILE,5,1,16,29.51,41.87
REST,4,3,16,7.5,27.05
EMAIL,5,0,11,1.27,12.43
REST,2,0,3,9.95,17.39
EMAIL,2,0,13,5.88,13.89
DATABASE,0,2,13,27.21,38.84
EMAIL,2,1,9,24.78,33.24
REST,4,1,10,4.94,17.0
DATABASE,2,3,10,5.42,23.12
COMPUTE,5,3,9,8.1,31.33
DATABASE,1,2,16,29.34,46.59
DATABASE,5,3,17,9.56,32.62
FILE,1,1,17,25.94,34.44
FILE,2,0,16,26.2,32.59
EMAIL,3,1,19,2.83,16.43
EMAIL,2,1,9,23.71,30.04
COMPUTE,4,1,14,27.42,46.82
DATABASE,2,2,14,29.07,44.49
EMAIL,1,1,5,21.98,28.78
COMPUTE,0,1,20,24.43,41.34
COMPUTE,1,3,15,24.65,42.67
EMAIL,1,3,13,16.73,28.5
REST,1,2,17,28.07,42.27
EMAIL,4,1,16,12.27,25.58
REST,4,2,3,20.69,34.21
REST,0,1,12,22.75,30.27
COMPUTE,5,0,5,21.67,37.18
REST,5,0,7,22.98,35.02
COMPUTE,5,0,19,3.94,26.35
REST,4,2,18,6.42,24.01
FILE,0,3,9,6.19,13.68
COMPUTE,2,0,13,27.33,40.58
EMAIL,2,1,20,24.2,35.65
REST,5,0,6,4.52,15.49
DATABASE,4,2,7,24.37,39.72
REST,1,1,19,16.62,29.23
EMAIL,4,0,8,29.42,37.99
EMAIL,2,0,16,17.93,26.73
EMAIL,0,3,10,17.65,24.66
DATABASE,4,0,15,2.48,16.03
COMPUTE,2,2,4,15.79,30.95
REST,2,0,12,27.75,34.75
DATABASE,0,1,18,18.07,31.38
COMPUTE,5,3,6,1.85,23.91
COMPUTE,3,2,5,18.86,36.79
COMPUTE,3,3,13,19.87,41.87
EMAIL,1,0,8,17.17,20.21
REST,4,1,11,15.31,29.36
REST,4,0,4,27.59,38.35
COMPUTE,4,3,10,19.35,43.55
COMPUTE,4,1,18,16.89,39.29
EMAIL,0,2,12,9.64,16.35
FILE,2,0,18,9.71,19.19
REST,1,2,5,17.95,26.15
EMAIL,2,1,6,22.12,30.84
REST,2,2,3,13.22,23.88
REST,1,2,7,2.83,12.78
DATABASE,3,0,20,5.94,21.59
COMPUTE,0,1,18,2.23,16.03
COMPUTE,5,2,16,6.19,32.44
REST,5,0,6,28.44,41.36
EMAIL,2,2,3,22.85,29.85
REST,0,0,7,21.2,25.13
DATABASE,4,0,17,14.14,30.33
REST,4,1,12,11.17,22.98
FILE,5,3,18,18.08,36.2
REST,2,2,13,1.72,15.04
EMAIL,0,0,13,28.15,33.53
REST,4,3,3,22.42,37.7
EMAIL,5,3,8,20.53,36.24
COMPUTE,0,2,11,10.71,24.78
DATABASE,4,3,17,10.55,30.94
REST,0,3,11,29.72,42.59
FILE,3,0,11,15.29,22.45
REST,3,3,19,6.57,23.31
FILE,0,2,6,20.24,27.55
DATABASE,0,3,9,25.54,37.67
EMAIL,1,3,8,29.56,39.47
EMAIL,4,3,11,19.57,35.03
FILE,0,1,20,4.72,12.86
EMAIL,2,1,15,15.76,25.66
DATABASE,3,1,12,29.79,42.98
COMPUTE,4,2,20,29.43,54.57
REST,3,0,20,10.48,23.33
DATABASE,0,1,18,10.84,22.98
EMAIL,4,0,17,3.53,15.08
COMPUTE,1,1,12,7.02,20.29
DATABASE,2,0,16,7.94,19.42
FILE,5,3,7,27.22,43.44
REST,2,0,17,22.16,30.6
COMPUTE,2,1,18,10.64,30.31
DATABASE,3,1,10,25.32,39.52
EMAIL,1,0,7,22.95,25.37
FILE,5,3,9,19.63,37.43
COMPUTE,3,2,16,2.57,25.84
EMAIL,3,2,18,18.46,31.99
DATABASE,2,1,4,26.99,37.41
DATABASE,1,3,13,23.35,41.75
EMAIL,1,1,12,1.21,9.24
DATABASE,1,0,7,4.86,12.02
EMAIL,2,0,14,24.61,31.64
EMAIL,0,2,7,19.35,24.68
REST,1,0,12,18.71,26.52
COMPUTE,0,1,17,26.5,42.42
FILE,5,2,15,10.78,26.24
REST,0,1,18,5.46,15.49
COMPUTE,1,2,12,24.04,39.79
DATABASE,4,2,20,11.01,32.86
FILE,3,3,6,11.27,22.9
EMAIL,1,1,5,15.01,20.88
REST,5,1,12,12.68,28.63
REST,4,2,9,17.21,31.55
REST,3,0,17,19.12,31.89
EMAIL,2,2,6,8.19,16.99
FILE,1,3,6,5.88,16.51
DATABASE,5,1,10,3.16,21.39
REST,3,2,17,27.77,42.7
COMPUTE,4,0,11,29.89,46.88
FILE,2,0,12,3.77,9.91
DATABASE,3,3,19,28.09,51.27
DATABASE,4,2,14,28.75,48.41
DATABASE,1,2,7,8.9,22.75
DATABASE,5,0,10,21.81,35.36
EMAIL,3,0,5,5.82,11.48
DATABASE,2,0,13,29.9,41.97
EMAIL,2,0,9,19.52,25.26
EMAIL,0,2,16,19.7,30.13
COMPUTE,5,3,16,7.56,33.67
DATABASE,0,1,6,6.21,14.52
EMAIL,2,3,10,12.78,23.13
DATABASE,3,3,13,7.21,27.02
EMAIL,3,0,9,28.7,37.58
EMAIL,3,3,11,25.2,39.81
EMAIL,3,1,4,16.05,24.59
COMPUTE,2,3,12,20.26,40.38
EMAIL,0,1,18,16.97,23.54
FILE,1,2,7,1.45,9.78
FILE,2,1,12,10.16,16.97
EMAIL,1,3,20,26.36,40.26
COMPUTE,4,1,6,25.21,43.57
FILE,0,1,6,7.89,11.87
DATABASE,3,0,8,14.31,24.77
DATABASE,4,1,17,27.31,47.19
DATABASE,2,0,7,11.68,20.14
DATABASE,1,1,7,8.53,18.02
EMAIL,3,3,6,29.94,43.64
FILE,4,0,7,22.72,31.8
COMPUTE,0,1,4,27.78,37.87
DATABASE,2,1,12,5.93,18.08
FILE,1,2,15,5.69,14.07
DATABASE,4,2,17,19.76,38.37
COMPUTE,3,1,18,12.28,31.8
REST,3,3,19,8.61,25.12
REST,2,3,13,20.62,35.46
DATABASE,0,2,19,27.79,41.34
DATABASE,1,1,11,10.14,22.29
REST,0,0,4,25.74,28.02
EMAIL,4,3,19,8.92,27.82
EMAIL,4,1,5,18.31,29.45
EMAIL,4,3,7,14.66,28.24
EMAIL,5,2,14,20.78,34.55
FILE,5,2,15,27.9,45.02
EMAIL,3,3,20,25.6,43.37
REST,1,3,20,7.38,22.52
EMAIL,5,0,9,26.42,36.76
REST,4,0,13,16.28,26.43
COMPUTE,5,0,14,17.27,35.38
EMAIL,2,1,7,6.2,15.11
FILE,4,2,20,10.92,25.86
FILE,3,0,13,7.57,16.39
DATABASE,2,2,5,11.5,26.68
FILE,1,3,11,10.62,22.09
DATABASE,1,3,3,15.5,30.32
REST,1,1,19,13.6,23.41
DATABASE,5,1,3,6.9,24.05
COMPUTE,1,1,10,20.56,36.3
EMAIL,4,0,5,18.4,27.37
EMAIL,1,0,15,3.73,10.62
DATABASE,3,0,7,22.79,35.34
COMPUTE,0,0,10,6.39,16.37
FILE,1,2,9,11.0,17.35
REST,5,0,6,22.0,33.01
FILE,5,3,9,6.47,20.95
FILE,1,1,4,29.89,34.08
DATABASE,1,0,3,18.56,25.95
FILE,0,2,19,14.24,25.79
EMAIL,1,1,11,11.87,19.99
DATABASE,2,1,19,8.95,24.25
DATABASE,2,1,3,2.25,11.17
COMPUTE,2,2,11,12.72,29.46
FILE,0,0,10,27.78,30.82
REST,1,1,10,18.86,28.39
REST,1,3,10,13.86,27.48
DATABASE,2,1,17,20.83,36.12
FILE,3,0,20,28.81,40.76
EMAIL,2,1,15,7.56,16.19
DATABASE,5,0,7,14.96,28.24
REST,3,3,11,18.7,34.07
EMAIL,1,0,13,9.03,14.83
COMPUTE,4,2,12,21.9,44.48
REST,2,1,9,26.92,37.83
FILE,5,3,7,3.56,20.3
COMPUTE,0,3,16,28.22,46.32
EMAIL,2,0,13,24.53,32.01
FILE,1,2,10,7.58,14.4
REST,0,2,8,14.08,23.02
COMPUTE,4,3,18,26.94,51.7
REST,0,2,14,8.39,18.63
REST,3,0,17,17.64,29.6
EMAIL,4,0,10,18.22,26.59
FILE,4,1,6,12.67,23.14
FILE,2,1,13,24.99,32.77
DATABASE,2,2,4,19.86,31.6
EMAIL,3,2,16,4.39,19.39
REST,4,2,11,28.12,42.62
DATABASE,4,0,20,16.27,31.33
REST,2,1,18,22.04,36.02
DATABASE,1,0,6,29.04,38.42
COMPUTE,2,0,8,5.73,20.87
COMPUTE,3,1,20,28.88,48.92
FILE,2,0,15,24.8,30.33
COMPUTE,1,2,15,13.76,32.66
REST,2,1,4,26.51,33.06
EMAIL,5,3,17,26.23,45.72
DATABASE,2,0,7,22.48,31.55
COMPUTE,4,1,14,24.93,45.42
FILE,0,0,8,26.99,29.21
COMPUTE,0,1,14,23.3,36.59
COMPUTE,5,3,20,5.14,34.39
REST,5,0,11,3.16,14.81
REST,3,1,4,13.21,22.17
REST,0,0,17,10.83,18.91
DATABASE,0,2,5,29.88,40.63
DATABASE,3,3,19,15.91,35.85
REST,3,3,7,13.14,28.02
COMPUTE,1,3,10,14.83,31.37
FILE,4,2,16,10.2,23.5
REST,4,3,17,13.15,30.25
COMPUTE,2,1,16,17.43,35.69
REST,3,2,11,25.35,39.18
DATABASE,4,2,19,3.33,25.58
COMPUTE,5,2,9,24.47,45.34
COMPUTE,2,0,5,7.57,22.02
REST,4,1,18,18.56,35.77
COMPUTE,3,3,17,7.39,31.48
DATABASE,1,3,14,29.32,47.21
EMAIL,1,3,6,1.9,11.07
COMPUTE,0,0,4,23.55,32.55
DATABASE,5,2,17,3.7,24.6
FILE,5,2,8,24.66,39.62
COMPUTE,0,2,19,11.88,28.59
FILE,4,0,15,24.16,34.79
COMPUTE,1,1,18,3.14,18.11
DATABASE,3,2,8,2.65,18.13
REST,3,0,3,18.93,28.05
COMPUTE,0,0,4,22.06,30.36
REST,4,1,10,7.23,20.41
COMPUTE,0,0,8,8.63,20.3
DATABASE,5,3,7,14.4,36.14
REST,2,0,20,18.41,29.65
COMPUTE,1,1,10,27.55,40.44
REST,2,1,8,8.95,16.76
FILE,3,3,20,15.38,33.1
FILE,2,3,13,24.35,36.1
FILE,4,3,18,29.02,47.22
FILE,3,0,15,27.45,35.05
FILE,0,2,10,3.57,8.68
EMAIL,1,0,9,6.07,9.46
EMAIL,5,0,4,11.42,20.24
DATABASE,0,2,3,26.71,36.57
DATABASE,1,2,10,3.39,15.43
COMPUTE,4,3,20,11.01,35.85
COMPUTE,2,0,8,2.92,17.71
EMAIL,2,2,18,28.21,42.31
REST,3,2,17,17.93,34.99
DATABASE,4,3,13,28.21,47.63
COMPUTE,2,3,4,25.74,44.74
DATABASE,1,2,20,7.17,21.95
COMPUTE,0,2,13,23.64,41.0
REST,4,1,13,2.69,16.9
REST,4,3,17,16.62,37.32
DATABASE,0,0,8,9.19,16.41
REST,3,0,14,23.03,34.17
DATABASE,2,3,12,16.84,34.65
REST,4,0,12,20.1,33.6
FILE,1,2,14,16.66,28.26
DATABASE,0,3,17,11.9,29.07
REST,2,0,4,15.26,22.0
FILE,2,3,4,10.58,19.21
EMAIL,2,2,7,22.02,31.08
DATABASE,1,3,14,14.8,31.53
EMAIL,2,2,6,2.94,11.87
DATABASE,0,3,12,10.64,24.51
FILE,5,2,7,10.95,24.55
DATABASE,5,1,4,22.32,36.28
REST,1,0,13,1.79,7.5
REST,1,3,18,17.76,34.65
COMPUTE,1,2,19,27.69,46.37
EMAIL,5,2,3,23.38,34.06
COMPUTE,1,2,3,23.38,39.59
DATABASE,1,2,3,27.82,40.91
EMAIL,1,3,19,8.7,21.33
REST,1,2,16,16.6,30.72
REST,5,3,15,2.55,24.29
FILE,1,3,18,28.3,43.04
EMAIL,0,0,3,4.81,5.74
DATABASE,3,1,6,23.22,38.49
REST,5,3,5,21.05,38.62
EMAIL,0,1,7,12.26,14.91
REST,3,0,16,19.9,30.54
DATABASE,2,1,20,26.77,44.12
FILE,3,3,8,9.52,24.21
EMAIL,4,1,3,10.75,19.31
REST,2,0,13,12.73,19.73
EMAIL,2,2,6,5.07,13.88
COMPUTE,2,0,20,12.82,27.87
DATABASE,1,3,7,9.73,25.65
EMAIL,3,2,17,3.54,19.06
EMAIL,3,1,18,28.05,41.56
REST,0,1,9,2.1,8.42
DATABASE,4,1,11,3.27,18.87
FILE,0,1,5,21.07,25.04
FILE,0,1,14,9.33,17.17
EMAIL,2,3,9,23.99,33.85
FILE,5,2,4,18.38,29.74
COMPUTE,5,0,7,1.72,19.77
REST,1,1,14,9.94,20.41
REST,0,1,8,13.42,20.73
COMPUTE,3,0,13,28.24,46.5
DATABASE,4,1,12,3.48,19.45
COMPUTE,1,0,5,7.47,19.3
REST,1,1,6,19.17,24.94
REST,4,0,10,15.33,28.27
FILE,5,0,6,5.35,16.22
DATABASE,0,0,16,10.21,21.88
DATABASE,4,2,16,1.73,21.43
DATABASE,0,2,10,22.36,32.87
COMPUTE,1,1,18,20.64,38.66
FILE,4,1,9,10.72,21.16
EMAIL,0,2,6,16.66,23.67
EMAIL,1,0,11,18.27,24.88
FILE,4,0,18,29.59,39.31
COMPUTE,5,0,16,8.94,27.9
REST,0,1,11,7.19,13.08
DATABASE,5,2,16,13.89,33.62
DATABASE,5,1,7,12.63,30.08
REST,0,3,16,19.64,34.27
COMPUTE,2,3,15,15.96,36.7
EMAIL,1,1,7,14.81,21.57
DATABASE,3,3,5,26.32,43.45
COMPUTE,2,0,4,22.49,35.99
DATABASE,5,3,18,21.21,46.76
REST,0,0,14,3.18,7.48
REST,4,0,4,6.24,16.21
EMAIL,3,2,5,11.43,21.33
EMAIL,5,0,14,28.84,38.77
DATABASE,4,2,16,12.16,33.82
FILE,2,0,3,21.69,25.15
COMPUTE,1,0,3,4.33,16.2
FILE,0,2,4,23.55,29.03
DATABASE,5,3,11,29.39,50.45
FILE,0,2,19,18.2,27.23
DATABASE,0,0,16,28.66,39.79
EMAIL,5,3,8,22.96,39.53
DATABASE,2,3,17,10.5,31.2
REST,5,2,19,20.4,39.82
REST,1,1,7,19.87,28.03
REST,1,0,7,29.59,33.53
DATABASE,4,3,13,7.69,26.86
REST,1,2,15,28.73,38.94
REST,1,3,12,10.17,24.25
REST,3,0,18,22.6,35.75
DATABASE,0,0,5,20.41,26.11
REST,0,0,4,9.72,13.94
FILE,2,2,3,13.02,19.19
REST,2,2,19,4.79,19.24
REST,1,3,19,26.93,40.53
REST,4,1,6,3.11,14.84
REST,3,3,4,3.46,18.99
DATABASE,1,2,14,24.97,40.46
REST,4,3,12,21.09,40.13
COMPUTE,1,3,20,13.24,35.93
REST,2,0,9,21.26,27.31
REST,5,2,16,29.42,48.61
FILE,1,3,15,2.22,12.92
FILE,3,1,13,25.83,36.36
EMAIL,5,3,11,25.32,43.07
FILE,0,2,19,6.71,14.42
EMAIL,5,3,6,2.48,19.45
FILE,0,1,9,27.32,31.69
FILE,0,1,14,10.58,17.3
REST,5,0,14,5.15,17.03
COMPUTE,5,1,17,1.79,23.96
DATABASE,3,0,17,29.48,44.86
COMPUTE,5,0,20,5.83,26.65
COMPUTE,0,2,19,28.38,47.26
COMPUTE,4,2,17,11.6,33.27
FILE,0,3,4,24.57,30.15
EMAIL,3,2,5,29.72,40.74
COMPUTE,2,3,9,9.12,30.39
DATABASE,1,2,5,13.73,26.25
DATABASE,0,2,10,3.95,14.22
REST,4,1,19,18.05,32.22
DATABASE,5,3,19,5.72,29.12
FILE,1,2,9,19.61,28.16
EMAIL,4,0,13,8.95,19.03
EMAIL,1,1,3,24.09,30.37
FILE,1,2,11,11.92,20.55
COMPUTE,2,1,9,14.41,30.53
REST,4,2,20,27.59,46.0
REST,5,3,6,17.42,36.31
REST,0,2,15,18.01,27.66
EMAIL,4,1,11,20.56,31.4
REST,5,1,13,9.35,23.96
DATABASE,4,0,17,20.37,34.78
FILE,5,0,12,28.41,38.67
REST,2,0,12,28.47,35.11
REST,0,1,13,20.52,29.83
EMAIL,1,1,15,19.01,28.36
DATABASE,5,2,20,27.16,47.9
REST,0,1,10,27.17,33.16
COMPUTE,1,0,4,7.64,20.06
COMPUTE,5,2,11,23.6,44.49
FILE,0,2,12,24.78,33.3
COMPUTE,3,0,17,15.87,31.54
DATABASE,2,3,18,22.45,42.37
EMAIL,1,2,4,3.52,11.12
COMPUTE,3,0,3,22.36,34.64
COMPUTE,0,0,4,23.8,33.85
REST,1,3,7,7.77,20.84
FILE,5,2,9,25.27,39.01
DATABASE,1,2,4,24.19,36.11
DATABASE,5,1,11,29.17,48.38
FILE,0,1,18,20.95,29.04
COMPUTE,0,3,11,22.53,39.17
REST,2,1,9,7.28,17.6
COMPUTE,3,1,10,23.12,42.22
FILE,4,0,18,4.08,13.65
DATABASE,4,1,17,3.68,22.37
EMAIL,1,3,19,28.67,41.51
REST,3,3,19,1.93,21.5
FILE,0,3,15,16.17,26.03
EMAIL,5,0,13,3.73,15.21
REST,4,2,5,24.62,36.3
DATABASE,5,0,12,13.88,29.82
EMAIL,0,2,3,10.18,14.77
EMAIL,0,3,12,17.15,25.71
DATABASE,1,2,8,14.41,28.17
COMPUTE,4,0,10,26.4,45.24
EMAIL,2,3,20,20.98,34.21
FILE,1,3,7,22.92,30.61
REST,4,3,8,20.67,36.77
DATABASE,0,2,3,11.32,20.93
REST,5,0,17,13.56,29.06
COMPUTE,3,0,16,15.53,31.54
EMAIL,5,3,20,27.76,45.58
DATABASE,5,1,13,2.87,19.9
EMAIL,4,1,19,22.61,36.87
FILE,0,2,7,26.02,30.96
EMAIL,1,2,6,3.81,9.37
EMAIL,5,3,5,22.48,35.72
FILE,1,3,18,17.36,31.81
EMAIL,5,2,7,14.27,28.15
REST,1,2,13,17.74,28.75
EMAIL,3,1,9,21.92,31.25
COMPUTE,3,2,10,22.46,43.72
FILE,1,0,17,8.61,13.44
REST,5,3,7,3.29,19.78
REST,2,0,11,15.29,22.17
REST,1,1,13,20.98,31.63
EMAIL,5,2,6,20.84,33.64
EMAIL,5,1,10,11.76,22.83
FILE,0,2,3,26.96,30.13
COMPUTE,3,3,12,13.14,34.07
COMPUTE,1,3,12,7.47,25.69
EMAIL,5,1,18,24.97,39.61
EMAIL,5,3,4,17.76,34.38
REST,2,0,16,20.85,32.33
EMAIL,5,3,20,1.77,19.29
DATABASE,5,3,5,6.15,25.84
COMPUTE,2,0,14,4.61,19.9
REST,3,0,19,15.69,28.86
FILE,3,3,19,24.89,39.8
FILE,4,0,13,16.42,26.31
COMPUTE,1,0,4,16.42,28.03
COMPUTE,4,0,5,24.75,38.56
REST,2,1,10,21.23,30.36
EMAIL,5,1,10,19.39,32.56
DATABASE,5,1,4,10.99,26.55
REST,4,0,8,21.89,31.28
COMPUTE,5,3,8,24.99,48.57
COMPUTE,2,2,3,15.43,31.25
REST,1,2,19,24.52,39.2
COMPUTE,2,0,7,24.4,36.0
COMPUTE,4,0,18,4.11,24.15
FILE,3,0,7,6.82,13.23
REST,1,1,12,4.28,14.13
REST,0,3,11,10.23,21.13
REST,2,3,7,19.08,33.92
COMPUTE,5,2,15,20.78,43.87
EMAIL,5,0,3,17.7,26.84
EMAIL,1,2,8,16.88,25.58
FILE,2,2,15,14.31,27.71
COMPUTE,0,1,5,17.41,28.68
FILE,3,3,10,22.61,36.41
EMAIL,3,3,6,10.05,22.93
EMAIL,2,3,19,10.55,25.51
FILE,3,3,13,29.95,45.69
DATABASE,3,0,16,14.26,28.65
COMPUTE,4,0,4,17.6,34.31
EMAIL,2,2,20,12.3,27.04
FILE,5,2,10,29.39,43.11
FILE,5,2,16,11.48,28.8
REST,5,0,15,29.57,41.92
COMPUTE,3,2,16,20.81,43.18
FILE,4,0,17,5.23,16.13
EMAIL,4,0,14,9.25,17.75
EMAIL,1,2,7,15.19,21.26
DATABASE,3,0,19,4.2,17.46
EMAIL,3,1,11,2.17,13.05
EMAIL,4,3,8,28.44,44.75
COMPUTE,3,1,16,5.24,26.12
COMPUTE,2,3,13,11.5,31.43
FILE,5,2,3,17.91,28.71
COMPUTE,1,1,6,20.82,33.66
REST,5,3,11,22.25,41.91
COMPUTE,4,3,7,2.11,22.39
FILE,3,2,17,12.9,26.69
FILE,0,0,20,23.05,28.91
DATABASE,1,1,5,5.5,14.87
EMAIL,3,3,6,9.24,21.44
EMAIL,0,0,10,5.2,7.48
REST,3,2,19,25.34,41.77
FILE,3,0,3,16.3,20.51
FILE,5,3,9,19.95,36.84
DATABASE,4,2,20,24.63,44.23
DATABASE,4,1,19,26.11,43.2
DATABASE,0,1,4,23.27,29.58
DATABASE,0,3,13,24.87,40.22
REST,2,0,9,3.46,12.11
FILE,3,2,7,24.52,36.05
REST,4,0,19,22.86,38.27
DATABASE,5,3,20,19.84,45.8
COMPUTE,0,3,15,2.8,22.29
FILE,1,2,15,22.22,33.98
FILE,0,3,6,18.38,27.89
REST,1,3,18,7.81,21.66
FILE,1,2,18,21.1,32.54
FILE,1,1,8,6.73,12.06
FILE,3,0,6,12.42,17.43
REST,4,3,4,19.16,35.87
REST,3,2,19,18.44,36.55
REST,3,3,16,6.48,24.2
FILE,0,2,13,21.63,28.63
DATABASE,0,1,9,4.37,12.15
DATABASE,5,2,3,6.29,24.83
FILE,0,2,12,19.58,26.31
REST,5,3,7,26.48,44.31
DATABASE,2,1,17,23.23,39.87
COMPUTE,1,3,7,13.91,30.43
REST,5,0,5,19.57,30.84
COMPUTE,1,3,12,4.25,23.05
DATABASE,4,1,19,3.03,21.82
EMAIL,3,3,6,12.04,22.6
REST,3,3,6,5.89,20.3
EMAIL,3,1,17,17.39,29.37
DATABASE,2,1,9,17.71,29.12
EMAIL,5,0,20,25.3,40.49
REST,4,3,19,8.19,26.62
DATABASE,4,1,4,19.71,35.71
REST,3,0,9,11.22,19.48
EMAIL,4,1,14,19.93,33.94
REST,2,3,17,29.61,47.67
EMAIL,5,3,15,3.39,20.75
COMPUTE,2,2,19,9.59,31.37
FILE,1,1,8,6.14,12.96
REST,0,1,14,10.98,20.73
EMAIL,4,1,14,16.5,27.64
EMAIL,3,3,4,16.64,28.21
EMAIL,3,2,3,7.43,17.74
COMPUTE,1,2,12,22.73,39.79
REST,4,1,5,3.32,16.23
REST,3,0,3,13.21,19.13
EMAIL,2,3,19,22.39,38.75
DATABASE,1,3,16,6.5,25.24
EMAIL,5,3,12,20.73,36.33
EMAIL,0,0,11,11.08,15.67
FILE,4,3,5,15.41,27.43
EMAIL,2,0,4,3.13,5.48
EMAIL,0,1,13,4.13,8.95
REST,5,3,13,22.65,43.54
REST,4,1,7,20.1,33.07
EMAIL,3,3,15,28.96,45.47
EMAIL,1,0,20,28.22,34.56
COMPUTE,1,2,3,24.81,40.58
COMPUTE,0,1,7,15.03,27.56
COMPUTE,0,1,5,25.49,37.96
REST,0,0,8,10.72,13.15
EMAIL,3,3,16,23.76,38.05
COMPUTE,3,1,5,29.81,46.39
FILE,3,2,9,5.1,17.65
DATABASE,2,1,8,8.66,20.2
DATABASE,5,3,12,7.73,31.46
EMAIL,5,2,18,22.31,38.71
COMPUTE,1,2,8,13.42,29.46
EMAIL,1,0,18,3.69,9.33
EMAIL,4,3,6,11.58,24.54
COMPUTE,1,2,3,8.54,23.7
FILE,1,3,6,3.66,14.46
DATABASE,3,0,13,15.65,27.23
DATABASE,5,3,9,10.65,31.5
DATABASE,3,3,10,4.63,23.68
FILE,4,3,16,16.97,32.32
EMAIL,2,1,13,15.11,22.38
DATABASE,2,3,14,6.75,23.17
FILE,3,1,10,16.47,26.63
EMAIL,5,1,8,14.58,26.7
DATABASE,4,0,19,29.47,45.73
EMAIL,5,2,17,6.84,23.98
EMAIL,2,0,19,15.55,24.15
EMAIL,2,3,10,11.87,22.32
COMPUTE,4,2,5,27.11,44.91
FILE,0,0,18,18.1,24.73
REST,4,3,8,7.99,22.45
DATABASE,4,0,12,6.04,22.52
DATABASE,1,1,19,18.63,31.74
REST,0,0,18,6.73,13.16
EMAIL,3,2,19,9.0,24.7
COMPUTE,2,3,15,17.62,41.1
REST,2,3,7,5.59,20.03
DATABASE,5,0,4,14.16,27.11
REST,3,3,13,17.4,34.16
REST,4,2,10,7.2,23.7
FILE,2,1,7,17.59,24.02
EMAIL,3,0,4,28.63,34.46
DATABASE,5,0,18,11.21,29.23
EMAIL,2,0,8,15.24,18.83
REST,4,3,20,15.42,36.97
REST,0,3,13,5.77,17.73
EMAIL,0,3,10,27.02,34.82
REST,2,2,14,24.78,37.3
FILE,1,2,14,26.32,37.91
REST,5,1,18,16.96,33.68
DATABASE,0,2,9,7.04,20.03
COMPUTE,0,2,19,27.98,46.06
COMPUTE,1,2,9,5.25,19.59
DATABASE,5,0,10,24.3,38.12
FILE,4,0,16,1.53,11.94
DATABASE,0,0,14,4.26,11.61
FILE,0,3,5,14.0,21.77
EMAIL,0,2,8,1.06,7.48
FILE,5,1,18,20.73,34.0
COMPUTE,5,0,19,8.32,30.26
FILE,0,0,5,11.95,14.37
COMPUTE,0,0,3,10.14,19.11
DATABASE,1,1,9,22.46,34.91
DATABASE,5,1,14,25.45,45.13
FILE,4,1,12,14.96,27.27
FILE,5,1,20,26.4,40.33
DATABASE,3,2,18,29.47,48.97
COMPUTE,2,0,14,4.39,18.76
DATABASE,1,1,11,22.77,33.39
EMAIL,2,0,4,9.2,13.77
FILE,5,1,12,25.94,38.49
EMAIL,2,0,13,6.18,13.77
DATABASE,2,0,10,24.28,36.03
DATABASE,3,3,15,5.4,24.85
EMAIL,0,1,16,14.77,21.45
EMAIL,5,3,3,5.47,21.8
DATABASE,3,2,11,24.9,42.97
REST,5,0,19,1.61,18.48
COMPUTE,0,0,8,11.59,22.2
DATABASE,5,1,13,2.11,20.8
DATABASE,3,1,11,2.59,18.89
COMPUTE,2,2,20,3.48,24.44
DATABASE,5,1,16,27.26,47.84
REST,5,3,20,9.24,29.08
EMAIL,3,3,19,19.74,35.21
DATABASE,2,3,14,15.14,33.32
COMPUTE,1,0,4,1.21,12.85
FILE,0,1,18,29.09,34.9
REST,0,3,17,12.33,27.01
FILE,1,2,17,16.3,28.58
COMPUTE,3,1,19,16.31,37.66
DATABASE,4,2,17,2.76,22.16
DATABASE,5,2,20,11.38,35.1
FILE,4,3,19,18.04,34.9
DATABASE,0,0,5,9.11,14.62
FILE,1,1,12,8.26,14.6
DATABASE,3,3,16,25.52,47.66
COMPUTE,3,1,14,15.56,32.66
REST,2,3,10,20.83,33.77
FILE,5,0,13,14.54,25.51
EMAIL,4,2,11,8.25,21.01
REST,5,2,11,20.43,37.58
COMPUTE,0,1,8,6.83,19.89
FILE,2,1,16,13.12,24.14
DATABASE,2,2,7,2.46,15.38
REST,0,0,12,15.66,21.43
COMPUTE,4,3,6,2.7,23.02
DATABASE,5,0,3,29.5,41.3
FILE,5,2,14,19.25,33.07
FILE,2,1,12,18.79,27.31
FILE,1,3,9,27.32,35.76
DATABASE,1,3,19,19.43,38.61
DATABASE,0,2,4,28.43,40.37
COMPUTE,2,1,9,10.17,27.73
COMPUTE,0,2,8,16.65,31.24
COMPUTE,4,2,6,7.75,29.36
COMPUTE,1,3,12,29.41,48.8
FILE,5,1,3,28.99,40.42
COMPUTE,3,3,6,10.79,32.22
DATABASE,5,0,18,4.6,23.77
FILE,1,1,9,6.39,12.8
EMAIL,4,3,11,15.89,29.56
COMPUTE,5,0,14,10.02,31.09
REST,0,0,18,27.97,35.93
FILE,1,2,15,21.65,32.11
REST,4,2,4,22.69,37.62
COMPUTE,2,3,14,29.19,52.29
DATABASE,3,0,12,28.04,43.09
COMPUTE,0,1,5,26.95,37.1
DATABASE,5,2,7,17.87,36.24
EMAIL,3,2,19,2.31,16.2
FILE,5,2,19,12.21,27.43
FILE,1,1,20,21.63,31.67
DATABASE,0,3,3,3.85,17.08
REST,1,0,16,16.35,23.7
EMAIL,2,1,15,14.23,25.43
DATABASE,2,0,3,19.96,29.83
EMAIL,1,1,9,4.42,11.31
COMPUTE,4,0,5,10.59,26.56
REST,1,1,11,28.7,35.56
REST,5,0,13,5.98,20.57
COMPUTE,0,0,17,12.19,25.84
COMPUTE,5,2,16,9.57,32.45
DATABASE,1,2,14,11.21,25.22
FILE,1,2,3,24.48,31.56
EMAIL,0,3,11,12.04,19.87
COMPUTE,3,2,3,28.19,44.19
FILE,5,2,12,23.43,38.16
DATABASE,0,0,17,6.72,16.89
FILE,5,1,16,25.24,39.36
EMAIL,5,0,6,27.89,35.42
DATABASE,4,3,9,20.03,38.92
FILE,5,2,14,10.62,24.36
COMPUTE,0,1,11,22.17,35.43
FILE,3,0,12,23.96,32.07
EMAIL,1,1,19,28.5,37.73
REST,0,0,13,14.63,21.89
FILE,2,3,14,6.95,20.59
EMAIL,5,0,17,29.9,42.41
COMPUTE,2,3,12,24.85,46.56
FILE,0,3,19,15.07,27.21
DATABASE,1,1,5,11.28,21.77
COMPUTE,4,0,20,18.15,38.46
DATABASE,5,2,20,27.54,48.22
REST,4,3,3,14.74,28.06
COMPUTE,4,0,10,14.36,33.0
DATABASE,4,1,3,16.94,31.03
FILE,2,3,13,29.5,43.67
COMPUTE,3,1,6,29.1,45.27
EMAIL,2,0,8,20.95,26.54
DATABASE,3,2,17,9.49,27.97
DATABASE,1,1,18,29.04,41.24
COMPUTE,0,2,17,17.43,36.17
EMAIL,1,3,3,16.46,25.25
DATABASE,2,3,13,18.1,35.38
FILE,0,3,18,10.94,22.4
COMPUTE,1,1,19,6.33,21.93
FILE,1,3,11,14.3,24.22
EMAIL,4,1,10,12.31,21.87
COMPUTE,5,0,12,25.08,42.77
EMAIL,0,0,6,16.93,19.05
DATABASE,2,2,12,4.44,19.32
COMPUTE,0,0,19,11.92,24.24
EMAIL,2,0,5,10.14,15.58
FILE,5,2,18,18.66,35.19
FILE,5,3,5,28.38,44.96
FILE,3,3,12,22.66,35.04
REST,4,2,16,29.83,48.5
REST,4,0,14,25.86,38.21
REST,1,2,4,23.75,34.35
COMPUTE,1,2,9,1.98,16.72
COMPUTE,3,2,5,15.16,32.56
COMPUTE,3,1,14,12.01,29.4
COMPUTE,5,1,7,24.9,45.27
EMAIL,1,0,8,19.32,21.76
FILE,1,1,8,9.78,16.96
DATABASE,4,0,18,14.74,32.77
EMAIL,4,3,12,20.55,35.21
REST,1,0,4,4.03,8.68
COMPUTE,5,2,6,26.37,46.19
COMPUTE,0,1,18,18.34,35.56
DATABASE,5,3,11,26.1,48.7
EMAIL,4,2,20,23.04,39.98
COMPUTE,1,0,9,10.02,22.65
COMPUTE,2,0,11,14.11,29.57
FILE,5,2,13,20.73,37.58
FILE,4,2,20,27.33,42.37
FILE,0,0,11,10.31,15.33
EMAIL,1,1,8,26.68,32.87
FILE,5,3,19,6.09,26.88
REST,3,3,20,12.56,31.57
EMAIL,3,3,10,1.03,15.93
FILE,3,2,20,8.79,24.8
REST,1,0,11,26.93,32.29
EMAIL,4,1,10,25.68,35.26
COMPUTE,2,0,6,29.26,43.62
COMPUTE,4,2,6,6.87,25.64
DATABASE,0,0,16,27.82,36.59
REST,4,0,7,9.08,19.17
EMAIL,3,0,5,22.52,29.48
COMPUTE,5,1,11,17.7,36.93
EMAIL,2,2,12,27.52,39.68
REST,1,3,10,20.95,34.15
FILE,4,2,3,17.79,27.19
DATABASE,5,1,7,2.42,17.67
FILE,0,0,18,4.36,7.97
REST,2,3,17,15.65,33.38
COMPUTE,5,1,9,6.72,25.81
COMPUTE,4,2,13,13.23,34.51
REST,4,2,11,6.46,23.31
COMPUTE,3,0,5,3.91,18.14
COMPUTE,5,2,5,26.06,47.1
EMAIL,4,2,5,10.73,20.71
COMPUTE,0,2,8,3.83,19.68
REST,0,3,14,17.97,29.6
COMPUTE,0,2,8,14.08,28.12
FILE,1,1,6,23.88,28.74
EMAIL,0,0,7,19.86,20.92
COMPUTE,0,3,15,24.75,43.0
REST,2,2,13,20.86,33.0
COMPUTE,4,1,12,11.34,29.7
REST,2,3,10,22.44,38.21
COMPUTE,1,2,19,21.79,39.27
COMPUTE,1,1,19,12.72,28.57
DATABASE,4,2,20,20.55,42.06
FILE,3,2,10,4.79,14.56
REST,2,0,18,11.57,23.16
FILE,1,3,11,27.39,37.83
REST,0,3,8,16.49,25.2
DATABASE,0,3,15,19.55,34.06
FILE,5,2,5,14.62,26.87
COMPUTE,0,1,13,16.91,29.82
DATABASE,5,3,9,1.06,22.4
EMAIL,2,1,7,20.87,26.78
DATABASE,3,2,16,18.89,38.52
REST,1,3,10,22.49,36.63
REST,2,0,15,19.82,31.28
REST,5,1,7,12.11,27.43
FILE,2,2,8,9.36,20.66
EMAIL,3,2,12,28.17,38.59
EMAIL,3,0,18,12.02,21.19
REST,4,1,20,27.34,43.37
EMAIL,1,0,16,6.54,11.65
FILE,3,0,18,16.62,27.4
COMPUTE,0,2,20,6.11,22.83
DATABASE,3,3,10,26.73,44.97
COMPUTE,1,3,4,12.33,30.82
FILE,2,3,13,9.49,23.34
EMAIL,5,2,4,12.75,26.61
FILE,5,2,17,21.27,39.87
FILE,2,2,16,25.93,35.93
EMAIL,1,0,17,18.64,23.69
DATABASE,5,0,5,4.84,20.55
REST,4,0,6,26.53,37.21
FILE,1,0,16,15.59,22.64
FILE,4,2,19,28.13,44.67
EMAIL,5,2,3,17.53,29.63
EMAIL,5,1,5,7.64,20.2
REST,3,2,7,25.76,36.73
COMPUTE,2,0,5,17.88,28.62
REST,0,3,19,17.06,32.26
DATABASE,2,0,15,13.2,25.08
DATABASE,5,0,20,1.73,21.26
EMAIL,3,0,14,14.92,25.34
FILE,0,3,4,2.06,10.6
COMPUTE,5,1,12,27.67,49.93
EMAIL,3,2,8,18.6,31.23
EMAIL,5,0,16,10.39,21.44
DATABASE,2,1,20,17.53,35.4
EMAIL,2,2,6,7.37,17.18
DATABASE,4,3,11,16.24,37.39
EMAIL,0,3,7,16.94,24.64
DATABASE,5,2,3,8.63,26.04
REST,3,1,19,10.94,25.48
EMAIL,3,3,7,6.8,21.14
COMPUTE,4,2,9,18.63,38.37
DATABASE,4,1,5,22.4,35.28
FILE,3,2,4,9.65,18.72
DATABASE,3,2,10,1.47,19.39
DATABASE,5,2,3,4.15,22.24
COMPUTE,5,2,5,11.25,30.38
DATABASE,4,2,18,14.83,34.71
REST,2,0,4,29.4,34.79
DATABASE,2,1,20,21.97,39.94
REST,4,2,4,8.23,20.07
REST,5,0,17,16.19,29.17
EMAIL,0,0,3,29.55,31.79
REST,3,2,5,6.05,16.68
REST,0,1,18,9.01,18.34
DATABASE,4,3,7,25.42,44.44
REST,3,0,9,2.7,10.09
REST,4,1,5,14.68,26.07
COMPUTE,5,2,16,7.6,30.09
DATABASE,2,1,8,27.0,41.03
REST,2,0,14,26.28,36.97
COMPUTE,0,1,14,4.93,19.91
DATABASE,2,0,9,26.56,35.5
EMAIL,5,0,9,4.22,13.92
DATABASE,5,2,3,20.38,37.2
REST,0,2,14,13.16,21.47
REST,0,3,13,26.98,39.62
EMAIL,1,2,16,5.26,16.37
EMAIL,2,1,10,2.55,10.01
DATABASE,4,2,4,17.02,31.47
COMPUTE,2,0,5,23.38,34.69
REST,4,3,9,28.9,43.96
EMAIL,5,0,13,19.06,30.84
FILE,4,2,3,18.87,29.66
REST,0,1,15,7.48,17.3
REST,4,2,12,7.85,22.32
REST,3,2,5,10.91,24.25
REST,4,1,8,21.45,32.52
COMPUTE,3,0,9,22.98,39.1
FILE,4,0,11,12.52,21.25
COMPUTE,3,3,14,13.91,37.52
DATABASE,1,3,6,14.12,27.42
REST,0,2,20,22.55,33.01
DATABASE,3,0,3,23.23,32.97
COMPUTE,4,1,13,15.57,36.17
DATABASE,1,3,8,6.52,22.27
EMAIL,2,0,16,1.48,8.69
COMPUTE,0,3,5,29.21,46.62
REST,4,1,11,6.04,20.5
DATABASE,4,2,18,6.44,28.55
FILE,3,2,14,13.09,24.63
FILE,1,1,16,29.0,36.94
COMPUTE,1,3,5,29.56,45.43
EMAIL,2,1,13,6.93,17.73
FILE,3,0,14,12.05,21.37
DATABASE,1,3,17,18.46,37.4
EMAIL,2,0,8,8.99,14.35
COMPUTE,5,0,15,6.8,26.7
DATABASE,3,1,20,14.89,34.1
DATABASE,0,3,18,21.91,39.44
COMPUTE,3,1,17,18.37,36.97
EMAIL,2,3,18,5.73,18.65
DATABASE,2,2,10,8.94,22.37
COMPUTE,0,1,16,17.24,31.28
FILE,5,0,11,17.62,28.95
DATABASE,4,3,16,4.81,26.72
REST,5,0,15,26.31,38.36
EMAIL,1,0,15,21.85,28.57
REST,3,3,12,19.41,35.34
EMAIL,2,0,13,16.42,24.15
DATABASE,5,3,3,10.64,30.32
DATABASE,5,3,3,18.52,39.78
REST,0,2,5,24.9,33.95
COMPUTE,0,3,13,5.82,23.08
COMPUTE,1,2,13,28.91,45.6
EMAIL,3,2,13,22.46,34.08
FILE,0,1,13,20.45,27.25
DATABASE,4,0,17,28.57,46.03
DATABASE,1,1,7,23.37,32.95
EMAIL,0,3,9,21.83,31.39
COMPUTE,4,3,16,11.85,37.94
COMPUTE,2,1,15,15.56,33.8
FILE,4,2,16,6.24,19.57
COMPUTE,5,0,8,16.39,32.73
COMPUTE,2,2,16,13.48,34.11
EMAIL,3,0,9,28.03,35.57
FILE,2,0,12,28.69,36.34
EMAIL,4,0,15,14.16,23.92
FILE,3,0,15,6.47,17.26
COMPUTE,5,1,6,26.81,44.17
COMPUTE,5,2,10,12.45,35.66
COMPUTE,3,1,4,28.95,44.47
COMPUTE,2,3,11,17.16,36.79
REST,5,0,13,23.21,37.17
REST,2,0,3,22.3,27.16
EMAIL,1,0,10,22.97,29.02
COMPUTE,3,2,14,19.49,38.2
EMAIL,1,1,8,21.64,26.05
EMAIL,0,1,9,6.02,12.4
REST,5,2,11,22.62,41.32
EMAIL,3,2,10,11.93,24.8
DATABASE,2,0,18,4.84,19.62
FILE,0,3,14,10.58,19.09
REST,0,2,9,17.36,28.0
EMAIL,4,3,8,17.68,30.21
COMPUTE,4,1,14,29.69,49.84
REST,3,3,8,3.15,19.61
EMAIL,0,2,7,16.15,20.55
DATABASE,1,0,11,22.75,34.16
COMPUTE,2,3,18,23.2,45.31
COMPUTE,2,0,12,15.95,31.32
FILE,0,2,17,2.13,9.64
COMPUTE,1,0,14,21.48,35.54
FILE,5,3,14,8.64,26.88
EMAIL,1,1,17,5.82,12.49
EMAIL,1,2,10,20.83,28.89
REST,1,3,11,17.08,28.69
COMPUTE,5,2,15,20.17,43.81
FILE,4,3,11,19.19,33.87
FILE,4,1,16,17.66,28.81
REST,2,3,10,8.51,22.05
REST,1,1,7,8.47,14.93
FILE,5,2,9,5.92,20.02
DATABASE,3,0,15,20.78,35.15
DATABASE,3,3,15,17.69,39.19
FILE,3,2,9,2.69,15.1
FILE,3,1,14,10.78,22.82
REST,2,1,16,17.54,29.5
REST,1,0,19,24.82,35.11
DATABASE,3,1,3,11.83,25.05
FILE,3,3,18,23.43,39.16
FILE,4,0,17,27.19,39.08
FILE,2,2,10,1.05,10.87
COMPUTE,4,1,3,8.4,26.8
DATABASE,1,0,18,10.06,22.59
COMPUTE,4,1,4,27.28,44.39
EMAIL,1,1,17,16.67,26.4
REST,4,2,9,23.91,37.8
DATABASE,4,0,17,24.7,39.57
DATABASE,1,2,10,22.86,37.89
COMPUTE,0,1,12,1.25,13.54
DATABASE,5,0,19,1.88,18.33
DATABASE,3,3,20,2.25,22.72
FILE,5,1,6,6.4,17.87
REST,1,2,19,1.34,13.5
FILE,1,2,13,7.76,16.27
DATABASE,1,1,5,2.07,13.32
DATABASE,4,2,3,19.84,35.24
EMAIL,0,3,19,6.08,18.08
FILE,3,3,6,9.56,22.15
FILE,3,0,3,15.68,19.4
DATABASE,3,2,5,25.73,39.32
DATABASE,0,1,19,16.84,27.89
FILE,0,2,18,25.45,33.99
REST,4,2,17,6.67,24.07
EMAIL,4,0,18,5.89,18.96
FILE,2,1,20,5.36,16.1
EMAIL,1,1,14,10.4,18.98
EMAIL,1,2,19,24.78,35.68
COMPUTE,0,2,19,10.79,26.74
REST,3,2,3,17.58,29.82
DATABASE,4,0,6,8.57,22.65
COMPUTE,2,0,20,11.98,27.82
FILE,1,0,14,22.45,26.93
FILE,5,1,14,4.36,19.65
FILE,4,2,20,10.71,27.38
EMAIL,5,0,15,1.52,12.36
EMAIL,5,3,3,26.08,41.36
FILE,4,2,18,21.13,37.13
REST,4,1,6,16.49,27.2
EMAIL,1,1,15,6.64,13.97
FILE,1,0,9,24.61,30.3
FILE,0,3,10,10.35,21.09
REST,0,3,14,29.41,40.27
REST,5,2,9,11.85,28.29
COMPUTE,4,3,9,20.46,43.78
DATABASE,4,1,11,21.82,39.24
FILE,2,0,17,25.15,33.06
FILE,3,3,15,15.97,29.16
COMPUTE,5,0,3,15.06,31.65
COMPUTE,2,3,17,13.51,35.47
COMPUTE,1,2,18,16.5,34.03
DATABASE,4,0,15,25.95,40.26
EMAIL,4,1,13,14.63,27.09
FILE,0,3,3,28.91,35.34
REST,0,2,17,6.11,16.77
COMPUTE,0,3,6,15.02,31.32
REST,5,1,9,15.29,28.45
EMAIL,1,2,10,18.64,26.72
COMPUTE,5,0,14,17.86,38.65
COMPUTE,0,0,9,26.5,38.52
EMAIL,3,2,8,26.06,35.34
COMPUTE,1,2,12,4.49,20.83
COMPUTE,0,1,5,17.52,30.74
REST,1,0,3,2.57,7.18
DATABASE,2,0,7,22.85,32.51
FILE,1,2,13,13.56,22.47
COMPUTE,4,2,5,29.24,47.94
EMAIL,2,3,20,27.31,43.79
FILE,4,3,17,16.22,35.28
REST,3,0,5,22.8,30.63
EMAIL,2,2,9,3.67,14.19
DATABASE,2,3,7,15.65,32.59
DATABASE,2,3,4,10.01,23.3
EMAIL,1,2,3,7.85,15.89
COMPUTE,1,0,5,24.8,35.44
DATABASE,0,3,4,3.51,16.04
COMPUTE,1,1,19,28.83,46.47
FILE,4,1,10,18.64,31.45
EMAIL,1,2,10,2.25,11.52
REST,0,2,20,25.07,38.29
REST,2,2,13,7.61,20.12
REST,5,2,9,8.73,26.93
EMAIL,0,1,11,25.33,30.36
EMAIL,4,2,6,29.37,39.59
EMAIL,3,2,6,19.37,30.42
COMPUTE,4,1,8,14.46,34.21
COMPUTE,4,0,20,3.11,22.83
DATABASE,1,1,19,14.13,28.03
COMPUTE,4,3,9,18.14,42.75
FILE,0,0,13,12.97,16.15
EMAIL,0,0,13,24.96,27.87
COMPUTE,1,3,8,15.31,33.4
COMPUTE,4,0,16,24.4,45.1
FILE,2,2,3,17.67,26.2
DATABASE,0,3,18,2.83,18.78
DATABASE,0,3,19,21.88,38.4
EMAIL,5,3,12,2.18,19.64
REST,4,2,10,9.09,23.87
REST,0,1,14,23.61,29.97
DATABASE,2,2,14,8.59,23.07
DATABASE,2,1,4,12.55,22.1
COMPUTE,1,2,14,1.08,17.0
COMPUTE,0,0,6,5.05,13.93
FILE,4,1,10,5.92,15.41
FILE,0,3,19,20.68,31.35
EMAIL,2,2,14,22.53,35.72
FILE,2,1,19,3.33,15.52
DATABASE,1,1,5,28.48,36.8
COMPUTE,2,1,19,17.13,35.92
FILE,0,3,19,22.78,33.7
DATABASE,2,3,19,8.93,27.64
REST,1,2,18,28.83,42.32
COMPUTE,4,2,18,27.68,49.72
COMPUTE,3,1,5,22.37,39.2
FILE,0,0,6,27.54,27.58
COMPUTE,0,1,6,25.26,37.46
DATABASE,5,0,15,12.64,30.17
REST,0,1,5,15.44,20.53
DATABASE,2,1,11,10.82,25.74
COMPUTE,0,2,14,26.6,44.26
EMAIL,5,1,4,26.85,36.36
DATABASE,0,0,12,20.74,28.56
FILE,5,0,10,27.76,36.95
FILE,3,0,11,8.07,14.7
REST,3,0,6,22.23,30.31
FILE,1,1,8,3.2,9.38
EMAIL,0,0,16,6.07,12.41
REST,0,3,12,14.17,26.23
REST,2,0,15,6.87,14.61
DATABASE,0,3,3,7.65,20.66
EMAIL,1,2,17,22.99,35.24
FILE,1,3,8,16.66,27.88
FILE,3,3,4,6.95,20.51
DATABASE,0,0,20,22.81,34.23
EMAIL,4,3,9,17.45,31.59
FILE,0,2,3,15.42,19.21
REST,4,2,18,14.09,32.97
COMPUTE,1,3,10,7.39,24.13
REST,2,1,19,10.63,23.62
DATABASE,1,1,9,15.2,27.39
COMPUTE,2,0,19,22.09,39.94
EMAIL,3,3,9,6.33,18.21
REST,3,1,18,15.23,29.83
REST,3,3,20,26.12,42.63
REST,3,0,10,14.01,21.56
FILE,0,0,19,6.62,10.89
FILE,3,3,7,29.8,40.5
REST,1,0,3,10.47,16.31
EMAIL,1,3,20,26.82,38.78
REST,4,3,4,25.32,41.83
COMPUTE,5,1,3,17.55,35.6
COMPUTE,2,2,5,26.26,43.16
EMAIL,4,3,6,21.68,34.44
EMAIL,5,2,19,3.54,22.33
COMPUTE,5,2,15,28.87,52.1
REST,3,1,15,8.75,20.11
FILE,0,0,10,4.72,6.32
EMAIL,3,1,3,3.98,9.56
FILE,4,0,20,22.28,34.15
DATABASE,3,1,20,13.21,30.2
COMPUTE,1,0,15,7.94,21.5
FILE,1,2,18,4.08,14.42
DATABASE,4,0,13,20.08,34.74
DATABASE,3,2,14,7.0,24.78
FILE,0,1,19,23.42,30.12
EMAIL,1,1,15,6.31,13.8
REST,2,0,10,24.96,31.91
COMPUTE,4,3,3,1.43,23.26
EMAIL,5,3,10,14.17,31.32
FILE,1,2,20,14.23,25.38
REST,4,0,8,1.12,13.17
FILE,4,0,7,7.31,15.75
FILE,1,3,12,10.09,20.8
REST,2,2,14,9.55,24.62
COMPUTE,1,3,14,16.5,37.72
FILE,4,0,5,8.49,14.08
EMAIL,5,0,20,7.08,19.92
FILE,0,1,14,19.87,27.52
FILE,2,0,4,19.71,22.52
REST,5,0,5,9.36,20.04
EMAIL,2,0,18,19.86,30.24
REST,2,2,11,4.48,14.95
DATABASE,5,1,6,25.14,40.22
COMPUTE,3,2,20,22.12,46.56
REST,0,0,11,5.3,10.37
REST,5,1,12,8.11,22.87
COMPUTE,5,1,16,15.17,37.47
FILE,5,3,5,5.44,20.95
FILE,4,1,6,21.07,30.29
DATABASE,0,0,8,1.94,9.53
COMPUTE,1,1,4,12.44,24.17
FILE,4,2,8,16.09,27.05
FILE,1,2,4,20.81,28.09
COMPUTE,2,3,9,29.92,48.93
EMAIL,5,3,12,6.21,23.78
REST,4,3,8,26.63,44.32
FILE,5,3,13,1.58,18.65
COMPUTE,1,2,14,12.95,29.24
COMPUTE,3,1,7,18.91,35.91
DATABASE,0,3,14,15.09,31.52
FILE,3,0,3,8.45,13.07
REST,0,2,12,26.47,36.91
REST,5,2,16,16.19,34.92
REST,0,2,19,4.26,15.63
COMPUTE,0,2,7,24.28,36.9
EMAIL,3,2,14,26.88,39.34
REST,0,2,13,24.89,33.45
EMAIL,4,3,16,13.3,31.56
REST,2,0,11,18.86,26.21
FILE,4,2,9,3.0,16.46
REST,4,1,10,15.84,28.45
EMAIL,0,1,15,26.75,34.52
EMAIL,1,2,12,7.97,15.92
FILE,1,2,20,28.05,37.98
REST,0,0,9,25.24,30.05
DATABASE,3,1,16,8.42,22.96
COMPUTE,4,2,10,15.19,34.47
REST,0,1,8,13.82,20.78
REST,1,1,5,11.0,17.2
FILE,4,3,14,22.13,39.82
EMAIL,5,1,9,17.24,30.5
FILE,0,3,14,23.0,34.25
REST,3,2,9,8.57,20.81
COMPUTE,1,3,15,9.15,28.99
EMAIL,2,3,17,20.22,36.17
DATABASE,3,1,9,11.67,26.52
EMAIL,2,0,6,18.84,22.84
REST,0,2,3,12.94,21.7
REST,5,0,8,24.9,36.56
DATABASE,3,1,12,17.54,32.8
EMAIL,1,3,12,13.52,24.66
EMAIL,3,1,18,10.89,24.43
COMPUTE,3,2,17,3.13,25.06
REST,4,1,4,21.92,33.28
COMPUTE,2,3,6,19.06,39.37
COMPUTE,1,0,7,20.58,30.53
DATABASE,1,0,9,3.24,12.71
EMAIL,4,3,15,16.11,31.39
REST,4,0,7,20.68,32.12
DATABASE,5,0,16,4.09,23.38
DATABASE,1,1,18,1.96,14.95
REST,3,1,20,11.66,27.67
COMPUTE,0,1,7,27.42,38.68
REST,5,2,7,20.83,37.47
COMPUTE,5,0,16,25.34,45.0
COMPUTE,0,1,11,24.54,39.25
REST,3,2,5,26.64,38.01
EMAIL,0,1,17,3.73,11.23
COMPUTE,0,2,6,15.36,29.91
DATABASE,0,2,4,27.97,38.8
EMAIL,0,3,3,9.93,15.15
COMPUTE,2,3,15,22.77,42.59
DATABASE,0,0,15,22.46,32.81
EMAIL,5,0,3,24.0,31.58
EMAIL,4,0,16,2.64,13.13
EMAIL,3,1,11,8.24,19.93
REST,2,3,9,24.73,40.42
FILE,0,2,18,11.73,21.13
COMPUTE,5,2,12,16.04,39.77
COMPUTE,4,2,16,27.16,49.39
DATABASE,3,3,13,10.15,30.63
DATABASE,2,3,7,4.4,20.8
REST,3,3,15,11.6,29.56
COMPUTE,4,0,10,23.8,39.89
EMAIL,1,1,10,17.42,22.72
COMPUTE,1,2,16,21.95,41.07
COMPUTE,0,1,4,11.43,22.2
REST,4,1,11,8.34,22.69
COMPUTE,5,2,7,14.36,34.13
DATABASE,0,2,8,16.94,26.41
COMPUTE,3,0,20,7.51,26.88
EMAIL,3,0,14,18.79,29.4
REST,3,3,9,23.01,36.55
REST,1,1,7,19.7,27.4
FILE,3,3,17,10.76,27.47
REST,0,1,15,19.27,26.52
FILE,4,1,12,27.53,38.08
COMPUTE,1,3,3,7.06,24.63
DATABASE,3,1,7,7.97,22.33
FILE,5,3,15,12.51,30.22
DATABASE,2,1,12,25.57,40.87
FILE,2,1,13,23.99,31.98
COMPUTE,4,1,20,8.14,29.75
COMPUTE,2,0,17,19.91,34.38
DATABASE,2,1,5,18.8,29.31
DATABASE,3,1,14,4.69,21.74
REST,0,0,17,26.32,33.07
REST,2,3,19,26.5,41.3
EMAIL,0,2,18,21.23,29.36
DATABASE,1,1,13,14.87,25.55
FILE,5,2,8,29.13,44.33
DATABASE,4,0,7,8.32,22.89
FILE,3,1,7,1.71,10.86
REST,5,2,20,26.98,46.42
EMAIL,0,0,9,17.38,18.89
REST,2,0,6,4.32,10.41
EMAIL,3,3,8,27.38,40.05
DATABASE,4,0,4,7.59,21.7
COMPUTE,0,1,11,4.89,16.42
DATABASE,2,3,12,8.23,25.27
DATABASE,1,3,6,15.89,29.24
DATABASE,1,1,10,24.53,34.65
DATABASE,2,3,12,11.79,28.16
DATABASE,2,1,9,26.63,39.92
COMPUTE,5,3,8,16.62,41.51
EMAIL,3,3,4,23.76,34.96
COMPUTE,5,2,19,27.37,54.23
FILE,3,0,11,18.35,27.86
COMPUTE,3,1,11,10.76,30.29
COMPUTE,3,3,9,29.99,51.49
COMPUTE,2,3,17,29.82,50.18
DATABASE,3,0,15,9.39,24.62
COMPUTE,3,3,13,7.16,30.71
FILE,0,2,19,16.01,27.08
EMAIL,4,3,8,7.28,20.13
REST,3,0,18,15.52,27.06
DATABASE,3,1,16,10.7,27.82
EMAIL,4,0,12,1.3,10.86
DATABASE,3,0,14,19.95,32.48
EMAIL,4,2,17,9.04,25.99
REST,2,1,13,1.13,11.11
EMAIL,2,3,10,11.42,24.59
EMAIL,4,0,15,14.54,23.89
FILE,0,2,18,20.62,29.45
REST,5,2,6,20.64,35.03
REST,5,3,3,8.86,24.83
COMPUTE,0,1,17,29.35,43.21
EMAIL,0,1,15,7.05,12.24
DATABASE,5,1,11,6.25,23.2
EMAIL,2,2,11,27.08,38.9
FILE,0,3,4,21.0,28.03
COMPUTE,3,3,10,10.94,32.13
COMPUTE,2,2,16,23.54,43.44
FILE,0,3,9,8.93,19.32
COMPUTE,1,3,15,21.64,40.82
DATABASE,5,1,17,15.54,33.26
COMPUTE,5,3,12,14.9,39.92
EMAIL,1,3,16,16.6,29.74
REST,3,2,16,29.33,42.72
REST,4,2,4,21.93,35.69
FILE,0,2,6,19.77,25.07
EMAIL,0,2,16,5.91,15.79
FILE,3,0,5,29.18,35.07
REST,2,0,16,12.65,24.44
FILE,1,1,19,22.93,32.01
FILE,5,2,4,4.91,17.22
REST,1,1,16,15.28,26.13
COMPUTE,5,1,14,4.39,27.47
DATABASE,2,3,17,28.91,47.53
DATABASE,3,2,19,10.92,28.31
COMPUTE,0,0,20,17.05,31.35
COMPUTE,4,3,4,2.53,23.14
COMPUTE,3,0,16,4.31,20.52
EMAIL,1,2,11,29.5,39.37
REST,5,3,4,24.1,40.98
REST,1,1,9,15.75,24.11
DATABASE,3,3,17,2.48,21.62
DATABASE,0,1,5,7.1,14.33
DATABASE,4,1,7,19.27,34.27
REST,0,1,19,8.1,18.22
EMAIL,3,0,20,11.83,24.12
FILE,2,0,18,22.7,30.65
DATABASE,2,0,12,10.17,20.68
FILE,5,1,16,13.7,26.81
COMPUTE,2,1,6,27.68,43.05
DATABASE,1,1,8,29.68,39.62
FILE,5,0,14,18.07,28.22
REST,1,1,7,6.4,14.0
COMPUTE,5,1,4,25.06,42.4
DATABASE,4,1,14,21.68,37.44
FILE,0,1,19,29.4,36.28
FILE,4,2,9,7.3,20.37
EMAIL,3,1,5,22.52,29.71
EMAIL,2,0,13,11.03,18.92
DATABASE,3,2,14,4.43,22.98
DATABASE,4,1,5,6.02,21.9
EMAIL,3,1,11,22.7,31.01
COMPUTE,1,2,8,1.66,15.89
COMPUTE,5,3,7,15.09,37.55
EMAIL,4,1,20,6.14,19.93
DATABASE,1,0,4,16.03,24.04
COMPUTE,3,2,12,23.71,43.66
DATABASE,1,1,16,15.71,27.22
REST,3,2,4,28.78,40.65
FILE,5,3,16,10.23,27.03
FILE,1,0,15,4.51,9.32
EMAIL,2,1,12,5.68,14.37
COMPUTE,3,0,3,8.04,22.79
FILE,2,1,13,23.23,30.51
EMAIL,5,0,3,11.48,21.71
DATABASE,1,0,9,29.52,39.49
REST,5,3,11,1.48,20.13
COMPUTE,2,1,8,22.7,39.64
FILE,2,2,16,7.76,21.1
COMPUTE,5,0,4,22.64,39.78
EMAIL,2,2,13,9.51,21.74
DATABASE,4,1,4,25.96,41.73
COMPUTE,5,2,17,6.38,29.05
FILE,4,0,11,29.22,38.68
REST,4,1,6,3.93,15.06
FILE,1,0,10,26.35,32.61
DATABASE,0,1,6,18.05,26.2
REST,5,0,12,13.06,26.07
DATABASE,4,1,13,17.74,33.21
FILE,2,1,4,2.96,9.29
FILE,2,3,13,9.18,20.61
COMPUTE,3,1,15,15.41,33.1
FILE,1,1,10,9.67,14.55
EMAIL,2,2,11,22.59,31.77
FILE,5,2,8,21.44,34.37
FILE,2,0,10,8.37,14.15
REST,5,2,13,20.65,37.88
FILE,4,2,8,23.26,36.81
DATABASE,5,0,8,23.97,37.57
FILE,0,1,10,16.7,20.06
DATABASE,3,1,9,22.09,37.83
COMPUTE,4,1,12,26.67,47.61
FILE,5,1,5,29.19,40.01
REST,4,1,13,18.24,32.43
FILE,3,2,8,22.45,35.06
EMAIL,2,2,16,9.66,21.82
DATABASE,5,3,4,5.7,25.31
EMAIL,5,1,16,18.96,33.09
EMAIL,0,0,17,25.97,29.32
COMPUTE,1,2,7,7.82,25.39
REST,4,3,13,3.56,23.43
EMAIL,1,2,11,1.05,11.76
EMAIL,1,3,15,1.28,11.51
EMAIL,0,3,20,5.86,18.87
EMAIL,5,0,3,23.57,32.44
COMPUTE,3,2,15,1.78,22.44
REST,3,3,19,2.47,19.0
EMAIL,5,0,4,11.66,18.83
DATABASE,4,2,16,16.2,35.89
EMAIL,3,2,11,14.35,26.85
COMPUTE,4,1,11,29.92,47.86
EMAIL,4,2,11,19.65,33.01
COMPUTE,3,2,11,21.74,39.98
FILE,0,3,3,4.52,12.55
FILE,1,2,18,18.83,27.87
REST,0,0,15,24.79,32.16
FILE,2,3,10,19.23,31.85
EMAIL,4,2,19,7.4,21.82
EMAIL,5,1,11,8.2,21.14
COMPUTE,4,0,3,21.36,36.55
EMAIL,3,0,18,10.43,20.28
DATABASE,4,2,11,7.49,26.1
COMPUTE,5,3,20,11.21,39.16
REST,4,2,12,5.54,21.52
DATABASE,3,3,4,29.27,46.38
COMPUTE,1,3,12,11.03,30.93
COMPUTE,1,2,17,19.99,37.85
EMAIL,2,2,19,2.57,15.37
REST,2,3,14,15.41,31.28
REST,4,1,19,22.62,37.18
COMPUTE,3,0,11,2.05,18.06
REST,5,1,16,23.45,38.47
EMAIL,4,1,11,20.69,30.85
COMPUTE,5,1,4,3.25,20.48
REST,0,1,20,13.59,24.68
EMAIL,2,3,5,3.23,13.14
FILE,1,1,12,7.09,13.3
REST,4,3,5,8.21,23.15
DATABASE,5,2,11,25.7,44.05
DATABASE,1,2,20,25.87,41.63
COMPUTE,4,2,16,4.43,29.0
DATABASE,3,2,10,19.29,35.68
EMAIL,3,1,13,10.02,21.49
FILE,0,0,19,4.09,11.55
REST,5,0,8,15.22,28.68
REST,5,2,6,11.51,27.13
EMAIL,3,0,20,19.24,29.85
FILE,5,3,3,29.77,42.9
EMAIL,0,1,20,8.26,16.57
DATABASE,3,1,7,2.75,17.47
REST,1,0,10,25.24,32.37
FILE,5,3,9,22.3,36.83
EMAIL,5,2,7,19.49,34.44
EMAIL,5,3,8,6.78,22.12
EMAIL,5,3,20,15.61,36.24
FILE,4,2,14,22.68,35.03
REST,0,2,18,4.56,17.37
EMAIL,3,1,12,4.25,13.42
REST,2,1,12,4.83,14.17
COMPUTE,2,2,15,7.09,28.26
COMPUTE,1,1,10,16.7,31.32
DATABASE,5,0,6,27.81,40.88
FILE,3,1,18,26.04,36.07
EMAIL,1,1,7,12.57,19.23
DATABASE,4,1,18,19.87,38.78
DATABASE,3,3,6,18.11,37.18
REST,5,3,5,26.44,44.63
COMPUTE,3,1,7,16.42,33.4
DATABASE,1,0,5,1.86,11.1
REST,0,1,12,21.7,28.27
DATABASE,3,0,14,16.06,29.35
EMAIL,3,3,20,4.65,20.38
DATABASE,1,3,19,28.33,47.02
FILE,5,1,13,7.66,22.28
COMPUTE,0,0,16,6.85,18.96
COMPUTE,5,2,8,3.83,24.48
DATABASE,0,2,6,27.39,39.83
COMPUTE,0,3,20,7.54,29.22
EMAIL,1,0,7,13.32,17.06
REST,4,1,12,9.24,24.65
REST,1,0,9,2.87,8.82
COMPUTE,5,0,11,9.61,28.86
REST,0,3,17,5.21,16.9
DATABASE,0,3,3,5.55,18.74
COMPUTE,3,3,15,11.99,34.25
DATABASE,1,3,14,20.11,38.13
REST,4,3,10,5.98,21.95
DATABASE,4,1,3,5.42,20.82
FILE,5,3,8,23.89,41.48
FILE,3,3,4,3.0,13.42
COMPUTE,1,3,10,19.26,38.61
COMPUTE,1,3,20,20.62,42.74
REST,4,0,19,29.62,42.92
REST,2,0,7,5.89,14.47
REST,0,1,13,19.3,26.4
EMAIL,1,0,14,9.41,17.06
DATABASE,5,2,5,7.92,25.41
REST,5,1,11,4.87,19.76
FILE,0,2,6,5.36,12.54
EMAIL,5,3,13,8.68,27.32
FILE,3,2,7,13.06,25.1
DATABASE,4,1,10,7.83,21.85
REST,4,1,19,5.11,22.7
REST,0,1,20,2.46,11.49
COMPUTE,2,1,20,11.56,32.33
EMAIL,5,1,9,16.6,29.77
EMAIL,2,2,14,25.27,35.73
FILE,3,0,19,3.62,12.23
REST,1,1,16,29.19,41.45
REST,5,3,17,14.76,34.46
COMPUTE,5,0,20,8.8,31.52
FILE,4,3,18,22.98,42.15
REST,1,3,15,2.09,16.71
DATABASE,3,2,11,13.6,31.08
FILE,2,0,13,15.6,21.4
DATABASE,4,1,9,6.84,23.88
EMAIL,0,2,6,21.22,27.74
DATABASE,3,0,15,26.24,42.11
COMPUTE,5,3,10,28.48,52.59
COMPUTE,1,0,16,29.61,43.09
DATABASE,5,2,6,22.54,39.16
COMPUTE,4,0,13,1.2,20.32
COMPUTE,4,3,3,26.77,46.63
DATABASE,4,3,12,5.44,25.64
FILE,1,0,15,7.84,12.21
REST,3,1,10,21.1,32.71
REST,5,0,11,22.14,35.93
COMPUTE,3,1,20,18.21,36.99
COMPUTE,3,2,15,2.33,22.11
COMPUTE,3,0,8,18.43,34.22
REST,2,2,6,22.17,32.23
COMPUTE,5,1,9,19.92,41.06
FILE,1,3,15,26.23,39.46
COMPUTE,2,1,15,21.09,36.82
REST,0,3,14,23.01,33.26
COMPUTE,5,2,12,7.78,30.81
COMPUTE,1,1,15,11.95,28.71
COMPUTE,4,0,3,24.94,40.77
FILE,3,1,13,14.44,23.07
DATABASE,0,2,12,11.68,25.7
EMAIL,2,3,16,15.88,30.59
EMAIL,1,2,17,3.8,14.98
COMPUTE,0,2,12,12.3,27.22
FILE,2,0,16,15.9,22.04
EMAIL,4,1,8,8.45,19.95
DATABASE,3,3,12,24.71,42.36
COMPUTE,2,1,5,13.11,29.35
COMPUTE,1,0,3,13.93,25.35
DATABASE,0,1,7,2.43,10.06
FILE,2,2,12,3.58,13.56
FILE,0,3,5,29.59,38.47
EMAIL,1,2,16,22.37,32.35
FILE,0,3,13,8.12,16.46
REST,5,0,12,6.18,18.97
REST,4,1,16,7.44,23.57
EMAIL,5,1,4,8.87,18.85
DATABASE,0,0,19,8.79,18.3
REST,5,0,17,24.46,40.26
COMPUTE,1,3,7,6.06,22.36
REST,5,0,10,15.46,28.82
DATABASE,4,1,9,21.28,35.02
COMPUTE,5,2,14,19.21,41.51
EMAIL,2,1,15,14.22,22.21
REST,0,0,11,19.4,26.1
FILE,0,0,7,28.18,29.7
REST,2,3,6,19.48,34.21
EMAIL,2,1,20,11.43,23.12
EMAIL,1,2,6,6.65,13.73
EMAIL,0,3,20,26.89,39.28
EMAIL,5,2,20,18.04,36.9
REST,0,2,16,11.62,23.93
FILE,2,3,8,19.83,31.16
DATABASE,0,2,17,15.39,28.2
FILE,5,0,11,19.81,29.6
DATABASE,3,1,5,9.59,21.84
REST,0,1,13,9.95,17.62
EMAIL,0,1,10,13.35,20.09
EMAIL,1,2,10,24.2,31.92
REST,0,3,11,23.27,36.45
COMPUTE,1,3,4,13.43,29.17
FILE,2,0,13,11.43,18.84
REST,5,2,16,13.21,32.39
FILE,0,0,4,23.54,24.28
FILE,4,1,15,2.57,13.84
DATABASE,2,3,20,12.61,34.43
DATABASE,0,0,3,19.21,26.6
REST,3,0,5,24.94,31.38
EMAIL,3,3,14,19.07,32.77
COMPUTE,1,2,15,4.94,23.64
DATABASE,3,0,11,27.62,40.42
FILE,0,2,11,5.22,13.34
DATABASE,3,0,20,25.5,41.34
EMAIL,0,0,19,11.19,16.32
REST,5,0,12,16.15,28.84
COMPUTE,4,1,3,12.08,29.9
FILE,0,2,15,14.31,22.46
FILE,2,3,5,6.56,15.44
DATABASE,3,2,9,12.5,27.11
DATABASE,2,2,8,13.72,28.39
EMAIL,5,2,14,26.39,41.53
DATABASE,2,3,15,27.96,47.97
REST,4,3,10,9.66,24.71
FILE,2,3,15,7.38,22.35
REST,0,1,6,21.45,27.9
EMAIL,1,0,6,15.42,19.72
DATABASE,2,1,17,12.23,25.58
REST,0,3,15,2.85,13.38
FILE,4,1,19,25.36,37.13
EMAIL,4,2,18,21.44,37.91
EMAIL,4,2,19,12.97,30.04
EMAIL,3,3,19,24.57,42.14
REST,4,3,5,18.58,33.94
COMPUTE,2,3,11,4.01,23.59
EMAIL,2,1,16,24.52,34.58
FILE,3,3,7,14.19,25.63
COMPUTE,3,1,19,10.1,31.07
EMAIL,1,0,11,22.39,28.26
REST,1,2,13,19.21,31.65
EMAIL,5,2,15,25.1,41.55
EMAIL,5,3,3,1.52,17.64
EMAIL,4,2,20,3.17,20.21
EMAIL,3,1,5,14.51,22.26
FILE,2,2,13,26.25,36.0
COMPUTE,5,3,17,23.86,48.75
FILE,3,1,16,23.17,32.73
COMPUTE,2,0,16,6.75,24.11
EMAIL,2,2,8,21.87,32.81
COMPUTE,3,0,13,29.86,44.82
COMPUTE,1,2,17,29.44,49.97
EMAIL,4,2,6,24.6,37.03
FILE,4,0,11,2.71,12.8
FILE,0,0,18,24.19,29.64
DATABASE,1,2,17,2.08,17.33
EMAIL,4,3,12,4.94,21.68
FILE,0,0,3,23.57,24.39
EMAIL,5,0,11,16.28,26.78
REST,5,2,9,20.62,36.17
FILE,2,0,17,21.31,29.82
DATABASE,4,1,15,16.26,33.79
FILE,5,0,18,8.34,20.24
REST,5,1,4,1.73,13.87
REST,5,1,14,28.18,43.26
REST,2,3,3,11.38,22.77
FILE,2,1,16,27.13,38.66
EMAIL,3,2,6,3.67,15.76
REST,0,0,9,8.45,11.45
FILE,1,1,18,19.46,27.93
FILE,1,0,14,3.97,7.82
EMAIL,1,3,15,19.66,33.12
REST,1,3,19,27.71,42.59
COMPUTE,3,1,6,28.93,45.63
REST,1,0,15,5.49,14.12
COMPUTE,4,3,20,28.01,52.88
COMPUTE,0,1,14,7.07,23.18
FILE,1,2,7,28.26,37.62
EMAIL,1,0,19,5.57,12.43
REST,4,1,14,3.49,18.01
FILE,2,0,11,21.88,26.2
FILE,1,3,5,25.62,36.18
REST,5,3,8,2.55,19.26
FILE,4,0,8,11.23,20.28
REST,4,2,8,15.88,30.01
FILE,0,1,8,1.62,5.62
COMPUTE,1,2,10,4.3,18.86
DATABASE,3,2,14,28.14,45.12
FILE,1,0,7,10.98,15.25
COMPUTE,5,0,5,24.54,42.49
FILE,2,2,20,12.6,26.05
EMAIL,1,0,19,8.69,17.1
REST,3,0,6,26.13,32.96
FILE,0,1,11,23.7,28.76
EMAIL,4,2,11,16.22,29.28
FILE,2,3,13,7.55,18.72
COMPUTE,0,0,6,24.34,33.08
COMPUTE,1,0,12,20.58,34.75
DATABASE,3,0,17,12.4,28.59
COMPUTE,4,2,12,12.26,32.42
REST,0,3,6,2.14,13.58
FILE,5,1,18,21.77,37.36
FILE,0,1,3,28.13,31.6
DATABASE,1,3,14,21.3,37.91
REST,4,0,14,19.61,31.45
REST,1,0,20,29.75,37.81
REST,1,2,13,15.82,27.44
FILE,4,3,7,2.14,17.37
REST,3,0,4,11.67,18.49
FILE,1,1,16,12.56,21.85
FILE,0,1,12,16.14,20.8
COMPUTE,3,2,15,5.13,25.23
FILE,0,0,17,26.49,30.65
REST,0,3,9,12.81,23.31
EMAIL,3,2,19,1.65,16.68
FILE,4,0,11,20.59,28.12
EMAIL,5,0,14,10.87,23.42
REST,0,0,14,12.67,20.52
EMAIL,5,0,19,7.04,20.57
COMPUTE,5,0,3,9.8,28.02
EMAIL,0,1,3,2.89,3.83
DATABASE,4,0,3,12.5,24.91
DATABASE,1,1,19,29.19,43.58
REST,3,3,11,27.79,43.92
REST,3,3,7,11.2,26.8
DATABASE,5,2,15,27.27,48.56
REST,4,0,15,4.15,16.15
REST,5,3,10,28.42,47.45
FILE,3,0,9,3.51,9.83
DATABASE,3,1,16,15.22,30.73
EMAIL,4,0,9,21.64,31.68
EMAIL,5,0,11,10.14,19.14
REST,5,2,19,11.18,29.75
REST,1,3,19,24.66,38.62
REST,3,2,6,17.3,29.72
REST,3,2,3,17.51,29.06
DATABASE,2,1,11,15.95,28.02
DATABASE,0,3,5,3.71,15.51
FILE,0,3,4,15.02,24.06
EMAIL,5,2,10,27.09,42.26
COMPUTE,4,0,3,18.76,33.39
REST,2,2,13,20.74,35.63
COMPUTE,5,0,14,14.95,34.89
DATABASE,0,2,7,26.56,37.49
COMPUTE,2,2,4,9.61,25.3
EMAIL,2,3,12,26.86,41.15
FILE,1,2,5,2.78,11.03
DATABASE,1,3,11,29.18,43.41
EMAIL,3,3,17,21.13,34.93
EMAIL,0,0,20,16.41,23.67
DATABASE,2,0,19,24.61,37.0
COMPUTE,3,2,17,25.99,45.76
COMPUTE,1,3,13,5.8,26.78
REST,1,0,17,25.86,34.85
EMAIL,0,2,16,13.34,20.21
DATABASE,5,1,20,16.26,35.14
COMPUTE,2,1,12,27.0,45.43
FILE,2,2,18,24.75,36.13
REST,2,1,18,5.29,16.0
REST,3,1,5,28.54,38.73
DATABASE,1,2,20,22.32,39.84
COMPUTE,5,2,12,25.98,48.91
EMAIL,5,1,14,4.76,17.92
DATABASE,3,0,19,13.93,27.8
REST,2,2,20,29.41,43.52
COMPUTE,2,3,5,18.81,35.96
REST,0,1,11,1.09,6.39
FILE,1,2,13,4.22,13.27
EMAIL,5,3,16,22.59,42.42
FILE,1,1,16,4.59,13.68
REST,0,0,14,20.79,28.41
COMPUTE,5,3,6,29.5,53.94
COMPUTE,1,1,14,4.19,18.33
REST,2,1,11,3.01,12.1
FILE,4,0,14,1.18,10.55
REST,2,1,19,19.84,33.78
EMAIL,1,1,19,9.37,19.57
COMPUTE,1,0,16,11.69,24.94
COMPUTE,0,3,14,16.45,35.05
COMPUTE,5,2,9,10.41,34.47
DATABASE,1,0,20,20.09,31.59
EMAIL,4,3,16,11.32,28.6
EMAIL,2,1,19,24.11,35.15
EMAIL,4,1,5,22.55,31.29
EMAIL,3,3,12,12.17,27.88
FILE,1,2,4,8.6,14.53
COMPUTE,5,3,8,22.91,47.8
EMAIL,2,1,13,25.25,32.94
REST,2,0,12,2.34,12.39
EMAIL,3,0,4,26.32,30.61
EMAIL,2,1,3,25.84,31.63
REST,2,2,16,26.16,39.8
DATABASE,2,1,5,14.4,24.72
DATABASE,0,2,19,28.54,43.16
EMAIL,3,0,12,10.44,19.25
REST,4,2,12,17.62,33.86
FILE,0,1,4,16.28,21.04
EMAIL,1,2,5,11.99,19.98
FILE,1,1,18,17.88,28.1
FILE,1,3,12,6.67,17.8
DATABASE,0,3,19,18.86,36.77
EMAIL,0,1,9,23.52,28.01
DATABASE,2,3,12,4.87,23.02
COMPUTE,4,0,12,2.46,19.82
FILE,2,3,8,5.8,15.84
DATABASE,5,3,13,19.0,40.45
EMAIL,4,0,8,2.78,9.36
EMAIL,5,1,8,9.82,23.57
EMAIL,2,2,18,8.83,20.1
EMAIL,5,3,15,21.88,41.74
COMPUTE,4,0,17,15.67,34.29
COMPUTE,5,3,19,6.24,34.03
FILE,2,0,6,20.79,25.66
EMAIL,1,2,13,20.03,28.2
COMPUTE,5,2,4,4.29,23.94
COMPUTE,1,3,10,12.21,30.95
EMAIL,4,2,17,24.35,37.8
DATABASE,0,1,12,22.56,34.91
FILE,5,1,12,16.77,28.85
DATABASE,1,1,7,24.57,36.34
COMPUTE,2,1,4,6.35,21.92
FILE,0,3,8,11.62,20.25
EMAIL,4,3,9,27.35,42.55
REST,1,3,11,3.51,17.74
DATABASE,4,3,6,13.69,32.46
REST,4,0,8,28.98,37.46
DATABASE,2,0,9,12.52,24.87
DATABASE,3,3,12,22.25,42.18
COMPUTE,1,0,19,19.48,35.35
EMAIL,0,0,20,8.43,15.56
REST,0,1,8,9.91,15.89
FILE,1,3,14,11.13,22.37
FILE,1,1,7,3.13,8.93
EMAIL,1,0,11,27.66,31.09
COMPUTE,0,1,13,11.88,27.13
FILE,0,3,18,26.57,38.35
DATABASE,1,0,18,15.09,26.1
COMPUTE,3,2,14,26.98,48.85
COMPUTE,3,3,16,8.9,32.67
FILE,2,2,17,8.67,19.43
FILE,4,1,4,12.57,23.18
COMPUTE,5,1,17,9.12,30.39
FILE,1,1,6,16.94,22.92
COMPUTE,2,2,5,9.07,25.78
DATABASE,2,3,12,6.55,23.35
COMPUTE,5,2,16,24.09,49.2
REST,4,1,6,14.75,28.02
REST,1,1,18,12.1,24.95
EMAIL,3,2,15,13.82,26.7
COMPUTE,0,3,16,15.3,35.56
EMAIL,1,1,19,29.93,41.04
REST,1,0,17,12.32,20.97
EMAIL,5,2,9,4.91,19.12
DATABASE,2,2,6,23.72,39.51
DATABASE,5,0,19,27.46,44.71
DATABASE,5,0,16,28.35,44.83
REST,5,1,12,4.63,18.71
FILE,3,1,8,26.06,34.71
EMAIL,2,0,7,24.04,27.88
DATABASE,5,0,6,2.36,15.33
EMAIL,5,3,19,7.79,28.39
EMAIL,0,3,5,13.67,19.48
COMPUTE,3,1,4,1.86,19.3
COMPUTE,2,1,11,8.44,25.55
COMPUTE,3,0,6,27.11,42.03
EMAIL,3,1,16,6.64,18.89
FILE,5,3,19,7.9,28.29
FILE,0,0,14,28.08,31.29
COMPUTE,0,2,9,14.52,28.85
REST,1,1,3,19.36,25.13
EMAIL,4,2,15,4.29,17.67
REST,4,1,5,9.53,20.75
REST,3,1,15,17.95,30.67
EMAIL,4,1,13,23.56,35.5
DATABASE,3,1,7,5.29,19.45
REST,5,3,11,7.07,25.2
REST,2,3,3,27.43,39.07
EMAIL,2,3,3,26.3,37.74
FILE,2,2,3,22.4,32.22
DATABASE,1,3,6,18.5,32.63
DATABASE,5,1,8,12.59,30.99
EMAIL,1,3,8,20.59,31.61
EMAIL,3,1,6,12.05,19.61
COMPUTE,0,1,13,19.74,34.84
DATABASE,1,2,3,13.42,25.94
REST,1,0,13,19.29,24.95
EMAIL,5,1,18,14.85,30.05
FILE,2,2,20,19.25,30.49
DATABASE,5,2,16,25.15,46.29
FILE,0,1,9,9.12,12.88
COMPUTE,5,0,5,6.35,22.44
EMAIL,3,1,18,21.46,35.29
EMAIL,1,1,12,15.51,21.0
FILE,0,0,10,2.06,6.36
FILE,0,0,12,28.29,30.42
COMPUTE,4,3,19,8.42,33.2
COMPUTE,3,3,7,23.26,42.34
COMPUTE,5,3,15,18.97,44.42
REST,1,3,5,23.61,36.33
COMPUTE,5,1,5,3.88,22.15
FILE,5,0,18,15.92,28.94
COMPUTE,0,2,18,14.32,30.74
FILE,0,1,3,19.84,20.91
FILE,4,3,20,29.85,46.51
REST,1,2,16,3.53,17.55
COMPUTE,0,3,20,25.98,44.99
REST,2,3,9,28.73,41.54
DATABASE,5,0,19,5.18,24.35
DATABASE,1,1,7,20.1,29.74
EMAIL,5,0,12,14.06,23.38
REST,2,3,6,19.35,30.36
EMAIL,4,0,4,25.51,31.1
EMAIL,5,2,19,26.06,41.71
DATABASE,3,0,7,28.97,39.87
DATABASE,2,1,6,21.72,33.62
REST,2,2,8,18.57,29.98
EMAIL,4,2,3,28.28,40.0
REST,4,2,4,29.31,41.25
COMPUTE,0,2,17,3.88,20.76
REST,1,1,13,12.03,19.65
DATABASE,3,1,10,28.56,41.34
COMPUTE,0,1,13,17.24,32.55
DATABASE,5,3,20,19.95,46.2
COMPUTE,4,3,14,1.27,23.68
REST,4,0,18,29.1,40.77
EMAIL,4,2,17,8.33,24.25
REST,4,0,17,26.16,38.1
REST,4,0,5,15.17,25.41
REST,0,0,9,5.17,11.67
EMAIL,3,2,13,11.0,25.24
REST,3,1,6,4.9,15.57
COMPUTE,5,2,12,13.02,35.89
COMPUTE,0,0,10,19.37,28.6
COMPUTE,3,2,11,17.3,36.61
DATABASE,3,0,13,22.05,37.05
REST,2,2,14,2.16,16.44
EMAIL,3,2,13,16.69,29.69
DATABASE,3,2,4,3.37,16.64
DATABASE,5,1,20,28.3,48.01
EMAIL,5,0,20,12.85,25.05
EMAIL,3,1,5,4.91,12.18
FILE,4,0,18,14.67,25.73
COMPUTE,4,0,9,21.16,37.31
DATABASE,2,0,20,7.49,21.36
REST,5,0,3,6.86,16.01
DATABASE,2,1,20,12.78,30.61
DATABASE,1,3,7,15.94,31.39
FILE,5,0,13,10.63,20.92
COMPUTE,4,2,14,13.55,37.1
EMAIL,5,0,12,18.07,30.46
REST,0,3,9,15.05,27.08
DATABASE,4,2,3,6.91,21.66
DATABASE,0,0,13,10.06,18.73
REST,4,2,12,17.74,35.09
FILE,3,2,8,11.12,21.51
REST,3,2,5,29.65,39.9
DATABASE,4,1,3,3.2,18.89
DATABASE,2,1,7,18.71,29.03
REST,2,0,3,28.99,34.29
COMPUTE,5,0,19,19.92,42.45
REST,0,3,16,17.69,32.09
COMPUTE,5,3,18,7.9,34.87
DATABASE,4,2,11,5.26,21.91
COMPUTE,1,2,20,20.57,41.28
DATABASE,0,2,7,19.01,29.86
COMPUTE,4,1,4,28.8,44.49
REST,0,0,13,29.82,33.91
DATABASE,2,0,10,1.02,11.33
FILE,2,2,19,10.68,22.61
EMAIL,4,3,15,24.39,38.98
EMAIL,4,1,12,12.84,23.82
DATABASE,0,3,15,20.43,36.22
COMPUTE,1,2,6,20.24,35.01
DATABASE,2,1,12,23.99,38.43
COMPUTE,3,2,3,5.29,20.97
REST,2,3,19,1.7,17.16
REST,0,0,6,8.71,13.75
COMPUTE,5,0,14,24.8,42.67
FILE,4,3,10,9.99,23.52
EMAIL,1,2,5,20.8,29.01
EMAIL,5,3,7,19.31,33.42
REST,1,1,16,6.69,16.7
REST,4,3,19,4.01,25.06
DATABASE,4,1,4,22.94,38.02
DATABASE,0,2,3,19.73,28.02
REST,5,0,11,20.08,32.6
REST,1,0,19,4.64,13.8
FILE,4,0,15,4.79,13.5
REST,2,1,10,27.78,38.53
EMAIL,0,0,9,11.46,14.48
FILE,1,1,5,27.0,30.64
DATABASE,5,2,4,7.79,24.61
REST,1,0,12,1.96,9.26
DATABASE,5,3,9,5.52,25.33
EMAIL,5,1,10,7.53,18.64
REST,5,3,18,27.26,46.96
COMPUTE,4,3,7,5.06,27.21
REST,5,3,15,15.1,36.12
DATABASE,0,0,12,29.37,38.23
EMAIL,0,3,20,25.25,35.78
COMPUTE,1,2,17,13.86,30.95
FILE,2,0,16,1.48,10.39
DATABASE,5,1,6,14.16,30.05
EMAIL,0,1,6,12.75,18.27
DATABASE,2,1,3,1.56,13.51
FILE,0,0,18,18.03,23.69
EMAIL,4,3,7,13.72,27.14
REST,5,1,9,19.21,33.7
FILE,0,3,6,13.44,22.18
REST,0,0,13,26.56,33.84
EMAIL,3,1,5,21.93,31.89
COMPUTE,5,0,8,4.56,21.55
FILE,5,2,6,23.61,36.18
COMPUTE,3,0,4,22.57,36.34
FILE,4,0,5,11.18,17.45
DATABASE,1,2,17,5.14,19.71
REST,2,0,6,22.48,28.71
DATABASE,3,1,7,23.82,36.68
COMPUTE,4,1,12,9.28,26.99
COMPUTE,1,2,10,14.44,31.37
REST,4,1,15,11.22,27.01
DATABASE,3,0,12,15.56,29.73
FILE,2,0,9,28.8,35.27
REST,5,1,10,22.6,37.34
DATABASE,4,2,7,19.15,34.77
FILE,4,2,19,10.37,25.86
DATABASE,2,3,13,11.44,29.35
EMAIL,2,3,5,3.47,12.19
EMAIL,2,3,9,20.39,33.05
COMPUTE,0,3,13,15.62,33.05
REST,5,0,5,16.99,26.96
REST,1,0,6,4.12,9.98
COMPUTE,0,3,17,29.3,47.79
COMPUTE,1,2,8,24.71,40.1
COMPUTE,4,1,17,22.56,45.61
FILE,0,3,19,19.04,30.47
FILE,2,0,5,26.89,30.6
REST,2,3,18,9.06,24.26
DATABASE,2,1,13,1.34,14.46
COMPUTE,0,3,3,5.78,19.07
FILE,4,2,16,21.32,37.78
EMAIL,5,3,8,15.97,31.06
COMPUTE,3,2,10,17.88,37.51
REST,0,1,19,12.23,22.35
REST,3,3,13,16.93,34.78
COMPUTE,3,1,14,12.45,33.12
EMAIL,5,3,6,25.91,41.5
DATABASE,4,0,13,4.73,20.05
COMPUTE,4,0,14,15.13,34.57
EMAIL,4,1,5,26.72,35.93
DATABASE,0,1,7,16.76,25.49
DATABASE,2,1,18,2.22,17.63
FILE,1,2,15,2.49,11.21
COMPUTE,2,1,6,3.43,17.88
EMAIL,2,3,8,21.72,31.61
REST,1,0,11,14.82,23.3
COMPUTE,3,0,16,10.2,27.04
EMAIL,3,0,12,14.27,23.0
REST,0,3,12,7.48,18.81
FILE,2,3,9,26.88,37.63
REST,1,0,15,6.42,16.03
FILE,1,0,9,22.02,27.21
EMAIL,1,2,12,4.4,15.06
EMAIL,2,2,9,12.64,22.0
FILE,3,0,12,29.2,35.62
FILE,4,2,11,28.3,43.02
FILE,3,2,18,17.26,29.25
EMAIL,2,2,3,22.12,30.21
EMAIL,2,2,4,7.04,14.04
REST,3,2,3,25.5,36.3
DATABASE,5,1,16,15.14,35.33
EMAIL,0,2,14,27.22,33.92
REST,2,2,16,25.5,38.18
FILE,2,1,3,5.73,11.29
EMAIL,0,2,17,10.89,18.39
DATABASE,2,0,14,26.32,37.14
COMPUTE,1,0,13,14.61,27.88
REST,3,1,10,9.38,21.43
FILE,5,3,16,12.61,29.49
REST,3,0,17,4.92,18.47
EMAIL,2,0,18,13.26,20.58
EMAIL,2,1,18,20.22,31.55
REST,0,2,6,8.86,15.25
FILE,1,2,5,14.36,23.04
DATABASE,4,2,16,14.39,35.7
FILE,3,1,13,24.74,33.44
REST,0,3,9,7.18,18.49
DATABASE,0,3,17,27.9,42.48
FILE,5,2,5,5.73,20.02
DATABASE,3,2,10,20.24,37.34
EMAIL,1,2,14,10.19,19.96
COMPUTE,2,1,7,26.04,40.27
DATABASE,2,0,15,9.69,20.95
EMAIL,2,1,6,27.21,34.45
EMAIL,4,2,14,10.15,26.14
EMAIL,4,1,19,28.33,42.07
FILE,1,2,14,27.17,35.2
EMAIL,0,3,9,28.15,38.37
COMPUTE,2,3,14,11.63,31.31
REST,4,1,6,11.17,21.18
EMAIL,0,3,9,19.29,26.81
REST,5,3,9,1.17,18.37
EMAIL,3,3,11,9.89,23.26
COMPUTE,1,1,15,24.99,41.86
EMAIL,1,0,19,19.32,26.85
DATABASE,3,1,8,1.24,14.89
DATABASE,1,2,14,25.46,39.82
DATABASE,2,0,6,2.31,11.65
EMAIL,5,0,14,5.25,15.89
DATABASE,0,1,4,15.57,25.4
COMPUTE,2,1,9,13.85,30.62
FILE,4,2,8,1.38,13.62
FILE,3,2,13,11.12,25.4
REST,2,3,20,21.58,38.89
DATABASE,3,0,7,5.31,17.2
DATABASE,0,1,10,29.1,39.46
REST,2,0,17,11.63,22.0
COMPUTE,2,2,20,9.23,31.41
COMPUTE,4,0,13,17.16,34.3
REST,5,0,18,12.87,25.79
EMAIL,2,1,10,21.39,30.79
EMAIL,0,1,11,21.72,28.34
DATABASE,0,3,18,17.22,34.97
REST,0,0,14,9.37,14.72
DATABASE,0,2,4,24.28,33.22
REST,4,3,14,26.37,46.47
FILE,4,2,5,24.4,35.29
FILE,5,1,17,18.76,31.56
FILE,2,1,11,7.13,15.1
COMPUTE,2,3,14,1.26,21.76
DATABASE,4,1,18,18.59,36.84
EMAIL,4,2,17,18.74,32.01
REST,0,3,8,23.94,32.7
REST,3,3,18,27.37,46.17
DATABASE,0,2,16,12.61,25.37
DATABASE,1,3,6,13.32,28.62
REST,0,0,3,28.4,30.52
DATABASE,4,2,12,19.26,36.94
DATABASE,5,0,4,17.63,33.02
REST,2,1,19,13.95,28.56
DATABASE,4,1,8,5.94,20.91
COMPUTE,2,0,14,21.02,37.77
COMPUTE,4,2,13,29.25,53.04
DATABASE,1,3,18,19.42,37.96
FILE,3,2,14,11.74,23.69
FILE,4,3,18,14.51,32.89
REST,4,1,16,14.68,29.0
DATABASE,3,2,15,2.71,22.55
COMPUTE,3,1,5,7.06,23.09
FILE,3,0,11,20.79,29.71
EMAIL,5,1,16,27.57,40.99
EMAIL,4,0,15,1.41,10.63
DATABASE,3,2,12,4.45,21.8
COMPUTE,1,1,15,22.78,39.61
REST,1,0,7,27.06,32.66
COMPUTE,0,0,15,11.82,24.64
FILE,1,1,7,7.18,12.65
DATABASE,3,2,14,6.84,25.37
EMAIL,3,2,8,5.43,16.99
REST,4,2,8,15.9,32.13
REST,1,0,13,23.11,28.7
FILE,2,2,18,29.13,40.93
DATABASE,3,3,13,20.95,40.17
FILE,2,3,3,10.12,21.41
COMPUTE,2,0,16,19.6,36.85
EMAIL,0,2,7,28.46,35.04
COMPUTE,4,3,12,11.51,37.05
DATABASE,2,1,17,11.53,25.86
EMAIL,4,0,13,1.27,10.75
DATABASE,1,2,14,11.28,24.69
COMPUTE,4,2,20,14.36,38.21
REST,2,2,15,22.87,36.8
REST,5,2,12,23.81,39.36
REST,0,2,3,5.26,13.4
REST,2,1,10,9.79,19.17
EMAIL,3,0,20,22.54,32.51
DATABASE,3,2,4,10.25,24.68
REST,1,3,10,28.95,41.12
REST,0,0,17,4.16,12.37
FILE,0,3,19,6.34,16.91
FILE,4,2,7,25.4,35.51
DATABASE,2,3,11,9.0,28.25
FILE,2,2,11,23.51,34.07
DATABASE,3,3,15,7.12,27.26
EMAIL,5,2,5,6.12,20.28
COMPUTE,4,3,12,13.79,37.32
DATABASE,2,1,10,25.66,39.51
REST,5,2,3,23.65,37.55
DATABASE,3,2,14,24.7,42.16
COMPUTE,4,0,11,3.23,18.6
EMAIL,2,3,16,19.18,32.05
COMPUTE,1,2,10,2.18,19.02
REST,0,1,14,10.5,19.77
REST,2,0,8,3.87,9.59
FILE,0,1,19,25.46,33.58
EMAIL,3,0,5,8.55,13.84
EMAIL,3,0,10,23.67,29.26
FILE,4,1,14,13.06,25.86
EMAIL,5,0,15,6.27,20.02
COMPUTE,4,2,3,7.4,26.24
FILE,4,2,13,5.7,20.85
REST,1,0,16,20.08,28.91
DATABASE,4,2,16,24.96,45.37
DATABASE,0,0,8,8.15,15.01
REST,4,1,15,26.5,42.49
FILE,3,2,7,26.99,36.98
REST,4,1,7,17.95,31.65
FILE,0,1,8,12.26,18.19
FILE,2,3,9,19.58,32.35
EMAIL,0,3,11,9.19,16.62
FILE,5,2,16,24.24,41.75
FILE,4,3,16,13.34,31.72
EMAIL,1,0,13,15.65,19.22
COMPUTE,1,3,5,1.76,16.97
FILE,1,2,7,3.67,11.86
REST,4,0,4,29.71,38.09
REST,4,1,4,10.15,21.55
REST,4,2,16,1.32,18.68
DATABASE,4,2,18,1.3,21.86
COMPUTE,4,3,5,23.16,46.5
EMAIL,4,1,16,11.67,24.8
FILE,0,0,14,18.16,22.23
COMPUTE,4,3,18,16.23,40.48
COMPUTE,1,0,10,23.36,34.38
FILE,5,2,7,4.05,16.9
EMAIL,3,0,7,4.03,10.82
FILE,4,2,16,24.37,40.26
FILE,5,3,8,12.49,30.1
COMPUTE,5,2,19,29.05,54.15
DATABASE,3,1,17,26.66,44.31
EMAIL,3,0,4,24.55,29.13
FILE,4,1,9,2.46,12.32
DATABASE,3,2,13,29.04,47.97
DATABASE,5,1,9,27.16,42.59
DATABASE,2,1,11,11.38,25.04
DATABASE,5,3,7,29.08,50.23
COMPUTE,5,3,13,1.62,28.18
REST,2,3,18,1.64,16.83
DATABASE,5,2,19,22.21,44.66
REST,3,3,6,7.55,20.68
COMPUTE,2,0,9,23.63,39.17
EMAIL,3,0,3,6.72,12.74
FILE,0,3,3,22.63,30.13
DATABASE,0,0,20,10.76,19.98
REST,1,2,9,12.18,22.35
EMAIL,5,2,7,26.63,39.38
REST,1,2,3,16.62,25.73
COMPUTE,1,2,18,16.51,37.21
REST,4,3,11,1.28,19.33
REST,2,2,3,25.52,36.89
COMPUTE,3,2,11,19.87,38.89
EMAIL,2,0,17,15.21,24.42
EMAIL,5,3,9,13.07,27.55
DATABASE,5,2,12,13.02,32.94
DATABASE,0,3,11,12.27,27.98
DATABASE,4,1,7,11.88,26.62
REST,2,2,14,27.24,41.5
DATABASE,1,0,11,4.4,12.86
FILE,0,1,18,7.47,15.56
DATABASE,2,1,19,4.07,17.85
REST,1,2,4,25.51,33.07
EMAIL,5,2,4,10.78,22.97
FILE,4,0,13,23.78,35.3
FILE,3,1,20,14.02,27.59
DATABASE,0,0,9,27.78,37.08
FILE,1,0,4,10.55,12.93
FILE,1,3,13,12.94,23.23
FILE,4,1,18,3.62,17.92
EMAIL,5,2,18,5.95,22.95
DATABASE,1,2,8,23.23,35.89
FILE,3,3,13,15.06,30.6
REST,1,3,8,26.24,39.53
DATABASE,2,1,12,29.54,41.98
DATABASE,1,3,12,5.67,22.79
FILE,1,3,15,22.37,35.84
DATABASE,1,1,7,23.03,34.46
DATABASE,2,2,13,23.78,40.98
REST,5,3,11,13.6,32.8
FILE,5,1,9,8.65,22.31
EMAIL,2,3,9,7.69,19.54
FILE,1,2,17,29.53,40.5
REST,1,2,8,2.12,10.48
COMPUTE,4,2,4,10.16,28.0
REST,0,0,19,8.88,17.04
REST,2,0,6,24.47,32.87
EMAIL,5,3,7,4.89,21.69
DATABASE,2,1,16,11.81,26.48
REST,0,2,7,17.32,24.44
FILE,4,2,17,11.3,26.04
EMAIL,5,1,19,19.41,35.05
COMPUTE,2,1,6,11.56,26.73
EMAIL,1,0,7,21.58,26.55
EMAIL,0,3,9,27.2,34.77
EMAIL,5,0,17,21.53,34.35
REST,2,3,5,3.25,16.33
EMAIL,1,2,15,18.76,27.09
FILE,1,3,10,28.77,39.09
REST,5,0,13,24.5,37.28
FILE,2,3,7,23.94,35.33
FILE,1,3,20,19.55,32.28
COMPUTE,2,2,4,22.68,39.48
COMPUTE,2,2,14,14.39,31.81
REST,2,1,14,29.13,38.83
COMPUTE,0,1,7,9.91,20.41
EMAIL,2,0,17,1.02,10.13
EMAIL,3,1,20,12.69,25.67
FILE,1,1,13,13.18,19.65
REST,4,3,14,2.62,20.42
EMAIL,2,0,10,12.41,16.75
COMPUTE,0,1,15,23.43,39.84
DATABASE,0,3,12,28.29,44.21
COMPUTE,1,0,6,10.78,21.13
EMAIL,4,1,8,16.7,27.59
COMPUTE,4,0,4,8.37,24.92
FILE,4,2,12,15.85,31.0
EMAIL,2,0,11,6.27,12.01
DATABASE,2,2,17,9.79,25.45
DATABASE,2,3,14,11.6,30.29
FILE,1,3,5,23.87,32.63
DATABASE,1,2,4,20.34,33.07
COMPUTE,5,3,15,5.59,31.19
COMPUTE,3,2,5,24.52,41.72
COMPUTE,3,3,12,11.95,32.68
EMAIL,4,0,14,3.51,15.4
EMAIL,2,2,15,16.13,28.22
REST,3,0,9,28.76,36.98
EMAIL,3,1,12,25.65,36.98
COMPUTE,5,0,5,1.71,20.54
FILE,4,0,8,18.24,25.22
EMAIL,1,2,19,28.14,38.92
COMPUTE,1,1,16,5.46,20.0
EMAIL,3,1,9,16.23,26.36
REST,5,3,7,10.38,26.06
DATABASE,0,0,4,20.13,24.69
EMAIL,1,1,3,15.07,21.09
DATABASE,0,1,15,17.68,28.79
DATABASE,1,0,6,18.11,27.95
REST,2,3,13,3.48,16.94
REST,2,0,11,20.65,29.74
COMPUTE,0,3,13,14.59,33.85
EMAIL,0,2,10,19.58,26.45
DATABASE,4,1,4,11.69,25.34
FILE,0,3,14,15.46,26.34
COMPUTE,2,0,4,3.11,15.63
REST,5,3,16,18.04,36.92
DATABASE,4,1,14,26.29,43.65
REST,2,2,14,22.62,37.79
DATABASE,3,1,18,11.68,26.64
COMPUTE,2,1,9,3.86,18.36
COMPUTE,0,2,11,10.18,27.11
FILE,3,1,6,22.1,31.42
DATABASE,4,1,18,27.34,44.4
EMAIL,2,0,18,8.6,17.34
EMAIL,2,0,4,12.33,17.94
FILE,4,3,7,10.9,26.84
COMPUTE,4,2,6,19.25,37.33
DATABASE,2,3,13,24.23,41.98
DATABASE,3,2,3,13.21,26.61
DATABASE,5,1,13,3.97,20.84
EMAIL,4,0,9,15.59,22.35
DATABASE,4,1,14,11.96,28.5
COMPUTE,2,2,14,25.16,44.96
EMAIL,3,0,10,28.11,34.02
EMAIL,1,1,3,6.56,12.31
REST,0,1,8,9.27,15.49
COMPUTE,2,1,7,24.58,40.53
REST,5,0,17,20.09,33.57
DATABASE,1,3,19,20.03,36.79
COMPUTE,0,2,20,19.05,36.65
FILE,2,1,8,25.61,33.19
FILE,0,1,12,28.3,34.05
EMAIL,2,0,10,17.93,25.75
DATABASE,1,2,4,4.13,16.16
DATABASE,1,2,8,20.72,31.98
DATABASE,2,0,13,10.62,23.67
COMPUTE,3,1,19,24.69,44.15
REST,5,3,11,12.53,29.73
FILE,1,0,12,14.85,20.91
EMAIL,0,1,9,16.91,22.82
DATABASE,0,2,13,20.41,33.42
DATABASE,1,1,14,27.86,39.45
REST,0,0,16,5.81,11.21
FILE,5,0,9,2.3,12.6
DATABASE,5,3,16,11.3,34.85
EMAIL,5,3,3,12.34,28.51
EMAIL,4,1,20,11.89,27.47
DATABASE,5,3,14,5.77,28.12
EMAIL,1,2,8,8.54,17.81
FILE,1,2,20,10.25,22.14
EMAIL,3,2,16,4.84,17.51
REST,4,3,9,19.15,37.75
FILE,2,2,10,2.1,12.64
EMAIL,1,2,10,20.26,29.25
FILE,1,0,16,28.16,33.52
EMAIL,0,3,9,15.94,23.31
DATABASE,3,3,8,2.83,21.43
EMAIL,2,1,7,27.22,32.39
REST,0,3,6,6.83,17.82
COMPUTE,0,0,11,28.09,38.8
FILE,3,0,7,4.04,11.77
REST,0,0,3,6.85,8.58
DATABASE,2,1,11,10.3,24.75
FILE,2,3,17,18.08,31.47
DATABASE,4,2,10,10.16,26.82
REST,5,1,18,16.23,32.0
EMAIL,3,0,17,22.02,32.07
DATABASE,2,0,5,17.36,27.69
DATABASE,1,3,9,29.91,44.32
DATABASE,4,2,15,29.29,48.47
FILE,5,3,12,2.2,19.83
EMAIL,1,3,13,8.35,19.84
COMPUTE,3,2,9,4.56,24.13
DATABASE,4,2,17,28.46,47.98
DATABASE,5,0,6,25.18,39.68
FILE,2,0,19,14.89,24.31
REST,1,0,12,15.41,23.93
EMAIL,1,2,15,7.85,16.52
FILE,4,1,7,2.34,11.52
COMPUTE,0,2,7,9.62,22.14
DATABASE,4,0,15,29.65,45.76
DATABASE,0,3,15,17.23,30.77
REST,1,0,4,24.2,28.37
DATABASE,3,2,18,18.11,38.35
EMAIL,3,1,18,27.56,40.06
COMPUTE,1,2,20,26.37,45.9
COMPUTE,3,2,8,4.14,21.12
REST,5,0,9,2.01,13.14
COMPUTE,3,2,14,29.93,52.4
EMAIL,0,0,5,2.69,3.04
DATABASE,0,0,18,3.3,13.86
FILE,5,0,5,6.56,16.14
DATABASE,0,3,20,1.37,16.76
COMPUTE,5,1,8,25.25,45.76
COMPUTE,2,3,16,27.13,49.5
FILE,5,1,14,16.41,28.68
COMPUTE,5,3,14,29.71,54.34
DATABASE,5,3,10,21.4,41.82
EMAIL,1,2,4,23.03,30.5
DATABASE,0,2,7,2.03,11.37
EMAIL,3,1,9,5.19,15.55
DATABASE,5,2,8,29.92,50.74
COMPUTE,0,3,8,22.52,37.69
FILE,4,3,20,10.37,28.13
REST,1,0,14,10.75,19.79
DATABASE,1,2,3,17.51,28.59
EMAIL,5,3,15,2.14,20.0
EMAIL,5,1,16,22.73,37.54
DATABASE,5,3,11,11.24,32.96
EMAIL,5,2,19,6.22,23.49
DATABASE,1,3,14,11.73,30.16
FILE,5,1,11,3.02,16.77
EMAIL,4,2,19,8.21,24.58
COMPUTE,0,0,18,4.71,16.18
EMAIL,1,2,13,16.35,24.22
EMAIL,2,3,19,13.29,28.53
FILE,4,1,18,25.85,38.29
EMAIL,1,3,8,15.91,26.13
REST,3,0,15,8.39,18.55
COMPUTE,4,2,15,20.2,44.11
FILE,3,3,19,23.05,40.81
REST,3,0,7,28.37,35.19
REST,2,0,12,11.24,20.16
COMPUTE,4,0,16,7.79,26.25
COMPUTE,5,2,10,26.02,50.11
FILE,0,0,9,1.98,4.84
EMAIL,1,0,18,8.09,13.12
DATABASE,5,1,6,25.41,40.57
DATABASE,2,2,4,11.46,24.77
EMAIL,0,2,4,29.27,32.54
COMPUTE,0,3,8,19.81,34.88
COMPUTE,0,0,20,13.59,25.79
FILE,0,1,11,16.67,23.69
FILE,4,2,13,13.49,29.16
COMPUTE,3,3,11,20.09,43.27
EMAIL,3,2,7,18.96,30.03
FILE,4,2,12,5.09,17.95
FILE,2,1,8,27.82,34.42
DATABASE,3,3,3,9.08,26.04
DATABASE,1,0,19,28.42,41.67
EMAIL,2,1,20,2.96,12.99
FILE,5,0,3,27.62,36.75
DATABASE,2,2,20,15.39,33.64
DATABASE,2,2,17,10.9,28.73
REST,0,2,9,20.77,27.97
REST,3,0,14,11.81,21.18
DATABASE,1,3,5,23.55,37.03
DATABASE,5,1,19,8.63,30.66
DATABASE,5,1,13,18.59,36.82
EMAIL,2,2,12,3.13,12.63
FILE,3,2,6,20.61,30.44
COMPUTE,0,1,5,26.97,38.99
FILE,2,0,16,21.35,29.86
REST,4,0,12,10.44,20.65
EMAIL,4,0,12,24.65,33.34
REST,4,0,20,23.07,35.88
EMAIL,2,0,19,23.68,32.2
DATABASE,3,1,8,7.55,22.28
EMAIL,4,3,9,26.12,41.58
COMPUTE,4,3,12,12.59,35.03
FILE,2,1,18,25.86,36.34
COMPUTE,2,1,9,2.57,18.71
EMAIL,4,3,4,2.93,14.22
REST,0,0,12,9.4,13.7
EMAIL,0,0,11,20.79,22.21
DATABASE,4,1,8,9.73,25.13
DATABASE,3,1,8,13.08,28.72
FILE,5,0,14,28.43,39.61
COMPUTE,4,1,15,16.16,35.61
COMPUTE,4,2,20,22.65,46.45
REST,3,0,8,24.3,31.9
FILE,4,3,5,14.95,28.14
REST,5,3,6,26.66,43.58
EMAIL,0,1,8,25.68,28.97
DATABASE,2,3,3,12.65,28.07
COMPUTE,1,1,17,18.58,36.77
COMPUTE,5,2,19,8.18,34.43
COMPUTE,2,2,6,8.9,25.74
REST,1,2,20,11.44,25.72
REST,2,0,14,22.7,32.48
EMAIL,5,1,6,18.1,30.05
COMPUTE,5,1,20,17.51,39.41
COMPUTE,0,1,8,8.07,19.46
COMPUTE,1,1,10,14.77,28.67
EMAIL,0,1,5,20.62,25.07
EMAIL,0,2,9,28.14,33.09
EMAIL,1,2,6,16.02,25.14
EMAIL,0,0,14,21.47,26.89
REST,0,2,8,7.53,14.26
REST,4,1,3,18.69,28.51
FILE,2,1,7,13.71,20.22
EMAIL,3,3,3,12.02,22.61
DATABASE,5,1,18,17.9,35.82
DATABASE,1,3,12,24.61,42.65
COMPUTE,4,3,11,13.79,37.46
EMAIL,1,3,6,27.89,36.1
FILE,3,2,12,24.12,35.24
DATABASE,4,1,10,18.62,33.45
DATABASE,0,3,4,17.89,31.08
DATABASE,0,3,13,27.8,42.03
COMPUTE,0,1,4,8.93,18.92
REST,2,1,8,14.25,25.22
DATABASE,2,0,13,3.38,17.02
EMAIL,3,3,16,17.87,34.93
EMAIL,2,0,9,12.07,19.26
EMAIL,0,1,18,24.57,30.71
COMPUTE,4,1,17,3.46,25.28
DATABASE,4,0,20,23.59,40.34
FILE,2,2,10,29.55,38.64
REST,1,1,5,23.14,29.57
DATABASE,5,3,7,11.21,30.54
EMAIL,2,1,6,12.49,20.65
REST,1,1,14,17.5,27.28
COMPUTE,3,3,8,4.01,25.71
COMPUTE,2,2,9,12.67,28.78
FILE,4,0,14,21.66,30.91
REST,4,2,7,17.77,31.84
REST,3,3,19,1.57,20.03
COMPUTE,3,1,16,2.79,22.62
FILE,3,0,9,14.25,23.32
EMAIL,5,3,16,5.13,24.89
DATABASE,5,0,16,26.12,44.62
FILE,4,2,20,5.81,23.35
FILE,3,3,6,20.65,33.8
DATABASE,0,0,4,21.0,25.32
FILE,5,1,17,22.89,35.71
EMAIL,1,0,20,17.66,24.6
FILE,4,1,20,3.27,16.62
REST,5,1,14,15.51,29.42
COMPUTE,1,2,4,10.4,26.84
REST,4,0,9,8.38,19.24
FILE,0,3,8,26.32,34.09
FILE,4,0,15,6.88,17.54
COMPUTE,0,0,13,15.68,29.26
DATABASE,0,3,19,23.36,38.09
EMAIL,4,1,5,22.19,30.38
FILE,5,0,12,29.41,40.49
EMAIL,1,1,6,13.93,20.72
FILE,1,3,12,17.59,28.73
COMPUTE,3,2,5,12.41,30.18
DATABASE,4,0,8,6.89,18.52
FILE,4,1,4,1.87,10.48
REST,2,1,3,1.31,7.8
COMPUTE,5,3,18,2.78,30.61
FILE,3,1,10,28.14,38.5
FILE,5,1,3,12.32,22.14
FILE,4,2,13,4.83,19.74
EMAIL,3,0,14,2.7,10.62
EMAIL,5,2,16,29.85,44.69
EMAIL,3,3,13,3.09,17.93
EMAIL,0,2,19,5.79,15.79
EMAIL,4,2,3,22.75,34.67
EMAIL,4,0,16,9.77,18.69
EMAIL,5,3,6,4.53,19.14
COMPUTE,3,2,9,24.03,41.42
FILE,3,0,11,16.86,23.44
COMPUTE,1,0,8,23.25,35.44
COMPUTE,3,3,7,28.54,48.45
FILE,4,0,20,20.89,34.28
COMPUTE,0,0,3,17.44,26.37
EMAIL,0,2,7,19.36,23.98
REST,0,2,16,12.68,25.11
REST,1,1,3,26.73,33.26
FILE,2,2,9,19.74,29.37
REST,3,0,14,11.24,23.46
REST,5,2,18,28.47,46.32
EMAIL,1,3,11,21.92,32.98
FILE,1,2,19,17.45,30.03
REST,3,2,13,8.61,21.94
FILE,5,1,12,6.88,19.82
EMAIL,2,1,8,19.6,27.18
COMPUTE,1,2,15,7.61,23.83
DATABASE,0,2,7,10.57,19.75
REST,4,0,15,10.17,24.5
EMAIL,4,0,20,21.02,32.08
COMPUTE,3,1,16,23.23,41.96
DATABASE,1,2,6,14.25,25.44
FILE,3,0,14,20.28,29.47
FILE,5,2,13,23.99,40.68
COMPUTE,2,3,12,21.68,40.89
REST,3,0,6,17.63,25.95
EMAIL,2,1,6,18.57,25.89
REST,0,2,11,24.61,35.59
FILE,1,0,14,12.84,19.59
DATABASE,3,3,8,17.11,33.38
FILE,5,1,17,26.92,39.99
COMPUTE,4,1,15,17.41,36.68
REST,3,3,9,4.18,17.81
DATABASE,4,0,18,24.63,42.47
COMPUTE,0,3,7,13.53,28.32
DATABASE,5,1,15,1.25,18.38
REST,0,0,6,12.77,17.09
REST,5,0,13,22.62,34.56
FILE,1,1,8,3.8,7.88
COMPUTE,2,3,15,17.19,40.67
EMAIL,3,3,20,10.49,26.57
DATABASE,2,1,9,7.69,21.62
REST,1,2,13,28.41,40.51
DATABASE,2,2,6,4.05,17.29
DATABASE,0,1,15,27.22,39.24
REST,5,2,17,6.07,22.74
FILE,4,3,14,9.12,27.14
DATABASE,1,0,7,3.8,12.62
EMAIL,2,3,3,8.38,19.68
REST,0,0,10,5.53,10.87
REST,3,0,5,2.05,11.38
REST,1,3,20,5.82,20.76
FILE,0,1,14,21.12,27.46
REST,2,0,13,9.95,20.19
EMAIL,2,1,20,17.09,29.94
REST,5,2,4,15.88,28.81
FILE,3,0,10,28.79,36.56
REST,3,1,13,12.67,26.24
EMAIL,2,2,10,11.75,20.06
DATABASE,5,0,19,16.89,35.5
EMAIL,0,3,12,9.21,18.0
EMAIL,3,0,4,25.7,29.69
REST,4,0,6,25.96,36.7
FILE,5,0,20,26.7,38.25
REST,3,1,5,15.17,27.1
FILE,1,0,18,20.98,25.99
EMAIL,3,0,20,12.12,23.55
REST,0,3,3,26.63,36.23
REST,3,3,16,3.8,21.29
DATABASE,0,0,19,27.62,36.64
DATABASE,5,0,20,25.21,44.63
COMPUTE,3,3,4,7.59,26.18
REST,0,0,13,24.83,32.68
FILE,4,3,14,27.49,44.49
EMAIL,5,0,4,26.17,34.88
EMAIL,4,3,14,9.66,25.67
EMAIL,4,2,9,18.94,31.06
DATABASE,0,0,14,2.27,10.08
DATABASE,2,1,17,29.29,44.86
DATABASE,1,1,4,16.35,26.37
DATABASE,0,2,7,10.32,20.1
REST,5,0,12,15.06,29.07
EMAIL,3,2,19,5.59,18.88
FILE,1,0,13,18.77,22.26
COMPUTE,3,2,18,7.52,31.01
EMAIL,5,0,13,3.14,14.87
EMAIL,5,0,6,11.43,21.98
DATABASE,0,2,19,15.79,29.15
FILE,0,2,8,5.74,11.66
DATABASE,0,2,15,5.14,19.55
REST,3,1,3,23.1,31.37
EMAIL,0,1,17,7.1,15.98
DATABASE,3,2,7,27.71,42.05
REST,0,1,10,23.58,31.44
REST,1,2,14,9.38,19.13
COMPUTE,0,1,20,25.76,43.11
EMAIL,3,1,14,25.67,34.67
COMPUTE,2,1,17,28.73,47.46
COMPUTE,2,1,11,27.9,42.99
FILE,3,3,15,20.81,35.88
COMPUTE,3,2,11,19.42,40.64
COMPUTE,5,0,10,4.03,24.38
COMPUTE,0,1,5,29.39,39.35
REST,3,1,18,11.36,23.97
FILE,5,2,20,8.8,28.02
FILE,3,2,5,14.61,25.79
FILE,0,3,8,23.96,32.59
DATABASE,4,3,7,3.69,22.89
FILE,5,0,13,29.43,39.68
COMPUTE,2,3,20,29.85,53.68
EMAIL,2,3,18,1.53,16.09
REST,1,2,12,1.13,11.79
EMAIL,3,1,20,17.22,28.71
EMAIL,1,0,15,11.68,18.06
EMAIL,0,1,6,6.75,11.33
EMAIL,2,3,6,5.27,17.41
EMAIL,2,0,6,28.46,34.67
REST,2,0,15,22.58,31.4
COMPUTE,3,2,4,4.11,22.97
DATABASE,2,3,8,21.07,39.16
COMPUTE,3,2,20,4.56,26.22
EMAIL,1,2,4,19.83,27.88
DATABASE,4,2,12,5.54,23.72
EMAIL,3,0,3,24.74,31.42
FILE,0,3,17,7.58,20.42
COMPUTE,0,1,15,15.93,30.94
FILE,2,3,3,7.24,18.42
REST,5,3,3,20.95,35.41
FILE,5,0,8,3.12,11.99
FILE,2,3,20,9.16,23.73
FILE,2,0,11,17.93,23.09
COMPUTE,3,2,7,3.22,21.06
FILE,0,1,20,10.59,19.4
COMPUTE,1,1,18,7.25,24.93
DATABASE,2,3,15,29.68,49.72
COMPUTE,3,2,19,8.51,32.65
DATABASE,0,2,5,18.8,27.44
EMAIL,5,2,9,1.08,14.41
DATABASE,0,1,13,21.01,30.7
DATABASE,4,2,12,10.16,29.5
REST,1,3,20,9.65,26.18
DATABASE,3,2,12,14.04,29.85
FILE,1,3,10,23.07,35.13
COMPUTE,4,1,10,4.38,23.07
COMPUTE,2,0,15,14.71,28.51
EMAIL,4,0,13,17.13,26.15
COMPUTE,1,2,17,16.96,36.31
DATABASE,3,1,4,11.22,25.2
COMPUTE,0,1,10,7.56,19.35
FILE,1,1,17,26.69,37.12
EMAIL,1,0,6,14.43,17.64
REST,3,2,14,4.89,20.15
REST,4,3,5,23.6,37.27
EMAIL,3,0,14,23.1,30.41
EMAIL,2,3,17,8.31,22.75
COMPUTE,0,3,5,9.94,27.34
COMPUTE,4,3,3,25.4,47.35
REST,5,3,4,27.12,44.18
DATABASE,3,1,20,23.77,40.45
EMAIL,1,2,4,13.6,21.98
DATABASE,4,2,5,2.7,19.34
REST,4,3,16,18.79,37.56
EMAIL,2,3,10,12.46,25.27
FILE,5,2,6,29.32,42.27
REST,1,1,16,1.17,11.92
COMPUTE,4,2,8,28.36,50.57
REST,2,3,19,23.92,41.54
DATABASE,4,0,3,28.51,42.28
EMAIL,2,3,8,13.51,24.24
REST,3,1,12,29.2,42.63
EMAIL,0,3,11,28.8,36.28
EMAIL,1,2,19,14.58,27.03
REST,3,2,3,24.98,36.63
DATABASE,2,3,6,21.31,38.79
FILE,0,0,7,2.29,5.36
COMPUTE,5,1,20,29.86,54.04
FILE,0,1,13,10.06,17.68
REST,5,1,18,25.59,42.66
FILE,1,3,4,25.67,34.94
DATABASE,3,0,16,16.42,30.57
FILE,5,1,10,16.21,30.46
FILE,5,0,3,26.69,34.82
FILE,2,0,9,21.54,25.47
COMPUTE,4,2,4,17.03,34.92
FILE,2,2,11,13.29,22.3
REST,1,3,12,16.97,31.64
COMPUTE,3,1,13,16.94,33.63
DATABASE,5,0,14,28.93,47.04
FILE,5,2,5,20.38,32.98
EMAIL,4,3,15,18.79,35.13
FILE,4,2,11,7.92,19.61
EMAIL,0,0,12,13.49,16.71
EMAIL,0,2,18,29.11,39.05
FILE,1,3,16,2.37,16.09
REST,5,3,16,15.1,35.57
DATABASE,5,2,18,21.37,42.99
FILE,3,3,10,1.63,14.35
REST,5,1,20,12.61,29.84
COMPUTE,2,1,17,9.29,26.95
REST,2,3,5,16.46,27.11
REST,0,2,8,14.15,21.63
EMAIL,2,2,20,22.36,34.12
EMAIL,1,2,10,23.49,32.69
COMPUTE,1,1,3,9.05,22.65
COMPUTE,2,3,4,28.74,46.27
FILE,2,0,6,28.12,34.67
REST,1,3,5,23.43,33.1
FILE,4,1,12,8.32,18.71
EMAIL,5,1,13,22.38,36.71
COMPUTE,0,0,16,20.55,33.53
COMPUTE,1,1,5,22.36,36.51
DATABASE,2,3,18,24.51,44.14
DATABASE,5,1,9,23.28,40.52
COMPUTE,0,3,6,29.0,43.03
COMPUTE,4,3,5,19.03,41.56
FILE,3,2,7,22.98,34.61
FILE,4,2,14,6.48,18.95
FILE,4,2,9,29.86,41.81
REST,3,3,19,23.8,43.91
REST,2,3,5,21.9,34.5
REST,4,0,12,20.06,31.2
COMPUTE,5,3,20,23.84,50.98
EMAIL,5,3,5,27.09,43.74
EMAIL,3,1,10,14.6,22.95
FILE,3,0,16,15.15,23.81
DATABASE,3,2,8,2.88,17.24
DATABASE,1,1,19,17.73,30.37
REST,3,0,14,7.13,18.56
DATABASE,4,2,7,29.13,46.05
FILE,2,3,9,4.05,13.93
FILE,5,3,20,22.35,42.08
REST,0,3,7,1.21,10.14
REST,2,3,16,29.32,44.66
EMAIL,4,2,6,20.0,30.12
FILE,0,1,9,12.04,16.88
COMPUTE,5,0,18,16.95,37.88
EMAIL,4,2,10,21.22,34.92
EMAIL,1,3,18,8.37,20.59
COMPUTE,0,0,15,2.23,13.33
DATABASE,4,3,16,24.08,45.72
REST,1,3,16,7.35,20.74
COMPUTE,0,2,3,25.99,37.63
EMAIL,0,0,10,28.48,31.84
DATABASE,4,2,16,3.69,24.85
EMAIL,2,0,12,17.42,22.49
FILE,5,2,16,15.11,30.15
EMAIL,0,0,9,21.84,24.77
FILE,3,1,4,26.1,35.26
COMPUTE,0,0,17,11.77,24.45
EMAIL,3,0,5,11.22,15.81
DATABASE,2,0,16,4.37,15.72
FILE,4,2,8,21.78,32.43
FILE,5,1,10,24.93,38.47
REST,3,3,11,25.19,42.84
DATABASE,1,3,3,18.57,31.04
DATABASE,0,0,16,3.36,11.95
FILE,2,3,15,5.75,17.49
REST,5,3,6,19.49,35.94
DATABASE,0,1,10,24.2,32.55
DATABASE,0,1,10,23.39,34.31
REST,3,0,8,5.07,12.53
REST,4,1,17,22.06,39.06
COMPUTE,3,0,13,25.54,42.23
REST,1,0,16,18.73,27.79
EMAIL,2,1,5,22.79,27.33
DATABASE,4,0,12,2.97,15.6
COMPUTE,0,1,8,17.87,29.4
REST,3,1,11,11.21,23.4
FILE,2,3,8,23.49,36.09
COMPUTE,3,3,20,4.93,28.66
REST,0,2,12,22.94,32.92
FILE,3,3,6,11.89,23.46
EMAIL,4,2,8,6.52,17.23
EMAIL,0,3,17,5.82,17.81
EMAIL,5,1,15,3.88,19.66
DATABASE,4,2,10,26.08,42.18
EMAIL,5,2,16,24.84,39.8
COMPUTE,2,0,20,18.92,35.58
FILE,1,3,9,26.42,35.31
FILE,0,0,18,20.97,27.62
DATABASE,3,2,8,27.57,43.74
REST,5,0,19,24.35,38.11
REST,1,3,6,19.75,29.05
EMAIL,5,1,18,19.97,36.69
REST,2,0,6,24.13,32.12
REST,0,1,3,9.95,15.39
REST,3,0,7,10.54,18.51
EMAIL,0,3,15,21.33,31.74
DATABASE,3,2,17,17.61,34.7
FILE,1,1,16,11.25,19.03
REST,0,2,9,3.1,9.84
REST,1,0,14,5.75,13.36
REST,4,1,13,12.45,24.96
DATABASE,0,0,10,8.57,14.97
COMPUTE,1,0,12,9.17,22.19
FILE,3,0,12,2.28,11.65
COMPUTE,5,0,13,20.67,39.84
EMAIL,2,3,3,16.41,25.13
DATABASE,1,0,5,17.3,27.11
DATABASE,1,2,9,7.91,20.4
REST,1,1,3,1.61,6.67
COMPUTE,4,2,17,1.34,26.22
REST,4,1,9,25.31,39.61
FILE,3,0,6,15.72,21.26
EMAIL,1,0,10,17.79,21.5
DATABASE,2,2,14,25.64,40.49
COMPUTE,1,0,9,16.02,27.32
REST,0,1,4,27.07,31.21
FILE,4,3,15,20.09,36.54
DATABASE,4,0,17,10.21,26.88
COMPUTE,2,3,20,25.89,48.97
FILE,4,1,20,1.05,15.16
EMAIL,4,0,4,8.42,14.18
DATABASE,2,1,17,17.39,32.56
EMAIL,0,3,16,4.67,16.56
FILE,1,3,11,12.77,22.71
REST,4,3,5,9.4,26.28
FILE,0,2,17,27.92,38.0
REST,5,1,9,20.83,36.82
REST,4,2,10,18.81,31.94
EMAIL,5,3,14,11.55,28.67
EMAIL,2,1,7,5.65,11.39
REST,1,1,19,23.33,35.98
FILE,5,0,4,10.07,19.29
DATABASE,5,3,20,3.59,29.33
EMAIL,5,0,16,25.22,38.91
FILE,4,2,7,16.83,30.08
REST,1,2,6,12.76,24.05
FILE,5,3,14,17.29,35.07
EMAIL,3,2,16,23.36,34.77
DATABASE,0,1,4,1.22,8.47
FILE,1,0,16,2.98,7.37
REST,0,0,20,26.29,35.75
COMPUTE,3,0,14,28.16,43.16
FILE,2,0,7,3.12,9.73
DATABASE,0,0,19,13.64,24.45
FILE,0,1,11,29.83,36.61
COMPUTE,5,3,7,3.86,26.35
COMPUTE,1,1,6,12.44,24.3
COMPUTE,1,1,10,19.69,33.15
REST,0,0,9,18.8,22.24
COMPUTE,0,0,16,27.2,41.57
COMPUTE,5,2,6,24.51,47.38
FILE,4,0,17,11.48,21.22
REST,5,1,10,11.77,25.2
REST,5,3,12,20.18,39.77
EMAIL,2,1,9,25.87,35.4
COMPUTE,1,1,13,7.49,22.97
REST,4,3,8,14.42,29.92
FILE,1,2,9,20.78,29.03
COMPUTE,1,3,11,8.95,27.9
FILE,2,1,5,27.39,33.6
FILE,0,2,4,21.28,24.75
FILE,5,3,20,23.89,44.96
DATABASE,2,2,17,5.92,21.18
FILE,5,0,10,19.79,31.23
REST,3,3,13,29.11,45.26
DATABASE,5,2,4,23.2,42.81
COMPUTE,4,3,10,24.07,45.83
EMAIL,3,0,4,12.61,16.9
EMAIL,1,3,8,27.92,39.16
EMAIL,4,3,8,1.96,15.23
EMAIL,3,2,13,14.94,25.47
FILE,1,3,7,13.36,21.19
COMPUTE,1,0,7,7.88,20.58
REST,5,1,10,23.45,37.56
REST,5,0,10,25.89,37.05
DATABASE,2,3,8,26.66,43.99
FILE,2,2,12,7.91,16.67
DATABASE,0,2,6,16.94,29.45
REST,1,1,15,21.97,31.24
EMAIL,5,3,10,5.16,23.08
EMAIL,0,1,6,4.61,9.17
REST,3,2,17,24.35,38.8
FILE,1,3,19,12.83,25.08
EMAIL,0,3,4,6.76,15.65
REST,1,2,16,14.37,26.87
COMPUTE,3,0,5,15.37,29.11
COMPUTE,1,3,3,22.57,39.54
DATABASE,4,3,11,25.7,46.61
FILE,3,0,9,8.52,15.91
FILE,3,2,16,21.17,34.55
REST,2,2,15,2.43,14.61
FILE,1,2,3,24.71,31.67
COMPUTE,4,0,11,29.56,44.95
DATABASE,1,0,7,28.61,39.0
EMAIL,2,0,20,27.85,37.62
FILE,2,2,12,6.79,16.92
COMPUTE,0,0,11,28.72,39.77
DATABASE,4,2,4,18.05,33.7
REST,1,0,16,18.62,26.93
EMAIL,1,0,7,28.39,30.92
EMAIL,4,0,10,11.7,20.75
DATABASE,3,0,9,23.13,36.0
REST,0,0,13,26.35,32.67
DATABASE,1,1,9,7.64,20.44
COMPUTE,3,2,6,25.09,44.26
REST,4,1,8,1.42,13.15
REST,4,2,14,23.43,40.96
EMAIL,0,3,3,25.7,31.51
DATABASE,0,0,20,23.25,34.38
FILE,4,0,18,6.98,18.28
COMPUTE,5,1,4,24.95,43.71
DATABASE,3,1,3,24.14,38.28
EMAIL,2,0,8,8.53,12.03
EMAIL,0,1,3,6.57,9.32
REST,3,1,7,25.28,34.26
REST,3,3,12,11.02,27.23
EMAIL,1,3,18,3.73,16.62
COMPUTE,3,0,11,1.43,15.76
COMPUTE,4,3,12,14.06,39.36
FILE,1,3,9,22.26,33.77
FILE,4,0,8,29.85,38.73
COMPUTE,5,0,5,20.64,36.73
REST,5,3,14,20.1,41.29
REST,0,0,19,13.5,21.04
EMAIL,2,0,20,16.63,26.52
EMAIL,1,2,20,5.95,18.04
DATABASE,0,3,3,9.14,21.82
REST,2,1,12,26.5,35.85
COMPUTE,4,0,15,23.59,43.48
REST,3,1,10,14.25,24.85
DATABASE,5,1,17,25.89,45.64
EMAIL,1,0,20,8.22,15.6
FILE,0,2,12,16.76,26.11
COMPUTE,5,0,17,13.97,32.64
REST,5,1,16,4.8,22.3
DATABASE,0,0,19,26.21,37.91
DATABASE,5,3,9,12.05,32.79
REST,2,0,13,15.36,25.3
FILE,2,3,10,9.79,20.25
DATABASE,5,3,12,22.83,43.43
COMPUTE,3,1,9,29.3,44.83
DATABASE,1,3,11,15.01,32.0
DATABASE,1,1,14,18.79,30.04
DATABASE,5,2,5,19.46,38.08
COMPUTE,2,0,6,3.82,17.38
REST,5,3,11,27.93,46.06
COMPUTE,0,3,3,1.98,16.5
COMPUTE,0,1,11,5.8,19.95
DATABASE,1,0,16,9.07,21.24
REST,5,1,11,5.93,19.75
EMAIL,5,0,17,10.62,22.1
DATABASE,4,0,11,4.4,19.45
REST,0,2,13,17.13,27.22
EMAIL,5,2,11,3.1,18.0
EMAIL,1,2,7,28.42,35.65
EMAIL,4,3,13,12.87,27.0
REST,3,0,4,15.43,21.51
COMPUTE,5,3,19,27.02,53.62
FILE,0,0,11,24.89,26.43
DATABASE,2,2,10,6.75,19.85
REST,1,2,13,2.3,14.81
FILE,1,1,5,3.54,7.21
COMPUTE,4,2,4,29.53,49.14
COMPUTE,3,0,9,29.48,44.49
EMAIL,0,1,17,12.89,18.73
REST,2,2,6,18.32,27.9
EMAIL,2,1,7,2.63,10.34
REST,1,3,17,28.73,43.67
DATABASE,0,0,11,17.86,25.74
EMAIL,5,3,12,1.02,17.83
EMAIL,2,2,13,21.03,32.98
EMAIL,1,1,18,10.68,20.83
FILE,1,2,17,6.3,16.7
DATABASE,5,0,6,25.31,37.81
EMAIL,1,1,13,18.21,23.9
COMPUTE,1,2,4,13.6,29.19
DATABASE,0,0,14,10.6,20.9
EMAIL,0,0,10,6.69,8.89
EMAIL,2,3,17,10.91,24.46
REST,2,1,18,1.71,13.67
COMPUTE,3,2,20,23.28,44.51
EMAIL,3,1,3,6.45,15.28
FILE,5,1,17,5.34,18.69
DATABASE,4,2,8,29.4,46.23
REST,1,0,5,28.8,32.27
FILE,5,3,8,1.08,16.99
EMAIL,1,1,17,7.22,15.67
COMPUTE,2,3,6,6.43,23.31
EMAIL,1,0,15,12.2,17.9
EMAIL,2,0,3,4.9,9.6
EMAIL,3,1,4,19.73,26.32
FILE,0,0,9,9.62,14.19
EMAIL,1,0,7,11.12,12.95
FILE,5,1,10,18.1,30.67
REST,4,3,13,13.84,31.02
DATABASE,1,2,12,1.85,16.93
FILE,0,0,11,4.11,6.4
REST,0,3,10,16.9,29.31
FILE,3,0,8,22.2,30.9
COMPUTE,2,0,3,1.97,11.94
EMAIL,2,0,11,19.35,25.7
COMPUTE,0,2,10,18.07,33.56
DATABASE,2,3,18,5.34,25.19
REST,2,1,16,19.95,33.16
FILE,1,1,7,15.79,20.53
COMPUTE,0,3,9,10.77,26.73
REST,1,0,16,1.17,8.99
REST,0,0,4,4.43,6.34
COMPUTE,5,3,8,27.08,50.3
DATABASE,4,3,18,21.34,44.28
COMPUTE,3,2,11,17.11,37.39
EMAIL,4,0,20,24.8,38.64
REST,0,3,3,5.85,13.86
REST,0,3,20,19.76,34.21
DATABASE,5,3,13,5.74,29.89
REST,0,0,20,3.04,12.11
REST,5,1,5,4.58,19.04
DATABASE,4,3,12,25.1,45.06
FILE,4,1,14,24.05,36.02
REST,0,2,18,25.94,37.33
EMAIL,1,3,11,12.97,25.13
FILE,5,2,12,7.7,23.36
EMAIL,3,3,18,2.64,19.97
COMPUTE,0,3,13,10.17,27.78
COMPUTE,5,0,9,13.59,33.21
DATABASE,1,2,15,4.01,19.43
COMPUTE,4,1,10,9.84,29.5
EMAIL,4,1,16,19.63,33.89
DATABASE,0,1,9,18.47,26.36
FILE,4,0,5,22.83,30.78
DATABASE,0,0,10,4.97,12.15
REST,1,2,16,2.16,15.79
EMAIL,0,0,13,23.19,29.01
COMPUTE,0,0,7,27.79,38.87
COMPUTE,1,1,4,3.14,14.67
FILE,2,1,17,24.77,33.24
EMAIL,5,3,19,17.41,38.54
DATABASE,4,2,7,1.56,17.19
COMPUTE,5,1,15,18.32,40.78
DATABASE,4,2,20,4.61,25.16
REST,0,3,18,11.13,24.59
DATABASE,4,2,8,24.2,42.67
DATABASE,1,0,14,15.63,28.16
FILE,1,2,20,26.9,37.43
DATABASE,4,2,5,15.2,30.4
EMAIL,0,0,16,2.96,6.54
REST,2,2,3,20.14,28.98
EMAIL,4,2,17,4.11,21.05
DATABASE,5,2,11,1.08,19.6
REST,1,1,14,13.66,23.24
FILE,2,1,16,23.71,35.3
FILE,1,0,13,7.5,14.51
EMAIL,5,2,11,23.99,38.33
DATABASE,5,0,3,17.5,31.67
FILE,5,3,16,19.56,37.0
DATABASE,0,0,8,22.33,28.11
COMPUTE,5,1,8,20.57,40.88
DATABASE,3,1,14,6.98,22.91
DATABASE,0,2,20,3.61,17.96
DATABASE,5,3,4,4.85,22.67
REST,5,1,14,29.66,44.71
REST,4,3,4,1.45,16.9
DATABASE,1,2,9,20.63,34.94
DATABASE,1,3,13,12.6,30.29
COMPUTE,4,3,8,6.32,26.96
REST,4,0,3,7.5,17.34
EMAIL,5,2,13,11.49,26.63
DATABASE,3,1,19,6.43,24.7
REST,5,2,14,18.06,35.84
DATABASE,5,2,6,6.96,25.28
EMAIL,0,3,17,20.87,33.88
FILE,4,3,10,25.44,40.96
COMPUTE,5,1,5,4.11,24.22
FILE,4,2,16,6.45,22.09
FILE,5,2,10,26.54,41.89
EMAIL,3,3,20,1.31,17.07
FILE,5,2,9,15.13,28.94
EMAIL,5,1,5,9.1,20.56
FILE,1,1,4,23.25,29.62
DATABASE,3,0,19,9.69,24.68
FILE,5,2,14,3.53,18.53
EMAIL,1,1,15,4.45,10.76
DATABASE,1,2,16,23.16,36.83
REST,2,0,18,12.89,22.56
EMAIL,1,1,9,27.01,32.86
DATABASE,4,3,18,19.54,41.55
COMPUTE,5,3,16,7.16,35.09
REST,5,2,14,12.99,29.85
COMPUTE,0,3,16,5.69,24.48
COMPUTE,2,0,4,5.47,16.41
COMPUTE,2,0,12,18.8,32.12
EMAIL,1,1,19,16.45,26.2
REST,3,0,9,18.55,29.33
FILE,5,1,16,3.34,16.38
FILE,2,1,19,7.8,19.86
REST,2,3,5,6.85,20.06
EMAIL,0,0,19,28.93,34.64
COMPUTE,1,0,12,5.39,16.91
COMPUTE,2,1,11,28.29,44.88
FILE,0,2,11,11.52,18.4
EMAIL,1,2,8,8.91,18.07
REST,4,3,10,19.91,38.24
REST,3,0,13,13.13,24.8
DATABASE,4,2,9,7.13,25.67
EMAIL,2,0,18,23.96,31.3
EMAIL,2,0,10,15.17,21.03
FILE,2,3,5,14.12,24.1
COMPUTE,2,3,11,6.25,28.07
REST,3,2,17,27.11,44.65
REST,5,0,17,12.37,27.23
EMAIL,2,1,7,3.08,9.71
EMAIL,0,3,13,25.37,33.5
DATABASE,4,1,18,21.6,41.05
REST,0,1,4,19.02,23.57
REST,3,3,15,28.06,43.07
COMPUTE,5,1,10,4.33,25.7
EMAIL,3,2,5,5.75,16.44
REST,2,2,8,11.5,23.48
REST,5,0,14,17.15,32.37
EMAIL,5,0,7,14.44,22.07
FILE,3,1,17,28.07,39.27
REST,4,2,13,9.66,26.88
COMPUTE,1,2,19,7.1,26.9
FILE,1,1,7,26.56,30.47
FILE,4,1,3,22.64,33.45
REST,1,3,16,24.22,38.36
REST,2,2,11,9.45,21.16
EMAIL,4,0,11,4.43,14.15
EMAIL,5,0,8,12.39,22.91
REST,0,2,6,12.31,18.19
DATABASE,5,1,10,2.88,21.52
DATABASE,0,2,19,22.23,36.84
FILE,3,1,3,6.82,16.11
COMPUTE,3,1,12,10.19,26.83
FILE,3,0,19,26.68,38.77
FILE,2,0,12,18.55,26.57
EMAIL,3,3,17,28.33,45.66
DATABASE,3,1,15,3.83,21.01
DATABASE,1,0,15,5.03,16.6
COMPUTE,4,1,19,15.72,35.71
REST,3,2,20,27.72,43.71
FILE,0,0,5,26.0,29.24
DATABASE,0,3,7,15.47,29.62
REST,4,3,3,25.23,41.71
DATABASE,4,3,16,9.97,30.72
REST,5,2,20,14.23,32.48
REST,5,0,4,4.67,14.58
DATABASE,3,2,12,21.18,36.71
REST,0,3,18,13.88,28.64
FILE,2,2,3,2.83,9.78
EMAIL,0,0,20,16.49,23.06
EMAIL,2,2,10,5.73,14.02
REST,1,3,13,27.38,39.65
DATABASE,5,1,10,6.07,24.53
FILE,1,2,18,20.59,29.83
COMPUTE,1,2,4,6.02,19.85
REST,5,0,3,14.94,24.47
REST,3,1,15,4.4,17.6
FILE,2,2,20,5.35,19.39
EMAIL,5,2,7,17.66,32.24
EMAIL,1,2,18,16.83,28.81
EMAIL,3,2,6,10.72,22.01
FILE,1,2,13,15.69,23.44
COMPUTE,5,3,3,25.9,47.25
COMPUTE,0,1,16,28.2,43.19
COMPUTE,0,3,9,29.7,44.97
DATABASE,5,3,20,14.08,37.8
DATABASE,5,0,14,1.52,19.86
COMPUTE,5,1,14,17.93,39.52
REST,1,3,6,19.2,31.52
REST,4,2,3,28.99,43.59
FILE,3,3,12,24.5,38.46
EMAIL,0,1,20,18.37,25.39
FILE,1,2,14,16.86,25.88
DATABASE,2,3,15,17.96,37.68
FILE,2,1,19,20.8,29.75
COMPUTE,5,0,16,28.78,50.76
REST,1,2,17,14.71,28.82
FILE,3,1,15,12.99,25.89
DATABASE,4,1,19,2.15,21.94
REST,4,2,10,9.79,22.84
DATABASE,1,2,5,2.65,15.71
FILE,3,1,4,5.11,11.76
DATABASE,0,0,11,29.56,38.82
REST,2,2,4,5.65,16.42
EMAIL,2,1,14,9.62,19.38
EMAIL,2,2,15,17.7,28.11
DATABASE,1,1,13,27.36,40.76
DATABASE,4,3,18,10.99,33.34
FILE,4,0,14,6.52,17.45
DATABASE,3,0,4,2.82,15.29
REST,4,1,4,28.24,40.98
REST,4,0,4,3.79,11.11
DATABASE,5,1,5,14.32,30.21
COMPUTE,3,0,15,24.78,40.44
EMAIL,2,3,16,23.07,38.09
DATABASE,0,0,4,8.29,13.95
REST,5,0,20,14.02,28.51
REST,0,1,18,1.76,10.07
EMAIL,3,0,17,17.69,28.81
EMAIL,3,0,9,25.37,30.9
REST,3,0,6,3.25,10.85
REST,3,1,5,22.13,31.99
COMPUTE,3,0,18,17.5,36.35
REST,5,0,10,10.98,23.25
EMAIL,0,0,13,29.42,31.68
EMAIL,5,2,13,21.38,37.5
COMPUTE,4,0,20,5.09,23.29
FILE,5,2,18,24.0,42.41
REST,3,3,15,24.69,40.78
REST,3,3,9,20.5,35.63
EMAIL,4,1,15,20.21,32.02
COMPUTE,2,0,12,1.64,17.37
DATABASE,5,1,13,11.81,29.89
FILE,2,1,17,12.92,24.61
REST,4,2,12,2.21,18.06
REST,4,3,4,6.62,22.64
EMAIL,1,1,9,13.92,20.95
REST,5,1,5,10.21,22.48
COMPUTE,5,1,5,24.03,42.64
DATABASE,1,0,14,12.07,21.36
EMAIL,5,1,13,13.5,28.5
DATABASE,4,1,6,29.01,43.69
FILE,0,2,17,14.42,22.75
REST,3,0,19,13.67,24.05
REST,0,3,10,18.31,30.7
COMPUTE,5,2,5,27.46,47.77
COMPUTE,0,2,9,4.44,18.4
DATABASE,4,3,12,3.95,25.73
COMPUTE,1,2,9,19.01,35.34
FILE,4,0,13,21.83,30.04
DATABASE,1,0,12,20.21,29.39
EMAIL,3,1,16,11.44,20.9
DATABASE,5,0,9,21.64,34.91
COMPUTE,2,0,17,23.47,40.44
COMPUTE,3,1,12,19.53,38.74
DATABASE,1,1,8,4.2,15.68
FILE,2,2,16,6.64,19.72
DATABASE,0,2,4,27.04,37.06
COMPUTE,1,3,11,28.24,45.64
EMAIL,2,2,15,23.78,37.19
REST,1,0,7,9.66,13.56
FILE,0,0,15,22.86,27.25
FILE,1,1,5,11.77,16.84
EMAIL,2,3,7,3.38,16.38
FILE,2,0,16,16.81,24.74
COMPUTE,2,0,19,17.2,34.38
REST,0,1,20,22.42,31.13
EMAIL,0,1,18,3.66,12.17
REST,0,1,3,11.19,17.14
FILE,2,2,5,26.65,34.51
DATABASE,3,3,17,15.6,36.66
EMAIL,5,2,15,15.09,29.23
COMPUTE,2,1,16,12.97,31.9
FILE,4,0,11,15.1,23.12
DATABASE,4,1,3,20.68,36.01
COMPUTE,5,3,20,27.51,55.25
EMAIL,2,2,8,22.37,31.63
REST,3,3,12,8.82,24.8
FILE,1,1,18,3.87,11.65
DATABASE,5,3,15,12.55,33.88
EMAIL,3,1,11,16.02,25.66
FILE,4,2,5,2.91,16.09
DATABASE,0,0,3,10.57,17.91
FILE,2,3,16,19.65,33.64
REST,3,3,11,19.96,34.68
FILE,0,1,5,8.65,12.99
REST,1,2,3,25.6,34.31
REST,5,2,17,5.61,24.69
REST,2,3,18,29.45,47.55
REST,1,1,12,16.7,26.53
REST,0,1,16,12.14,19.36
DATABASE,5,3,20,19.74,43.01
EMAIL,2,2,19,28.35,39.14
FILE,5,2,12,1.78,15.8
FILE,5,2,13,1.21,15.57
DATABASE,5,2,3,13.07,30.53
FILE,4,1,5,23.2,33.31
COMPUTE,4,3,8,28.28,50.56
FILE,1,1,18,17.6,28.23
DATABASE,1,2,8,11.85,26.66
COMPUTE,0,1,11,29.74,42.49
DATABASE,4,3,9,26.28,46.61
DATABASE,4,3,19,2.85,27.09
REST,1,0,19,23.96,34.24
REST,5,1,4,19.17,33.22
DATABASE,2,2,7,17.15,31.73
DATABASE,1,0,12,19.49,30.08
EMAIL,5,0,8,13.44,24.01
FILE,1,0,20,7.28,16.21
DATABASE,3,3,16,18.56,37.34
EMAIL,3,0,6,16.27,23.95
FILE,0,2,10,11.95,17.78
EMAIL,1,0,19,9.4,17.13
FILE,0,2,14,14.04,23.69
COMPUTE,1,3,11,24.42,42.15
COMPUTE,3,0,9,21.75,34.99
COMPUTE,2,3,8,16.23,34.14
EMAIL,4,3,8,16.95,32.18
DATABASE,2,3,5,24.78,41.5
REST,0,2,10,28.04,35.97
COMPUTE,5,2,10,22.26,45.51
EMAIL,0,2,17,6.15,15.79
EMAIL,3,0,17,19.36,28.01
COMPUTE,5,1,16,23.87,48.14
FILE,5,1,6,19.75,32.2
COMPUTE,4,3,8,5.7,27.64
EMAIL,1,1,13,27.97,36.14
EMAIL,0,2,4,4.71,8.86
REST,2,2,6,2.57,15.05
COMPUTE,3,3,17,20.35,42.27
REST,4,0,3,17.72,28.07
COMPUTE,0,1,4,12.54,24.45
EMAIL,0,1,9,29.16,32.17
FILE,3,1,13,29.35,37.89
DATABASE,3,3,18,2.4,22.51
REST,1,1,5,10.12,17.12
FILE,0,0,13,6.58,9.31
COMPUTE,1,3,12,13.75,31.27
FILE,0,2,13,3.26,11.05
REST,2,0,9,15.24,22.98
EMAIL,2,0,19,25.88,33.89
DATABASE,0,0,3,1.69,9.17
DATABASE,5,2,8,14.98,33.55
FILE,4,0,19,25.28,35.12
DATABASE,4,3,18,13.37,33.84
REST,5,0,7,29.22,40.47
REST,5,0,19,19.83,34.91
FILE,0,2,6,12.84,18.58
COMPUTE,4,3,6,4.49,25.09
COMPUTE,3,2,20,22.07,45.37
FILE,5,1,20,22.83,36.72
COMPUTE,4,0,14,5.12,22.34
EMAIL,2,0,17,27.11,34.74
EMAIL,1,2,10,5.76,15.41
COMPUTE,2,2,11,4.89,22.95
FILE,0,1,11,6.41,10.34
FILE,2,1,14,23.69,32.64
DATABASE,2,1,11,29.53,44.05
EMAIL,2,2,10,7.85,17.62
FILE,1,0,20,11.85,17.4
REST,3,2,6,29.89,42.39
EMAIL,5,1,6,8.92,19.08
DATABASE,1,0,8,15.49,26.03
COMPUTE,4,0,6,2.58,17.69
DATABASE,5,2,8,14.38,31.34
EMAIL,0,3,8,20.49,28.8
FILE,1,1,20,15.67,26.51
COMPUTE,0,0,15,11.92,24.23
DATABASE,3,2,4,18.2,31.45
DATABASE,4,2,9,7.4,23.1
FILE,2,1,7,19.84,28.01
REST,2,3,17,19.2,34.46
COMPUTE,4,0,15,9.86,30.12
COMPUTE,1,3,11,1.22,20.92
REST,5,3,6,25.16,41.93
FILE,2,2,17,15.67,29.19
FILE,3,1,20,22.99,34.41
EMAIL,4,3,4,6.89,18.38
REST,3,3,16,18.01,36.8
FILE,5,0,12,15.26,24.9
COMPUTE,4,2,3,28.02,45.89
FILE,4,3,11,24.29,41.2
DATABASE,0,0,9,15.65,23.44
FILE,5,2,17,10.39,25.79
REST,5,2,12,26.26,45.34
EMAIL,3,0,13,13.36,23.0
EMAIL,4,0,20,5.47,16.07
REST,4,2,19,21.38,39.78
REST,2,0,17,10.23,20.73
COMPUTE,3,1,17,11.44,31.03
DATABASE,2,0,16,14.29,28.4
COMPUTE,0,1,19,19.77,34.91
COMPUTE,1,3,12,10.45,28.69
REST,2,1,20,22.32,34.77
EMAIL,4,2,11,13.76,27.6
COMPUTE,5,2,12,24.75,47.44
EMAIL,1,0,19,7.1,13.26
COMPUTE,4,3,20,7.24,33.82
FILE,5,1,6,2.03,15.27
FILE,0,2,5,20.68,26.84
COMPUTE,2,0,14,11.9,25.39
EMAIL,4,0,9,2.53,11.74
EMAIL,0,2,13,16.74,22.92
EMAIL,0,1,14,23.78,28.69
REST,5,1,20,17.57,33.57
DATABASE,0,3,6,27.46,40.91
FILE,0,2,11,28.15,35.65
FILE,4,0,7,12.12,18.34
FILE,3,3,17,23.95,40.26
EMAIL,3,1,17,5.33,17.98
REST,3,0,4,13.89,22.72
FILE,4,3,15,14.4,29.38
FILE,4,2,13,25.56,39.89
DATABASE,1,0,5,18.78,28.04
DATABASE,4,1,20,8.78,28.36
REST,3,0,17,1.72,11.96
FILE,0,3,20,12.38,23.31
COMPUTE,4,2,5,23.34,44.03
DATABASE,2,2,7,19.71,35.51
REST,5,2,5,2.19,15.2
EMAIL,1,0,10,16.56,21.69
EMAIL,5,3,8,13.13,30.69
FILE,4,3,11,29.19,42.88
DATABASE,5,2,12,2.06,23.37
REST,1,1,12,28.48,38.64
REST,0,2,7,12.61,21.08
REST,2,1,13,17.23,27.9
REST,0,3,13,22.67,34.25
COMPUTE,0,2,14,29.16,46.14
COMPUTE,2,0,9,29.55,43.13
FILE,3,0,10,5.32,12.87
EMAIL,4,2,13,19.3,31.97
FILE,1,1,19,16.99,25.15
DATABASE,3,0,17,17.84,33.3
EMAIL,2,1,11,17.41,24.04
EMAIL,0,3,15,22.98,34.75
FILE,2,3,19,3.61,18.83
FILE,1,2,17,6.56,17.92
DATABASE,1,1,14,27.95,39.1
DATABASE,1,3,10,24.88,40.93
REST,2,1,9,19.23,28.34
EMAIL,2,1,10,5.57,13.36
COMPUTE,0,2,13,22.44,37.28
EMAIL,3,3,17,11.89,28.37
DATABASE,3,0,3,28.92,40.71
EMAIL,0,1,9,23.45,28.79
REST,5,0,10,7.8,19.33
EMAIL,1,0,5,27.8,32.07
EMAIL,2,2,8,6.44,16.62
DATABASE,0,3,12,19.59,35.39
DATABASE,1,1,5,23.96,33.0
EMAIL,0,2,16,23.29,33.44
DATABASE,2,3,19,3.14,21.11
DATABASE,5,2,7,18.06,36.61
DATABASE,3,1,7,11.63,24.19
DATABASE,5,0,9,12.19,27.33
FILE,1,2,11,7.74,17.48
REST,0,2,17,21.3,33.85
DATABASE,1,2,8,23.19,37.02
REST,3,1,19,8.77,22.7
EMAIL,1,0,9,29.31,34.66
FILE,5,1,6,18.83,29.14
REST,5,1,6,7.35,18.86
FILE,0,2,18,6.84,14.39
REST,1,1,13,1.16,9.49
EMAIL,4,1,3,3.08,13.92
COMPUTE,0,3,19,17.43,35.51
EMAIL,0,2,19,19.6,27.47
REST,1,0,14,27.3,34.61
EMAIL,4,2,10,1.41,14.83
REST,4,1,7,21.61,32.43
REST,3,2,4,22.3,32.6
COMPUTE,1,3,6,11.79,30.07
EMAIL,2,2,7,2.2,9.49
EMAIL,5,3,7,6.43,20.06
DATABASE,0,0,17,24.62,33.99
EMAIL,1,0,7,6.68,9.94
DATABASE,1,1,17,7.16,19.89
COMPUTE,1,2,16,17.03,34.31
EMAIL,5,1,5,5.26,18.04
FILE,4,2,19,6.36,22.55
FILE,2,0,14,11.04,17.78
DATABASE,0,3,18,23.41,40.71
FILE,5,1,13,10.43,22.27
EMAIL,2,1,12,18.7,25.55
FILE,3,2,15,23.99,36.87
REST,1,3,10,3.22,15.98
FILE,2,1,8,24.34,32.25
FILE,0,3,7,13.74,20.97
EMAIL,2,0,7,27.36,33.16
FILE,1,2,6,6.93,14.78
REST,1,3,11,3.2,15.83
FILE,5,2,13,8.72,25.34
REST,3,1,8,9.1,19.03
COMPUTE,1,0,20,29.66,43.61
COMPUTE,1,2,4,21.05,35.2
COMPUTE,2,2,13,13.85,31.6
DATABASE,3,1,18,12.6,31.4
REST,0,0,9,26.56,29.98
REST,5,1,15,27.55,42.84
FILE,0,3,16,9.52,18.59
REST,2,2,15,26.85,41.46
REST,1,3,18,18.61,33.25
FILE,4,3,12,17.61,32.74
FILE,3,2,15,11.87,26.76
COMPUTE,1,1,4,5.64,18.71
FILE,3,3,11,5.02,19.79
REST,5,2,8,12.52,28.13
DATABASE,5,3,13,24.12,47.56
COMPUTE,3,0,16,20.8,36.85
COMPUTE,2,3,20,18.98,43.37
DATABASE,5,1,20,19.45,40.59
REST,1,3,8,14.63,26.1
DATABASE,3,1,19,18.97,35.23
DATABASE,5,2,14,24.45,46.18
DATABASE,3,0,14,12.73,26.98
EMAIL,5,3,18,29.56,49.17
FILE,5,3,11,23.1,38.62
FILE,0,2,6,11.37,17.68
COMPUTE,2,3,11,6.86,27.22
COMPUTE,4,3,14,12.89,38.39
COMPUTE,2,2,14,4.43,23.0
EMAIL,4,1,19,26.0,38.9
COMPUTE,3,1,8,19.94,36.03
COMPUTE,4,2,3,7.57,25.77
COMPUTE,2,1,9,14.35,30.49
EMAIL,4,0,18,13.4,24.42
EMAIL,3,2,4,20.78,28.87
COMPUTE,4,0,3,1.3,14.64
COMPUTE,5,3,6,14.84,39.31
FILE,2,3,9,7.78,19.96
DATABASE,3,0,10,25.95,40.08
DATABASE,1,1,12,27.56,41.54
DATABASE,3,2,13,6.18,22.99
DATABASE,0,1,13,15.4,26.54
REST,2,1,12,29.82,39.06
COMPUTE,2,3,3,21.57,39.09
FILE,4,2,9,13.41,27.04
COMPUTE,3,3,19,20.07,46.16
REST,3,1,6,4.96,16.62
FILE,2,2,15,2.83,16.05
FILE,5,3,19,25.21,46.28
DATABASE,5,1,16,14.07,33.17
COMPUTE,2,2,4,10.2,26.9
EMAIL,0,1,4,17.43,21.7
FILE,3,2,4,2.04,10.85
DATABASE,1,1,18,14.16,29.46
FILE,5,2,5,25.45,38.5
REST,5,0,10,12.68,23.49
EMAIL,2,1,13,12.73,23.44
FILE,4,2,4,3.57,14.57
DATABASE,5,0,4,4.84,17.41
COMPUTE,4,0,19,29.95,51.62
FILE,5,2,7,11.68,27.05
REST,2,1,20,1.23,13.51
COMPUTE,3,3,8,11.96,33.24
REST,1,2,4,2.54,10.2
EMAIL,1,3,10,7.78,18.66
DATABASE,4,2,11,28.96,45.52
REST,4,2,6,20.97,33.1
COMPUTE,5,1,3,14.27,34.61
REST,4,3,8,8.63,25.99
FILE,0,3,7,5.06,14.2
REST,5,1,16,10.95,26.06
REST,3,3,20,24.57,44.84
EMAIL,3,0,4,21.12,25.58
FILE,0,0,14,26.67,32.68
REST,2,1,10,26.51,38.31
EMAIL,4,2,18,8.79,23.37
COMPUTE,0,2,13,10.55,26.06
FILE,5,2,10,29.43,43.62
COMPUTE,0,0,13,9.39,21.31
COMPUTE,3,0,4,25.71,40.51
REST,2,3,10,23.81,39.31
DATABASE,1,1,17,17.93,32.19
REST,1,2,12,10.64,22.37
DATABASE,0,2,11,10.73,22.39
DATABASE,3,3,9,5.85,25.85
EMAIL,0,2,5,9.94,15.37
DATABASE,0,1,12,14.79,23.43
COMPUTE,2,0,17,21.01,38.66
REST,4,3,19,16.1,35.32
FILE,0,3,17,19.48,30.54
REST,5,0,14,6.31,18.13
REST,1,0,18,17.6,25.77
EMAIL,2,0,14,24.0,32.34
REST,0,3,9,5.04,16.77
COMPUTE,0,1,12,21.48,34.47
DATABASE,5,2,20,18.72,43.15
FILE,4,0,20,18.13,31.07
REST,4,2,19,20.41,39.69
EMAIL,4,2,5,25.15,37.07
COMPUTE,4,3,14,19.86,44.35
FILE,5,2,9,12.07,26.68
EMAIL,2,2,5,4.72,11.8
DATABASE,2,2,6,13.68,28.82
COMPUTE,0,3,13,22.34,40.55
EMAIL,5,2,17,25.47,43.8
COMPUTE,2,1,15,11.69,28.18
DATABASE,1,1,17,14.98,27.07
DATABASE,4,1,7,24.84,40.22
COMPUTE,0,1,12,3.43,16.39
FILE,5,3,20,11.6,32.9
REST,1,2,20,16.74,30.73
FILE,1,2,8,22.45,29.9
REST,4,0,9,4.87,15.22
FILE,1,2,16,28.52,39.06
COMPUTE,0,2,7,15.92,29.94
REST,5,2,7,3.4,17.05
REST,5,0,5,26.97,36.63
FILE,3,2,9,2.14,14.51
COMPUTE,4,0,9,13.75,30.35
DATABASE,0,0,6,25.22,30.28
FILE,4,1,10,11.86,22.58
REST,2,0,12,20.51,28.66
EMAIL,3,1,20,13.83,27.32
REST,5,0,9,13.91,24.82
DATABASE,3,0,17,3.77,16.62
DATABASE,3,0,5,26.6,38.02
DATABASE,1,0,14,7.26,16.27
COMPUTE,0,3,11,28.91,44.22
COMPUTE,0,2,11,1.84,18.57
FILE,4,3,8,28.38,43.17
EMAIL,1,2,7,20.64,29.84
FILE,0,3,14,14.06,25.16
EMAIL,5,0,17,5.16,18.22
COMPUTE,1,3,10,1.89,19.57
DATABASE,4,0,4,23.01,35.64
EMAIL,4,0,18,26.35,39.46
EMAIL,5,2,16,3.33,17.68
DATABASE,3,0,4,26.01,38.15
FILE,4,2,18,18.92,34.81
EMAIL,2,2,16,21.47,34.8
REST,1,3,9,6.32,16.98
REST,4,0,11,1.46,12.31
EMAIL,3,0,7,27.07,34.38
DATABASE,5,2,15,25.03,44.85
FILE,0,1,7,23.76,28.05
REST,4,1,3,15.0,24.45
DATABASE,0,2,14,4.02,17.68
DATABASE,0,0,10,16.98,24.97
DATABASE,2,2,3,10.58,22.73
DATABASE,0,3,7,17.02,28.37
DATABASE,3,2,13,11.21,28.93
DATABASE,1,1,16,10.4,25.09
FILE,3,0,11,26.71,33.34
REST,3,0,11,27.96,39.07
FILE,0,3,13,27.02,36.55
EMAIL,3,3,13,20.93,33.96
DATABASE,0,1,9,8.0,17.61
COMPUTE,5,1,11,4.66,24.02
EMAIL,5,1,8,4.4,15.19
COMPUTE,5,1,13,26.63,47.07
DATABASE,3,2,17,28.68,45.61
EMAIL,1,3,15,2.4,15.52
COMPUTE,0,2,20,20.44,38.94
COMPUTE,3,3,3,12.18,29.79
DATABASE,4,1,20,28.58,45.77
FILE,1,3,13,19.37,30.7
COMPUTE,0,2,7,24.93,37.35
FILE,0,3,12,11.85,22.31
REST,2,2,3,12.94,24.46
COMPUTE,4,2,12,15.53,36.41
COMPUTE,4,3,16,27.34,51.1
FILE,0,0,18,7.62,14.77
FILE,3,3,10,6.88,21.59
REST,5,2,10,7.08,24.97
EMAIL,2,0,14,26.88,33.58
FILE,4,0,19,5.84,19.09
FILE,5,3,5,10.96,27.77
REST,1,2,16,23.48,36.96
REST,5,1,13,18.08,33.74
FILE,1,2,11,18.89,29.07
DATABASE,5,2,12,17.91,36.76
FILE,4,3,6,26.19,40.87
EMAIL,1,2,19,27.73,39.88
EMAIL,0,1,3,23.2,27.07
DATABASE,0,1,3,4.54,12.7
EMAIL,0,1,7,26.78,29.86
EMAIL,0,1,10,7.63,12.06
FILE,4,2,20,7.77,25.27
COMPUTE,5,0,14,9.9,30.96
FILE,3,2,11,20.62,31.05
REST,0,1,7,11.6,16.41
REST,5,2,20,9.21,28.05
FILE,2,2,6,22.34,29.73
REST,5,1,13,2.4,18.31
COMPUTE,0,1,11,12.78,24.17
FILE,4,1,19,7.76,22.6
REST,5,2,15,18.51,34.84
REST,2,3,11,3.49,16.37
EMAIL,4,2,3,28.9,37.97
FILE,3,3,19,16.7,32.45
FILE,2,0,20,25.34,36.32
REST,5,1,7,24.32,37.4
DATABASE,5,3,18,16.08,41.67
REST,4,2,13,12.38,29.42
COMPUTE,3,2,11,4.76,25.47
DATABASE,2,0,16,15.59,27.97
REST,3,1,11,17.08,30.32
DATABASE,2,1,17,25.83,38.93
EMAIL,2,3,15,28.81,42.99
FILE,0,1,11,13.96,21.02
EMAIL,1,0,14,12.92,19.5
COMPUTE,0,1,11,22.04,34.43
EMAIL,4,1,7,4.79,14.78
COMPUTE,4,0,4,2.47,18.8
REST,0,0,5,14.12,18.5
COMPUTE,4,1,14,28.38,49.73
EMAIL,2,3,16,18.17,30.48
FILE,5,2,20,19.36,38.45
REST,2,1,11,20.55,30.93
FILE,3,3,12,7.84,20.88
REST,0,0,17,6.85,13.17
EMAIL,0,0,5,19.47,20.85
REST,5,0,8,25.54,35.69
REST,2,0,19,13.51,23.05
EMAIL,5,0,17,25.1,38.3
REST,2,0,15,3.09,11.29
FILE,2,2,14,2.43,12.19
EMAIL,5,0,13,13.68,24.07
EMAIL,4,0,18,23.82,37.1
FILE,3,1,7,17.16,24.13
REST,2,0,19,5.84,17.14
EMAIL,2,3,13,11.63,22.72
FILE,1,3,4,21.09,30.82
FILE,3,2,7,29.33,40.91
EMAIL,4,3,7,10.65,22.97
EMAIL,2,3,13,4.87,18.37
EMAIL,3,1,9,19.37,27.54
DATABASE,2,1,16,19.95,33.99
FILE,5,2,17,19.87,34.49
EMAIL,5,1,13,12.38,26.55
DATABASE,3,1,12,26.33,42.0
REST,1,2,12,16.65,25.98
COMPUTE,4,0,3,8.33,24.46
EMAIL,5,3,12,26.18,42.52
EMAIL,1,1,11,26.04,33.48
DATABASE,3,0,18,27.28,42.05
COMPUTE,0,0,15,24.25,36.78
EMAIL,5,3,13,1.99,19.4
EMAIL,2,2,10,13.93,22.37
COMPUTE,3,2,9,4.93,22.63
COMPUTE,5,3,16,13.88,39.16
DATABASE,3,2,3,1.64,15.21
DATABASE,3,1,5,11.91,22.98
FILE,2,2,15,27.91,39.94
REST,5,3,16,23.63,43.18
DATABASE,1,0,17,11.51,21.41
EMAIL,2,1,13,3.79,11.58
EMAIL,0,1,20,14.42,23.85
EMAIL,5,3,20,15.1,36.04
FILE,0,0,8,12.18,14.61
FILE,5,2,6,8.33,22.25
COMPUTE,5,1,13,15.94,38.13
COMPUTE,2,0,17,19.12,33.47
COMPUTE,0,3,18,5.04,23.36
EMAIL,4,1,15,10.59,21.53
EMAIL,3,2,7,29.68,40.02
DATABASE,3,2,6,3.62,19.53
EMAIL,5,1,17,4.52,17.56
REST,2,2,13,21.74,33.7
FILE,0,3,15,19.01,30.26
FILE,1,1,8,2.31,7.64
COMPUTE,1,2,3,23.33,39.57
COMPUTE,3,3,15,9.67,34.55
DATABASE,4,2,11,12.51,31.58
EMAIL,5,2,20,18.12,37.39
REST,3,0,20,28.85,43.17
FILE,3,2,7,27.52,37.97
EMAIL,3,0,20,14.55,25.37
EMAIL,2,0,14,25.77,32.39
REST,4,2,19,7.83,25.9
FILE,1,1,18,13.9,22.9
DATABASE,2,1,17,18.79,32.49
REST,5,0,3,20.81,30.53
EMAIL,2,3,5,6.77,16.66
EMAIL,4,2,12,25.99,39.12
DATABASE,3,3,14,17.78,36.42
DATABASE,3,1,15,6.73,23.7
FILE,2,3,17,18.37,33.25
DATABASE,1,0,5,11.59,19.01
EMAIL,5,0,10,19.09,27.94
REST,2,0,19,27.11,37.37
COMPUTE,3,3,10,11.01,32.29
COMPUTE,5,3,10,4.82,30.81
REST,3,2,20,25.34,42.38
COMPUTE,0,0,15,2.84,14.5
COMPUTE,2,1,16,16.01,33.6
EMAIL,2,1,14,15.19,25.27
EMAIL,2,3,16,2.84,15.77
DATABASE,0,2,5,18.52,28.13
EMAIL,4,2,7,25.58,36.3
DATABASE,0,1,12,4.78,13.73
FILE,3,3,9,24.59,38.03
COMPUTE,3,2,15,2.86,25.47
DATABASE,3,1,7,27.68,42.24
EMAIL,4,1,10,2.85,12.5
REST,2,3,11,5.94,19.71
DATABASE,1,0,18,5.85,17.82
FILE,4,0,20,19.79,30.9
REST,1,0,18,23.7,31.78
FILE,3,2,12,22.46,34.36
COMPUTE,0,3,10,9.07,26.53
FILE,3,0,19,8.38,20.01
REST,4,3,13,12.77,29.07
FILE,0,1,14,16.02,22.74
FILE,4,3,4,18.36,32.21
REST,2,2,3,29.11,39.33
EMAIL,3,1,4,17.99,24.93
DATABASE,1,1,18,25.74,40.7
COMPUTE,4,2,11,8.54,28.37
REST,4,0,12,23.69,36.03
FILE,5,1,8,23.91,34.88
EMAIL,5,3,11,25.79,42.28
DATABASE,2,2,20,22.69,42.39
COMPUTE,4,0,19,3.83,25.3
EMAIL,3,2,10,25.47,38.89
DATABASE,4,3,10,27.15,46.43
FILE,3,1,10,25.06,34.31
COMPUTE,1,2,11,17.84,34.64
FILE,1,0,17,29.48,37.86
REST,0,0,7,17.42,21.02
EMAIL,2,1,10,27.64,35.16
DATABASE,0,3,5,22.46,35.68
REST,1,1,12,4.26,11.47
REST,3,1,16,4.15,18.66
EMAIL,1,0,15,8.95,13.93
COMPUTE,4,1,14,19.07,39.02
REST,3,2,18,27.99,44.21
COMPUTE,3,1,16,3.17,23.58
REST,5,3,7,25.7,45.19
REST,1,3,6,6.03,16.58
REST,4,3,13,19.5,35.99
EMAIL,1,1,8,1.47,9.33
EMAIL,2,0,9,21.17,26.71
EMAIL,5,1,15,11.7,24.79
REST,5,2,4,14.33,30.85
DATABASE,2,1,4,26.44,35.86
REST,4,2,14,20.21,37.01
DATABASE,1,2,14,6.21,21.06
EMAIL,1,1,8,4.7,12.37
COMPUTE,0,0,10,3.04,12.65
FILE,3,1,8,27.59,35.7
COMPUTE,2,3,6,6.28,24.07
EMAIL,2,2,12,8.74,17.87
REST,1,0,5,28.61,32.44
COMPUTE,5,2,9,13.58,37.14
REST,3,1,8,9.75,20.09
FILE,1,1,20,29.87,39.04
DATABASE,4,0,9,3.09,15.25
EMAIL,2,0,9,3.67,8.97
FILE,4,0,19,5.24,18.21
REST,1,3,8,2.2,12.38
DATABASE,5,0,6,13.54,27.39
COMPUTE,2,3,16,11.39,32.68
REST,5,3,19,20.96,41.22
REST,0,1,19,28.29,38.28
REST,1,0,4,25.21,31.39
DATABASE,3,1,6,3.22,15.53
FILE,2,3,11,11.03,21.75
FILE,1,0,19,27.56,36.19
EMAIL,3,2,13,10.56,24.89
COMPUTE,1,1,11,1.25,15.71
COMPUTE,5,1,14,18.63,38.38
FILE,2,3,7,14.53,24.71
EMAIL,4,2,10,16.53,30.42
COMPUTE,2,3,7,27.26,45.88
DATABASE,5,0,15,7.22,22.93
FILE,1,1,12,9.26,16.69
EMAIL,5,3,6,22.81,39.94
REST,2,0,19,13.79,24.1
FILE,4,3,13,5.26,22.81
FILE,4,3,7,19.86,32.05
REST,1,2,18,18.9,32.93
COMPUTE,3,2,10,9.17,29.61
DATABASE,1,2,20,1.26,17.67
